cell_id,month,feature,operational_value,climatological_median,climatological_mad,climatological_n_obs,raw_residual,robust_z_score
cell_00_00,2026-03,ndvi_mean,0.0867,0.0911,0.0009,3,-0.0044,-3.2898
cell_00_00,2026-03,ndbi_mean,0.0636,0.0472,0.0066,3,0.0164,1.6758
cell_00_00,2026-03,ndwi_mean,-0.1609,-0.1625,0.0022,3,0.0016,0.4903
cell_00_00,2026-03,viirs_avg_rad_mean,37.9768,29.5705,0.2366,3,8.4063,23.9645
cell_00_00,2026-03,era5_temperature_mean,23.5051,22.2202,0.4712,3,1.2849,1.8393
cell_00_00,2026-03,era5_precipitation_total,27.401,39.4606,26.5335,3,-12.0596,-0.3066
cell_00_00,2026-03,era5_wind_speed_mean,2.4575,2.5074,0.3299,3,-0.0499,-0.102
cell_00_01,2026-03,ndvi_mean,0.4042,0.3869,0.0411,3,0.0173,0.2839
cell_00_01,2026-03,ndbi_mean,-0.0308,-0.0327,0.0284,3,0.0019,0.0441
cell_00_01,2026-03,ndwi_mean,-0.4322,-0.3989,0.0149,3,-0.0333,-1.5058
cell_00_01,2026-03,viirs_avg_rad_mean,28.2764,26.2527,0.8263,3,2.0237,1.6519
cell_00_01,2026-03,era5_temperature_mean,23.5051,22.2202,0.4712,3,1.2849,1.8393
cell_00_01,2026-03,era5_precipitation_total,27.401,39.4606,26.5335,3,-12.0596,-0.3066
cell_00_01,2026-03,era5_wind_speed_mean,2.4575,2.5074,0.3299,3,-0.0499,-0.102
cell_00_02,2026-03,ndvi_mean,0.7094,0.5629,0.0022,3,0.1465,44.9067
cell_00_02,2026-03,ndbi_mean,-0.1467,-0.07,0.0302,3,-0.0767,-1.7138
cell_00_02,2026-03,ndwi_mean,-0.6744,-0.5622,0.0208,3,-0.1122,-3.6368
cell_00_02,2026-03,viirs_avg_rad_mean,27.1293,25.2582,1.3003,3,1.8711,0.9706
cell_00_02,2026-03,era5_temperature_mean,23.5051,22.2202,0.4712,3,1.2849,1.8393
cell_00_02,2026-03,era5_precipitation_total,27.401,39.4606,26.5335,3,-12.0596,-0.3066
cell_00_02,2026-03,era5_wind_speed_mean,2.4575,2.5074,0.3299,3,-0.0499,-0.102
cell_00_03,2026-03,ndvi_mean,0.6835,0.5474,0.016,3,0.1361,5.7373
cell_00_03,2026-03,ndbi_mean,-0.1437,-0.059,0.0069,3,-0.0847,-8.2769
cell_00_03,2026-03,ndwi_mean,-0.6373,-0.5343,0.0276,3,-0.103,-2.5173
cell_00_03,2026-03,viirs_avg_rad_mean,31.0696,27.9049,2.2091,3,3.1647,0.9662
cell_00_03,2026-03,era5_temperature_mean,23.5051,22.2202,0.4712,3,1.2849,1.8393
cell_00_03,2026-03,era5_precipitation_total,27.401,39.4606,26.5335,3,-12.0596,-0.3066
cell_00_03,2026-03,era5_wind_speed_mean,2.4575,2.5074,0.3299,3,-0.0499,-0.102
cell_00_04,2026-03,ndvi_mean,0.7318,0.6004,0.052,3,0.1314,1.7045
cell_00_04,2026-03,ndbi_mean,-0.1821,-0.0798,0.0171,3,-0.1023,-4.0347
cell_00_04,2026-03,ndwi_mean,-0.6682,-0.5655,0.0419,3,-0.1027,-1.6533
cell_00_04,2026-03,viirs_avg_rad_mean,27.65,21.5693,1.497,3,6.0807,2.7397
cell_00_04,2026-03,era5_temperature_mean,23.5051,22.2202,0.4712,3,1.2849,1.8393
cell_00_04,2026-03,era5_precipitation_total,27.401,39.4606,26.5335,3,-12.0596,-0.3066
cell_00_04,2026-03,era5_wind_speed_mean,2.4575,2.5074,0.3299,3,-0.0499,-0.102
cell_00_05,2026-03,ndvi_mean,0.5255,0.481,0.0272,3,0.0445,1.1039
cell_00_05,2026-03,ndbi_mean,-0.0559,-0.0422,0.0076,3,-0.0137,-1.2122
cell_00_05,2026-03,ndwi_mean,-0.5383,-0.4937,0.0273,3,-0.0446,-1.1028
cell_00_05,2026-03,viirs_avg_rad_mean,39.4004,32.0583,4.375,3,7.3421,1.1319
cell_00_05,2026-03,era5_temperature_mean,23.5051,22.2202,0.4712,3,1.2849,1.8393
cell_00_05,2026-03,era5_precipitation_total,27.401,39.4606,26.5335,3,-12.0596,-0.3066
cell_00_05,2026-03,era5_wind_speed_mean,2.4575,2.5074,0.3299,3,-0.0499,-0.102
cell_00_06,2026-03,ndvi_mean,0.3289,0.3092,0.0023,3,0.0197,5.7895
cell_00_06,2026-03,ndbi_mean,-0.0216,-0.0266,0.0062,3,0.005,0.5389
cell_00_06,2026-03,ndwi_mean,-0.371,-0.3465,0.0035,3,-0.0245,-4.7174
cell_00_06,2026-03,viirs_avg_rad_mean,48.8213,40.096,2.9869,3,8.7253,1.9703
cell_00_06,2026-03,era5_temperature_mean,23.5051,22.2202,0.4712,3,1.2849,1.8393
cell_00_06,2026-03,era5_precipitation_total,27.401,39.4606,26.5335,3,-12.0596,-0.3066
cell_00_06,2026-03,era5_wind_speed_mean,2.4575,2.5074,0.3299,3,-0.0499,-0.102
cell_00_07,2026-03,ndvi_mean,0.2499,0.2654,0.0008,3,-0.0155,-13.0523
cell_00_07,2026-03,ndbi_mean,0.0038,-0.0103,0.0007,3,0.0141,13.6069
cell_00_07,2026-03,ndwi_mean,-0.3035,-0.3173,0.0023,3,0.0138,4.0591
cell_00_07,2026-03,viirs_avg_rad_mean,57.642,53.6466,5.1585,3,3.9954,0.5224
cell_00_07,2026-03,era5_temperature_mean,23.5051,22.2202,0.4712,3,1.2849,1.8393
cell_00_07,2026-03,era5_precipitation_total,27.401,39.4606,26.5335,3,-12.0596,-0.3066
cell_00_07,2026-03,era5_wind_speed_mean,2.4575,2.5074,0.3299,3,-0.0499,-0.102
cell_00_08,2026-03,ndvi_mean,0.2833,0.2848,0.0006,3,-0.0015,-1.6625
cell_00_08,2026-03,ndbi_mean,-0.0001,-0.0066,0.007,3,0.0065,0.6252
cell_00_08,2026-03,ndwi_mean,-0.3529,-0.3509,0.0009,3,-0.002,-1.4841
cell_00_08,2026-03,viirs_avg_rad_mean,59.3217,58.4029,4.6176,3,0.9188,0.1342
cell_00_08,2026-03,era5_temperature_mean,23.5051,22.2202,0.4712,3,1.2849,1.8393
cell_00_08,2026-03,era5_precipitation_total,27.401,39.4606,26.5335,3,-12.0596,-0.3066
cell_00_08,2026-03,era5_wind_speed_mean,2.4575,2.5074,0.3299,3,-0.0499,-0.102
cell_00_09,2026-03,ndvi_mean,0.2057,0.1993,0.0005,3,0.0064,8.623
cell_00_09,2026-03,ndbi_mean,0.0308,0.031,0.006,3,-0.0002,-0.0215
cell_00_09,2026-03,ndwi_mean,-0.2898,-0.2764,0.0006,3,-0.0134,-15.1114
cell_00_09,2026-03,viirs_avg_rad_mean,59.3826,58.0384,3.7919,3,1.3442,0.2391
cell_00_09,2026-03,era5_temperature_mean,23.5051,22.2202,0.4712,3,1.2849,1.8393
cell_00_09,2026-03,era5_precipitation_total,27.401,39.4606,26.5335,3,-12.0596,-0.3066
cell_00_09,2026-03,era5_wind_speed_mean,2.4575,2.5074,0.3299,3,-0.0499,-0.102
cell_00_10,2026-03,ndvi_mean,0.2513,0.2433,0.0005,3,0.008,10.7457
cell_00_10,2026-03,ndbi_mean,0.0193,0.0055,0.0097,3,0.0138,0.9629
cell_00_10,2026-03,ndwi_mean,-0.3007,-0.2912,0.0055,3,-0.0095,-1.1677
cell_00_10,2026-03,viirs_avg_rad_mean,53.1407,53.283,2.4441,3,-0.1423,-0.0393
cell_00_10,2026-03,era5_temperature_mean,23.4861,22.2104,0.5112,3,1.2757,1.6833
cell_00_10,2026-03,era5_precipitation_total,25.6328,40.5181,26.2016,3,-14.8853,-0.3832
cell_00_10,2026-03,era5_wind_speed_mean,2.4442,2.5023,0.3197,3,-0.0581,-0.1225
cell_00_11,2026-03,ndvi_mean,0.5265,0.3665,0.0032,3,0.16,33.7256
cell_00_11,2026-03,ndbi_mean,0.0347,0.0932,0.0375,3,-0.0585,-1.0523
cell_00_11,2026-03,ndwi_mean,-0.5858,-0.4451,0.0274,3,-0.1407,-3.4627
cell_00_11,2026-03,viirs_avg_rad_mean,37.5296,36.1216,1.2915,3,1.408,0.7353
cell_00_11,2026-03,era5_temperature_mean,23.4861,22.2104,0.5112,3,1.2757,1.6833
cell_00_11,2026-03,era5_precipitation_total,25.6328,40.5181,26.2016,3,-14.8853,-0.3832
cell_00_11,2026-03,era5_wind_speed_mean,2.4442,2.5023,0.3197,3,-0.0581,-0.1225
cell_00_12,2026-03,ndvi_mean,0.3485,0.2927,0.0238,3,0.0558,1.5801
cell_00_12,2026-03,ndbi_mean,0.0143,0.0349,0.0079,3,-0.0206,-1.7552
cell_00_12,2026-03,ndwi_mean,-0.405,-0.3423,0.0191,3,-0.0627,-2.2141
cell_00_12,2026-03,viirs_avg_rad_mean,35.8575,29.7757,0.0545,3,6.0818,75.2688
cell_00_12,2026-03,era5_temperature_mean,23.4861,22.2104,0.5112,3,1.2757,1.6833
cell_00_12,2026-03,era5_precipitation_total,25.6328,40.5181,26.2016,3,-14.8853,-0.3832
cell_00_12,2026-03,era5_wind_speed_mean,2.4442,2.5023,0.3197,3,-0.0581,-0.1225
cell_00_13,2026-03,ndvi_mean,0.152,0.153,0.0062,3,-0.001,-0.1112
cell_00_13,2026-03,ndbi_mean,0.0674,0.0533,0.0035,3,0.0141,2.7231
cell_00_13,2026-03,ndwi_mean,-0.2277,-0.2241,0.0062,3,-0.0036,-0.3868
cell_00_13,2026-03,viirs_avg_rad_mean,41.4496,34.4393,2.2252,3,7.0103,2.1249
cell_00_13,2026-03,era5_temperature_mean,23.4861,22.2104,0.5112,3,1.2757,1.6833
cell_00_13,2026-03,era5_precipitation_total,25.6328,40.5181,26.2016,3,-14.8853,-0.3832
cell_00_13,2026-03,era5_wind_speed_mean,2.4442,2.5023,0.3197,3,-0.0581,-0.1225
cell_00_14,2026-03,ndvi_mean,0.1204,0.1188,0.0025,3,0.0016,0.4278
cell_00_14,2026-03,ndbi_mean,0.0655,0.053,0.0022,3,0.0125,3.8448
cell_00_14,2026-03,ndwi_mean,-0.194,-0.184,0.004,3,-0.01,-1.6861
cell_00_14,2026-03,viirs_avg_rad_mean,40.3926,34.9162,0.6651,3,5.4764,5.5537
cell_00_14,2026-03,era5_temperature_mean,23.4861,22.2104,0.5112,3,1.2757,1.6833
cell_00_14,2026-03,era5_precipitation_total,25.6328,40.5181,26.2016,3,-14.8853,-0.3832
cell_00_14,2026-03,era5_wind_speed_mean,2.4442,2.5023,0.3197,3,-0.0581,-0.1225
cell_00_15,2026-03,ndvi_mean,0.1003,0.0983,0.0001,3,0.002,13.7147
cell_00_15,2026-03,ndbi_mean,0.0672,0.0536,0.0107,3,0.0136,0.8582
cell_00_15,2026-03,ndwi_mean,-0.179,-0.1683,0.0008,3,-0.0107,-9.0464
cell_00_15,2026-03,viirs_avg_rad_mean,39.1936,36.8373,2.9509,3,2.3563,0.5386
cell_00_15,2026-03,era5_temperature_mean,23.4861,22.2104,0.5112,3,1.2757,1.6833
cell_00_15,2026-03,era5_precipitation_total,25.6328,40.5181,26.2016,3,-14.8853,-0.3832
cell_00_15,2026-03,era5_wind_speed_mean,2.4442,2.5023,0.3197,3,-0.0581,-0.1225
cell_00_16,2026-03,ndvi_mean,0.0802,0.0823,0.0043,3,-0.0021,-0.3257
cell_00_16,2026-03,ndbi_mean,0.0624,0.0507,0.0065,3,0.0117,1.2174
cell_00_16,2026-03,ndwi_mean,-0.1597,-0.1505,0.0046,3,-0.0092,-1.3487
cell_00_16,2026-03,viirs_avg_rad_mean,35.8265,32.8354,2.0291,3,2.9911,0.9943
cell_00_16,2026-03,era5_temperature_mean,23.4861,22.2104,0.5112,3,1.2757,1.6833
cell_00_16,2026-03,era5_precipitation_total,25.6328,40.5181,26.2016,3,-14.8853,-0.3832
cell_00_16,2026-03,era5_wind_speed_mean,2.4442,2.5023,0.3197,3,-0.0581,-0.1225
cell_00_17,2026-03,ndvi_mean,0.1034,0.1164,0.0021,3,-0.013,-4.1756
cell_00_17,2026-03,ndbi_mean,0.0677,0.0542,0.007,3,0.0135,1.2968
cell_00_17,2026-03,ndwi_mean,-0.1835,-0.185,0.0003,3,0.0015,3.4713
cell_00_17,2026-03,viirs_avg_rad_mean,32.9082,28.6457,1.0504,3,4.2625,2.7371
cell_00_17,2026-03,era5_temperature_mean,23.4861,22.2104,0.5112,3,1.2757,1.6833
cell_00_17,2026-03,era5_precipitation_total,25.6328,40.5181,26.2016,3,-14.8853,-0.3832
cell_00_17,2026-03,era5_wind_speed_mean,2.4442,2.5023,0.3197,3,-0.0581,-0.1225
cell_00_18,2026-03,ndvi_mean,0.1824,0.2025,0.0049,3,-0.0201,-2.766
cell_00_18,2026-03,ndbi_mean,0.0496,0.0362,0.009,3,0.0134,1.0006
cell_00_18,2026-03,ndwi_mean,-0.2524,-0.2647,0.0049,3,0.0123,1.6902
cell_00_18,2026-03,viirs_avg_rad_mean,25.5351,23.8998,2.6975,3,1.6353,0.4089
cell_00_18,2026-03,era5_temperature_mean,23.4861,22.2104,0.5112,3,1.2757,1.6833
cell_00_18,2026-03,era5_precipitation_total,25.6328,40.5181,26.2016,3,-14.8853,-0.3832
cell_00_18,2026-03,era5_wind_speed_mean,2.4442,2.5023,0.3197,3,-0.0581,-0.1225
cell_00_19,2026-03,ndvi_mean,0.4212,0.4217,0.009,3,-0.0005,-0.0368
cell_00_19,2026-03,ndbi_mean,-0.0963,-0.112,0.0011,3,0.0157,9.6475
cell_00_19,2026-03,ndwi_mean,-0.4331,-0.4339,0.0092,3,0.0008,0.0606
cell_00_19,2026-03,viirs_avg_rad_mean,15.2101,13.4578,1.4927,3,1.7523,0.7918
cell_00_19,2026-03,era5_temperature_mean,23.4861,22.2104,0.5112,3,1.2757,1.6833
cell_00_19,2026-03,era5_precipitation_total,25.6328,40.5181,26.2016,3,-14.8853,-0.3832
cell_00_19,2026-03,era5_wind_speed_mean,2.4442,2.5023,0.3197,3,-0.0581,-0.1225
cell_01_00,2026-03,ndvi_mean,0.131,0.1394,0.0008,3,-0.0084,-7.0524
cell_01_00,2026-03,ndbi_mean,0.0573,0.0397,0.0042,3,0.0176,2.8262
cell_01_00,2026-03,ndwi_mean,-0.1989,-0.1957,0.0021,3,-0.0032,-1.021
cell_01_00,2026-03,viirs_avg_rad_mean,40.5641,37.3522,2.3073,3,3.2119,0.9389
cell_01_00,2026-03,era5_temperature_mean,23.5051,22.2202,0.4712,3,1.2849,1.8393
cell_01_00,2026-03,era5_precipitation_total,27.401,39.4606,26.5335,3,-12.0596,-0.3066
cell_01_00,2026-03,era5_wind_speed_mean,2.4575,2.5074,0.3299,3,-0.0499,-0.102
cell_01_01,2026-03,ndvi_mean,0.2905,0.2959,0.0015,3,-0.0054,-2.4262
cell_01_01,2026-03,ndbi_mean,0.0279,0.0195,0.003,3,0.0084,1.8859
cell_01_01,2026-03,ndwi_mean,-0.3318,-0.3286,0.0039,3,-0.0032,-0.547
cell_01_01,2026-03,viirs_avg_rad_mean,37.7561,36.9167,3.7806,3,0.8394,0.1498
cell_01_01,2026-03,era5_temperature_mean,23.5051,22.2202,0.4712,3,1.2849,1.8393
cell_01_01,2026-03,era5_precipitation_total,27.401,39.4606,26.5335,3,-12.0596,-0.3066
cell_01_01,2026-03,era5_wind_speed_mean,2.4575,2.5074,0.3299,3,-0.0499,-0.102
cell_01_02,2026-03,ndvi_mean,0.4414,0.3944,0.0023,3,0.047,13.7717
cell_01_02,2026-03,ndbi_mean,-0.0504,-0.0292,0.0018,3,-0.0212,-7.9296
cell_01_02,2026-03,ndwi_mean,-0.4774,-0.4367,0.0032,3,-0.0407,-8.5754
cell_01_02,2026-03,viirs_avg_rad_mean,35.3938,38.7903,2.5229,3,-3.3965,-0.9081
cell_01_02,2026-03,era5_temperature_mean,23.5051,22.2202,0.4712,3,1.2849,1.8393
cell_01_02,2026-03,era5_precipitation_total,27.401,39.4606,26.5335,3,-12.0596,-0.3066
cell_01_02,2026-03,era5_wind_speed_mean,2.4575,2.5074,0.3299,3,-0.0499,-0.102
cell_01_03,2026-03,ndvi_mean,0.6027,0.5178,0.0037,3,0.0849,15.471
cell_01_03,2026-03,ndbi_mean,-0.11,-0.0707,0.0003,3,-0.0393,-88.2979
cell_01_03,2026-03,ndwi_mean,-0.5956,-0.5201,0.0072,3,-0.0755,-7.0706
cell_01_03,2026-03,viirs_avg_rad_mean,34.1762,35.2218,0.4451,3,-1.0456,-1.5844
cell_01_03,2026-03,era5_temperature_mean,23.5051,22.2202,0.4712,3,1.2849,1.8393
cell_01_03,2026-03,era5_precipitation_total,27.401,39.4606,26.5335,3,-12.0596,-0.3066
cell_01_03,2026-03,era5_wind_speed_mean,2.4575,2.5074,0.3299,3,-0.0499,-0.102
cell_01_04,2026-03,ndvi_mean,0.54,0.5164,0.0062,3,0.0236,2.5659
cell_01_04,2026-03,ndbi_mean,-0.1055,-0.098,0.0041,3,-0.0075,-1.236
cell_01_04,2026-03,ndwi_mean,-0.5376,-0.5113,0.0016,3,-0.0263,-11.0776
cell_01_04,2026-03,viirs_avg_rad_mean,29.6269,26.775,1.9669,3,2.8519,0.978
cell_01_04,2026-03,era5_temperature_mean,23.5051,22.2202,0.4712,3,1.2849,1.8393
cell_01_04,2026-03,era5_precipitation_total,27.401,39.4606,26.5335,3,-12.0596,-0.3066
cell_01_04,2026-03,era5_wind_speed_mean,2.4575,2.5074,0.3299,3,-0.0499,-0.102
cell_01_05,2026-03,ndvi_mean,0.5495,0.4892,0.0005,3,0.0603,81.2779
cell_01_05,2026-03,ndbi_mean,-0.0837,-0.0465,0.0067,3,-0.0372,-3.7499
cell_01_05,2026-03,ndwi_mean,-0.5476,-0.4915,0.0035,3,-0.0561,-10.8156
cell_01_05,2026-03,viirs_avg_rad_mean,40.4577,34.5001,0.9422,3,5.9576,4.2648
cell_01_05,2026-03,era5_temperature_mean,23.5051,22.2202,0.4712,3,1.2849,1.8393
cell_01_05,2026-03,era5_precipitation_total,27.401,39.4606,26.5335,3,-12.0596,-0.3066
cell_01_05,2026-03,era5_wind_speed_mean,2.4575,2.5074,0.3299,3,-0.0499,-0.102
cell_01_06,2026-03,ndvi_mean,0.3291,0.2743,0.0076,3,0.0548,4.8596
cell_01_06,2026-03,ndbi_mean,-0.0036,0.0154,0.0074,3,-0.019,-1.7355
cell_01_06,2026-03,ndwi_mean,-0.3685,-0.3182,0.0055,3,-0.0503,-6.1698
cell_01_06,2026-03,viirs_avg_rad_mean,50.2607,45.057,1.7786,3,5.2037,1.9734
cell_01_06,2026-03,era5_temperature_mean,23.5051,22.2202,0.4712,3,1.2849,1.8393
cell_01_06,2026-03,era5_precipitation_total,27.401,39.4606,26.5335,3,-12.0596,-0.3066
cell_01_06,2026-03,era5_wind_speed_mean,2.4575,2.5074,0.3299,3,-0.0499,-0.102
cell_01_07,2026-03,ndvi_mean,0.2217,0.2317,0.0009,3,-0.01,-7.4613
cell_01_07,2026-03,ndbi_mean,0.0279,0.0106,0.0009,3,0.0173,12.9472
cell_01_07,2026-03,ndwi_mean,-0.29,-0.2972,0.0051,3,0.0072,0.9567
cell_01_07,2026-03,viirs_avg_rad_mean,64.6393,60.5683,2.8398,3,4.071,0.9669
cell_01_07,2026-03,era5_temperature_mean,23.5051,22.2202,0.4712,3,1.2849,1.8393
cell_01_07,2026-03,era5_precipitation_total,27.401,39.4606,26.5335,3,-12.0596,-0.3066
cell_01_07,2026-03,era5_wind_speed_mean,2.4575,2.5074,0.3299,3,-0.0499,-0.102
cell_01_08,2026-03,ndvi_mean,0.2761,0.2979,0.0037,3,-0.0218,-3.967
cell_01_08,2026-03,ndbi_mean,0.0314,0.023,0.0061,3,0.0084,0.934
cell_01_08,2026-03,ndwi_mean,-0.3408,-0.3571,0.0002,3,0.0163,54.9413
cell_01_08,2026-03,viirs_avg_rad_mean,66.5357,61.3273,3.7971,3,5.2084,0.9252
cell_01_08,2026-03,era5_temperature_mean,23.5051,22.2202,0.4712,3,1.2849,1.8393
cell_01_08,2026-03,era5_precipitation_total,27.401,39.4606,26.5335,3,-12.0596,-0.3066
cell_01_08,2026-03,era5_wind_speed_mean,2.4575,2.5074,0.3299,3,-0.0499,-0.102
cell_01_09,2026-03,ndvi_mean,0.2106,0.225,0.0031,3,-0.0144,-3.1396
cell_01_09,2026-03,ndbi_mean,0.0333,0.0198,0.0015,3,0.0135,6.0553
cell_01_09,2026-03,ndwi_mean,-0.2831,-0.2842,0.0013,3,0.0011,0.5603
cell_01_09,2026-03,viirs_avg_rad_mean,61.3541,54.2391,2.8621,3,7.115,1.6767
cell_01_09,2026-03,era5_temperature_mean,23.5051,22.2202,0.4712,3,1.2849,1.8393
cell_01_09,2026-03,era5_precipitation_total,27.401,39.4606,26.5335,3,-12.0596,-0.3066
cell_01_09,2026-03,era5_wind_speed_mean,2.4575,2.5074,0.3299,3,-0.0499,-0.102
cell_01_10,2026-03,ndvi_mean,0.371,0.3751,0.0183,3,-0.0041,-0.1511
cell_01_10,2026-03,ndbi_mean,-0.0021,-0.0274,0.0093,3,0.0253,1.8355
cell_01_10,2026-03,ndwi_mean,-0.4153,-0.3974,0.0071,3,-0.0179,-1.6983
cell_01_10,2026-03,viirs_avg_rad_mean,51.0119,47.5654,0.5299,3,3.4465,4.3869
cell_01_10,2026-03,era5_temperature_mean,23.4861,22.2104,0.5112,3,1.2757,1.6833
cell_01_10,2026-03,era5_precipitation_total,25.6328,40.5181,26.2016,3,-14.8853,-0.3832
cell_01_10,2026-03,era5_wind_speed_mean,2.4442,2.5023,0.3197,3,-0.0581,-0.1225
cell_01_11,2026-03,ndvi_mean,0.4164,0.2883,0.014,3,0.1281,6.1725
cell_01_11,2026-03,ndbi_mean,0.0582,0.0947,0.0233,3,-0.0365,-1.0576
cell_01_11,2026-03,ndwi_mean,-0.4916,-0.3722,0.0258,3,-0.1194,-3.1228
cell_01_11,2026-03,viirs_avg_rad_mean,33.6272,32.9286,0.2823,3,0.6986,1.6691
cell_01_11,2026-03,era5_temperature_mean,23.4861,22.2104,0.5112,3,1.2757,1.6833
cell_01_11,2026-03,era5_precipitation_total,25.6328,40.5181,26.2016,3,-14.8853,-0.3832
cell_01_11,2026-03,era5_wind_speed_mean,2.4442,2.5023,0.3197,3,-0.0581,-0.1225
cell_01_12,2026-03,ndvi_mean,0.3579,0.3106,0.0047,3,0.0473,6.7829
cell_01_12,2026-03,ndbi_mean,0.0194,0.0243,0.0094,3,-0.0049,-0.3511
cell_01_12,2026-03,ndwi_mean,-0.4047,-0.3537,0.0025,3,-0.051,-13.7674
cell_01_12,2026-03,viirs_avg_rad_mean,34.3963,28.2846,1.9149,3,6.1117,2.1527
cell_01_12,2026-03,era5_temperature_mean,23.4861,22.2104,0.5112,3,1.2757,1.6833
cell_01_12,2026-03,era5_precipitation_total,25.6328,40.5181,26.2016,3,-14.8853,-0.3832
cell_01_12,2026-03,era5_wind_speed_mean,2.4442,2.5023,0.3197,3,-0.0581,-0.1225
cell_01_13,2026-03,ndvi_mean,0.1248,0.1443,0.0024,3,-0.0195,-5.4666
cell_01_13,2026-03,ndbi_mean,0.0567,0.0445,0.0025,3,0.0122,3.2906
cell_01_13,2026-03,ndwi_mean,-0.1895,-0.1974,0.0033,3,0.0079,1.6073
cell_01_13,2026-03,viirs_avg_rad_mean,37.66,33.8231,2.3881,3,3.8369,1.0837
cell_01_13,2026-03,era5_temperature_mean,23.4861,22.2104,0.5112,3,1.2757,1.6833
cell_01_13,2026-03,era5_precipitation_total,25.6328,40.5181,26.2016,3,-14.8853,-0.3832
cell_01_13,2026-03,era5_wind_speed_mean,2.4442,2.5023,0.3197,3,-0.0581,-0.1225
cell_01_14,2026-03,ndvi_mean,0.084,0.0877,0.0088,3,-0.0037,-0.2829
cell_01_14,2026-03,ndbi_mean,0.0637,0.0529,0.0062,3,0.0108,1.1801
cell_01_14,2026-03,ndwi_mean,-0.1557,-0.1529,0.0082,3,-0.0028,-0.2266
cell_01_14,2026-03,viirs_avg_rad_mean,38.5106,34.3363,0.5458,3,4.1743,5.1585
cell_01_14,2026-03,era5_temperature_mean,23.4861,22.2104,0.5112,3,1.2757,1.6833
cell_01_14,2026-03,era5_precipitation_total,25.6328,40.5181,26.2016,3,-14.8853,-0.3832
cell_01_14,2026-03,era5_wind_speed_mean,2.4442,2.5023,0.3197,3,-0.0581,-0.1225
cell_01_15,2026-03,ndvi_mean,0.1114,0.1142,0.0016,3,-0.0028,-1.1922
cell_01_15,2026-03,ndbi_mean,0.0591,0.0465,0.0083,3,0.0126,1.0264
cell_01_15,2026-03,ndwi_mean,-0.183,-0.1753,0.004,3,-0.0077,-1.2947
cell_01_15,2026-03,viirs_avg_rad_mean,39.4878,35.0113,0.6639,3,4.4765,4.548
cell_01_15,2026-03,era5_temperature_mean,23.4861,22.2104,0.5112,3,1.2757,1.6833
cell_01_15,2026-03,era5_precipitation_total,25.6328,40.5181,26.2016,3,-14.8853,-0.3832
cell_01_15,2026-03,era5_wind_speed_mean,2.4442,2.5023,0.3197,3,-0.0581,-0.1225
cell_01_16,2026-03,ndvi_mean,0.1344,0.1321,0.0045,3,0.0023,0.3416
cell_01_16,2026-03,ndbi_mean,0.0414,0.039,0.0023,3,0.0024,0.6985
cell_01_16,2026-03,ndwi_mean,-0.2072,-0.1981,0.0042,3,-0.0091,-1.4617
cell_01_16,2026-03,viirs_avg_rad_mean,38.8253,32.8789,1.1067,3,5.9464,3.6241
cell_01_16,2026-03,era5_temperature_mean,23.4861,22.2104,0.5112,3,1.2757,1.6833
cell_01_16,2026-03,era5_precipitation_total,25.6328,40.5181,26.2016,3,-14.8853,-0.3832
cell_01_16,2026-03,era5_wind_speed_mean,2.4442,2.5023,0.3197,3,-0.0581,-0.1225
cell_01_17,2026-03,ndvi_mean,0.0905,0.1145,0.0138,3,-0.024,-1.1714
cell_01_17,2026-03,ndbi_mean,0.0696,0.0477,0.0114,3,0.0219,1.2952
cell_01_17,2026-03,ndwi_mean,-0.1673,-0.1772,0.0126,3,0.0099,0.5316
cell_01_17,2026-03,viirs_avg_rad_mean,36.4021,30.0272,1.592,3,6.3749,2.7009
cell_01_17,2026-03,era5_temperature_mean,23.4861,22.2104,0.5112,3,1.2757,1.6833
cell_01_17,2026-03,era5_precipitation_total,25.6328,40.5181,26.2016,3,-14.8853,-0.3832
cell_01_17,2026-03,era5_wind_speed_mean,2.4442,2.5023,0.3197,3,-0.0581,-0.1225
cell_01_18,2026-03,ndvi_mean,0.2554,0.2611,0.0075,3,-0.0057,-0.5136
cell_01_18,2026-03,ndbi_mean,-0.0071,-0.0113,0.0061,3,0.0042,0.4623
cell_01_18,2026-03,ndwi_mean,-0.3086,-0.3108,0.0005,3,0.0022,2.906
cell_01_18,2026-03,viirs_avg_rad_mean,24.9375,23.9691,1.5235,3,0.9684,0.4287
cell_01_18,2026-03,era5_temperature_mean,23.4861,22.2104,0.5112,3,1.2757,1.6833
cell_01_18,2026-03,era5_precipitation_total,25.6328,40.5181,26.2016,3,-14.8853,-0.3832
cell_01_18,2026-03,era5_wind_speed_mean,2.4442,2.5023,0.3197,3,-0.0581,-0.1225
cell_01_19,2026-03,ndvi_mean,0.3448,0.322,0.01,3,0.0228,1.539
cell_01_19,2026-03,ndbi_mean,-0.0441,-0.0789,0.0015,3,0.0348,15.6604
cell_01_19,2026-03,ndwi_mean,-0.3581,-0.3395,0.0164,3,-0.0186,-0.7632
cell_01_19,2026-03,viirs_avg_rad_mean,17.4631,13.288,0.4737,3,4.1751,5.9448
cell_01_19,2026-03,era5_temperature_mean,23.4861,22.2104,0.5112,3,1.2757,1.6833
cell_01_19,2026-03,era5_precipitation_total,25.6328,40.5181,26.2016,3,-14.8853,-0.3832
cell_01_19,2026-03,era5_wind_speed_mean,2.4442,2.5023,0.3197,3,-0.0581,-0.1225
cell_02_00,2026-03,ndvi_mean,0.2998,0.2948,0.0016,3,0.005,2.0973
cell_02_00,2026-03,ndbi_mean,0.0112,0.006,0.0081,3,0.0052,0.4346
cell_02_00,2026-03,ndwi_mean,-0.3578,-0.3559,0.0116,3,-0.0019,-0.1108
cell_02_00,2026-03,viirs_avg_rad_mean,44.0933,43.276,2.7108,3,0.8173,0.2034
cell_02_00,2026-03,era5_temperature_mean,23.5051,22.2202,0.4712,3,1.2849,1.8393
cell_02_00,2026-03,era5_precipitation_total,27.401,39.4606,26.5335,3,-12.0596,-0.3066
cell_02_00,2026-03,era5_wind_speed_mean,2.4575,2.5074,0.3299,3,-0.0499,-0.102
cell_02_01,2026-03,ndvi_mean,0.4417,0.4178,0.0004,3,0.0239,40.3154
cell_02_01,2026-03,ndbi_mean,-0.0382,-0.0241,0.0028,3,-0.0141,-3.4034
cell_02_01,2026-03,ndwi_mean,-0.4711,-0.4546,0.0012,3,-0.0165,-9.2858
cell_02_01,2026-03,viirs_avg_rad_mean,39.9355,42.1188,1.9294,3,-2.1833,-0.7633
cell_02_01,2026-03,era5_temperature_mean,23.5051,22.2202,0.4712,3,1.2849,1.8393
cell_02_01,2026-03,era5_precipitation_total,27.401,39.4606,26.5335,3,-12.0596,-0.3066
cell_02_01,2026-03,era5_wind_speed_mean,2.4575,2.5074,0.3299,3,-0.0499,-0.102
cell_02_02,2026-03,ndvi_mean,0.4824,0.4534,0.0271,3,0.029,0.7224
cell_02_02,2026-03,ndbi_mean,-0.0335,-0.0405,0.0088,3,0.007,0.5331
cell_02_02,2026-03,ndwi_mean,-0.5223,-0.4946,0.0136,3,-0.0277,-1.372
cell_02_02,2026-03,viirs_avg_rad_mean,37.7605,42.2517,3.4202,3,-4.4912,-0.8857
cell_02_02,2026-03,era5_temperature_mean,23.5051,22.2202,0.4712,3,1.2849,1.8393
cell_02_02,2026-03,era5_precipitation_total,27.401,39.4606,26.5335,3,-12.0596,-0.3066
cell_02_02,2026-03,era5_wind_speed_mean,2.4575,2.5074,0.3299,3,-0.0499,-0.102
cell_02_03,2026-03,ndvi_mean,0.2579,0.2549,0.0014,3,0.003,1.4471
cell_02_03,2026-03,ndbi_mean,0.0191,0.0056,0.0047,3,0.0135,1.9424
cell_02_03,2026-03,ndwi_mean,-0.3,-0.2935,0.0042,3,-0.0065,-1.0373
cell_02_03,2026-03,viirs_avg_rad_mean,36.943,37.789,1.3713,3,-0.846,-0.4161
cell_02_03,2026-03,era5_temperature_mean,23.5051,22.2202,0.4712,3,1.2849,1.8393
cell_02_03,2026-03,era5_precipitation_total,27.401,39.4606,26.5335,3,-12.0596,-0.3066
cell_02_03,2026-03,era5_wind_speed_mean,2.4575,2.5074,0.3299,3,-0.0499,-0.102
cell_02_04,2026-03,ndvi_mean,0.318,0.2987,0.0029,3,0.0193,4.4816
cell_02_04,2026-03,ndbi_mean,0.0239,0.0218,0.0055,3,0.0021,0.2601
cell_02_04,2026-03,ndwi_mean,-0.3478,-0.3287,0.0074,3,-0.0191,-1.7368
cell_02_04,2026-03,viirs_avg_rad_mean,34.2483,29.2283,0.5238,3,5.02,6.4642
cell_02_04,2026-03,era5_temperature_mean,23.5051,22.2202,0.4712,3,1.2849,1.8393
cell_02_04,2026-03,era5_precipitation_total,27.401,39.4606,26.5335,3,-12.0596,-0.3066
cell_02_04,2026-03,era5_wind_speed_mean,2.4575,2.5074,0.3299,3,-0.0499,-0.102
cell_02_05,2026-03,ndvi_mean,0.5463,0.4728,0.0253,3,0.0735,1.9601
cell_02_05,2026-03,ndbi_mean,-0.0357,-0.0009,0.0124,3,-0.0348,-1.8946
cell_02_05,2026-03,ndwi_mean,-0.5734,-0.5098,0.0211,3,-0.0636,-2.033
cell_02_05,2026-03,viirs_avg_rad_mean,37.7474,31.8612,1.0248,3,5.8862,3.8741
cell_02_05,2026-03,era5_temperature_mean,23.5051,22.2202,0.4712,3,1.2849,1.8393
cell_02_05,2026-03,era5_precipitation_total,27.401,39.4606,26.5335,3,-12.0596,-0.3066
cell_02_05,2026-03,era5_wind_speed_mean,2.4575,2.5074,0.3299,3,-0.0499,-0.102
cell_02_06,2026-03,ndvi_mean,0.1767,0.1745,0.0078,3,0.0022,0.1933
cell_02_06,2026-03,ndbi_mean,0.097,0.086,0.0026,3,0.011,2.8449
cell_02_06,2026-03,ndwi_mean,-0.2854,-0.2721,0.0101,3,-0.0133,-0.8902
cell_02_06,2026-03,viirs_avg_rad_mean,53.9801,44.9125,1.1585,3,9.0676,5.2792
cell_02_06,2026-03,era5_temperature_mean,23.5051,22.2202,0.4712,3,1.2849,1.8393
cell_02_06,2026-03,era5_precipitation_total,27.401,39.4606,26.5335,3,-12.0596,-0.3066
cell_02_06,2026-03,era5_wind_speed_mean,2.4575,2.5074,0.3299,3,-0.0499,-0.102
cell_02_07,2026-03,ndvi_mean,0.0965,0.0989,0.0105,3,-0.0024,-0.1563
cell_02_07,2026-03,ndbi_mean,0.0911,0.0692,0.0039,3,0.0219,3.7832
cell_02_07,2026-03,ndwi_mean,-0.2281,-0.2253,0.0073,3,-0.0028,-0.2556
cell_02_07,2026-03,viirs_avg_rad_mean,66.8065,62.757,1.5758,3,4.0495,1.7333
cell_02_07,2026-03,era5_temperature_mean,23.5051,22.2202,0.4712,3,1.2849,1.8393
cell_02_07,2026-03,era5_precipitation_total,27.401,39.4606,26.5335,3,-12.0596,-0.3066
cell_02_07,2026-03,era5_wind_speed_mean,2.4575,2.5074,0.3299,3,-0.0499,-0.102
cell_02_08,2026-03,ndvi_mean,0.2285,0.2288,0.0041,3,-0.0003,-0.0438
cell_02_08,2026-03,ndbi_mean,0.0413,0.0344,0.0063,3,0.0069,0.7356
cell_02_08,2026-03,ndwi_mean,-0.3113,-0.3044,0.0038,3,-0.0069,-1.2298
cell_02_08,2026-03,viirs_avg_rad_mean,63.677,54.9853,2.6119,3,8.6917,2.2445
cell_02_08,2026-03,era5_temperature_mean,23.5051,22.2202,0.4712,3,1.2849,1.8393
cell_02_08,2026-03,era5_precipitation_total,27.401,39.4606,26.5335,3,-12.0596,-0.3066
cell_02_08,2026-03,era5_wind_speed_mean,2.4575,2.5074,0.3299,3,-0.0499,-0.102
cell_02_09,2026-03,ndvi_mean,0.1934,0.1982,0.0011,3,-0.0048,-2.9202
cell_02_09,2026-03,ndbi_mean,0.0422,0.0242,0.0045,3,0.018,2.6995
cell_02_09,2026-03,ndwi_mean,-0.2533,-0.2448,0.0002,3,-0.0085,-28.6354
cell_02_09,2026-03,viirs_avg_rad_mean,62.4877,52.1505,4.5945,3,10.3372,1.5175
cell_02_09,2026-03,era5_temperature_mean,23.5051,22.2202,0.4712,3,1.2849,1.8393
cell_02_09,2026-03,era5_precipitation_total,27.401,39.4606,26.5335,3,-12.0596,-0.3066
cell_02_09,2026-03,era5_wind_speed_mean,2.4575,2.5074,0.3299,3,-0.0499,-0.102
cell_02_10,2026-03,ndvi_mean,0.2874,0.291,0.0026,3,-0.0036,-0.9385
cell_02_10,2026-03,ndbi_mean,0.0279,0.0098,0.0025,3,0.0181,4.8844
cell_02_10,2026-03,ndwi_mean,-0.3511,-0.3325,0.001,3,-0.0186,-12.5592
cell_02_10,2026-03,viirs_avg_rad_mean,51.4063,48.4806,0.0357,3,2.9257,55.2765
cell_02_10,2026-03,era5_temperature_mean,23.4861,22.2104,0.5112,3,1.2757,1.6833
cell_02_10,2026-03,era5_precipitation_total,25.6328,40.5181,26.2016,3,-14.8853,-0.3832
cell_02_10,2026-03,era5_wind_speed_mean,2.4442,2.5023,0.3197,3,-0.0581,-0.1225
cell_02_11,2026-03,ndvi_mean,0.6458,0.5761,0.0032,3,0.0697,14.6847
cell_02_11,2026-03,ndbi_mean,-0.0722,-0.0824,0.0274,3,0.0102,0.2507
cell_02_11,2026-03,ndwi_mean,-0.6486,-0.597,0.0002,3,-0.0516,-173.9293
cell_02_11,2026-03,viirs_avg_rad_mean,31.9276,35.568,1.1091,3,-3.6404,-2.2139
cell_02_11,2026-03,era5_temperature_mean,23.4861,22.2104,0.5112,3,1.2757,1.6833
cell_02_11,2026-03,era5_precipitation_total,25.6328,40.5181,26.2016,3,-14.8853,-0.3832
cell_02_11,2026-03,era5_wind_speed_mean,2.4442,2.5023,0.3197,3,-0.0581,-0.1225
cell_02_12,2026-03,ndvi_mean,0.4325,0.3855,0.0083,3,0.047,3.8187
cell_02_12,2026-03,ndbi_mean,-0.0182,-0.035,0.0021,3,0.0168,5.3944
cell_02_12,2026-03,ndwi_mean,-0.4595,-0.4119,0.0029,3,-0.0476,-11.0753
cell_02_12,2026-03,viirs_avg_rad_mean,33.4736,28.9053,3.1931,3,4.5683,0.965
cell_02_12,2026-03,era5_temperature_mean,23.4861,22.2104,0.5112,3,1.2757,1.6833
cell_02_12,2026-03,era5_precipitation_total,25.6328,40.5181,26.2016,3,-14.8853,-0.3832
cell_02_12,2026-03,era5_wind_speed_mean,2.4442,2.5023,0.3197,3,-0.0581,-0.1225
cell_02_13,2026-03,ndvi_mean,0.2105,0.1732,0.0064,3,0.0373,3.9312
cell_02_13,2026-03,ndbi_mean,0.0229,0.028,0.0034,3,-0.0051,-1.0205
cell_02_13,2026-03,ndwi_mean,-0.271,-0.2385,0.0017,3,-0.0325,-12.8963
cell_02_13,2026-03,viirs_avg_rad_mean,35.0656,31.5307,4.1773,3,3.5349,0.5708
cell_02_13,2026-03,era5_temperature_mean,23.4861,22.2104,0.5112,3,1.2757,1.6833
cell_02_13,2026-03,era5_precipitation_total,25.6328,40.5181,26.2016,3,-14.8853,-0.3832
cell_02_13,2026-03,era5_wind_speed_mean,2.4442,2.5023,0.3197,3,-0.0581,-0.1225
cell_02_14,2026-03,ndvi_mean,0.4125,0.3351,0.0199,3,0.0774,2.6235
cell_02_14,2026-03,ndbi_mean,-0.0519,-0.0296,0.0213,3,-0.0223,-0.7077
cell_02_14,2026-03,ndwi_mean,-0.4488,-0.381,0.0013,3,-0.0678,-35.1716
cell_02_14,2026-03,viirs_avg_rad_mean,37.4142,34.8949,6.1297,3,2.5193,0.2772
cell_02_14,2026-03,era5_temperature_mean,23.4861,22.2104,0.5112,3,1.2757,1.6833
cell_02_14,2026-03,era5_precipitation_total,25.6328,40.5181,26.2016,3,-14.8853,-0.3832
cell_02_14,2026-03,era5_wind_speed_mean,2.4442,2.5023,0.3197,3,-0.0581,-0.1225
cell_02_15,2026-03,ndvi_mean,0.4412,0.317,0.0266,3,0.1242,3.1505
cell_02_15,2026-03,ndbi_mean,-0.0473,-0.0068,0.0045,3,-0.0405,-6.0717
cell_02_15,2026-03,ndwi_mean,-0.4764,-0.3696,0.0298,3,-0.1068,-2.4169
cell_02_15,2026-03,viirs_avg_rad_mean,37.6141,38.5183,9.7965,3,-0.9042,-0.0623
cell_02_15,2026-03,era5_temperature_mean,23.4861,22.2104,0.5112,3,1.2757,1.6833
cell_02_15,2026-03,era5_precipitation_total,25.6328,40.5181,26.2016,3,-14.8853,-0.3832
cell_02_15,2026-03,era5_wind_speed_mean,2.4442,2.5023,0.3197,3,-0.0581,-0.1225
cell_02_16,2026-03,ndvi_mean,0.3295,0.2329,0.0006,3,0.0966,108.5631
cell_02_16,2026-03,ndbi_mean,0.0108,0.0312,0.0001,3,-0.0204,-137.7238
cell_02_16,2026-03,ndwi_mean,-0.3855,-0.3104,0.0058,3,-0.0751,-8.7311
cell_02_16,2026-03,viirs_avg_rad_mean,36.0207,35.6181,5.5897,3,0.4026,0.0486
cell_02_16,2026-03,era5_temperature_mean,23.4861,22.2104,0.5112,3,1.2757,1.6833
cell_02_16,2026-03,era5_precipitation_total,25.6328,40.5181,26.2016,3,-14.8853,-0.3832
cell_02_16,2026-03,era5_wind_speed_mean,2.4442,2.5023,0.3197,3,-0.0581,-0.1225
cell_02_17,2026-03,ndvi_mean,0.0759,0.0953,0.0098,3,-0.0194,-1.3326
cell_02_17,2026-03,ndbi_mean,0.074,0.0598,0.0065,3,0.0142,1.4751
cell_02_17,2026-03,ndwi_mean,-0.1422,-0.153,0.0045,3,0.0108,1.6238
cell_02_17,2026-03,viirs_avg_rad_mean,34.4156,28.9308,2.26,3,5.4848,1.6369
cell_02_17,2026-03,era5_temperature_mean,23.4861,22.2104,0.5112,3,1.2757,1.6833
cell_02_17,2026-03,era5_precipitation_total,25.6328,40.5181,26.2016,3,-14.8853,-0.3832
cell_02_17,2026-03,era5_wind_speed_mean,2.4442,2.5023,0.3197,3,-0.0581,-0.1225
cell_02_18,2026-03,ndvi_mean,0.3101,0.2967,0.0001,3,0.0134,90.7084
cell_02_18,2026-03,ndbi_mean,-0.0318,-0.0389,0.0025,3,0.0071,1.9058
cell_02_18,2026-03,ndwi_mean,-0.3519,-0.3437,0.0075,3,-0.0082,-0.7365
cell_02_18,2026-03,viirs_avg_rad_mean,26.3358,21.4101,1.0377,3,4.9257,3.2016
cell_02_18,2026-03,era5_temperature_mean,23.4861,22.2104,0.5112,3,1.2757,1.6833
cell_02_18,2026-03,era5_precipitation_total,25.6328,40.5181,26.2016,3,-14.8853,-0.3832
cell_02_18,2026-03,era5_wind_speed_mean,2.4442,2.5023,0.3197,3,-0.0581,-0.1225
cell_02_19,2026-03,ndvi_mean,0.193,0.2477,0.0148,3,-0.0547,-2.4924
cell_02_19,2026-03,ndbi_mean,0.0537,-0.0053,0.0099,3,0.059,4.0208
cell_02_19,2026-03,ndwi_mean,-0.2338,-0.2758,0.0039,3,0.042,7.2687
cell_02_19,2026-03,viirs_avg_rad_mean,21.5996,13.4169,1.0578,3,8.1827,5.2176
cell_02_19,2026-03,era5_temperature_mean,23.4861,22.2104,0.5112,3,1.2757,1.6833
cell_02_19,2026-03,era5_precipitation_total,25.6328,40.5181,26.2016,3,-14.8853,-0.3832
cell_02_19,2026-03,era5_wind_speed_mean,2.4442,2.5023,0.3197,3,-0.0581,-0.1225
cell_03_00,2026-03,ndvi_mean,0.4472,0.414,0.0058,3,0.0332,3.8568
cell_03_00,2026-03,ndbi_mean,-0.0407,-0.0283,0.0011,3,-0.0124,-7.6116
cell_03_00,2026-03,ndwi_mean,-0.471,-0.4446,0.0076,3,-0.0264,-2.3463
cell_03_00,2026-03,viirs_avg_rad_mean,35.899,36.3579,2.2374,3,-0.4589,-0.1383
cell_03_00,2026-03,era5_temperature_mean,23.5051,22.2202,0.4712,3,1.2849,1.8393
cell_03_00,2026-03,era5_precipitation_total,27.401,39.4606,26.5335,3,-12.0596,-0.3066
cell_03_00,2026-03,era5_wind_speed_mean,2.4575,2.5074,0.3299,3,-0.0499,-0.102
cell_03_01,2026-03,ndvi_mean,0.6726,0.5416,0.0026,3,0.131,33.9782
cell_03_01,2026-03,ndbi_mean,-0.1192,-0.0255,0.0182,3,-0.0937,-3.471
cell_03_01,2026-03,ndwi_mean,-0.6473,-0.549,0.0138,3,-0.0983,-4.8054
cell_03_01,2026-03,viirs_avg_rad_mean,30.86,31.805,1.3698,3,-0.945,-0.4653
cell_03_01,2026-03,era5_temperature_mean,23.5051,22.2202,0.4712,3,1.2849,1.8393
cell_03_01,2026-03,era5_precipitation_total,27.401,39.4606,26.5335,3,-12.0596,-0.3066
cell_03_01,2026-03,era5_wind_speed_mean,2.4575,2.5074,0.3299,3,-0.0499,-0.102
cell_03_02,2026-03,ndvi_mean,0.4227,0.3299,0.0091,3,0.0928,6.8769
cell_03_02,2026-03,ndbi_mean,0.0013,0.024,0.002,3,-0.0227,-7.6477
cell_03_02,2026-03,ndwi_mean,-0.4642,-0.4019,0.0092,3,-0.0623,-4.5662
cell_03_02,2026-03,viirs_avg_rad_mean,29.5646,30.118,3.5684,3,-0.5534,-0.1046
cell_03_02,2026-03,era5_temperature_mean,23.5051,22.2202,0.4712,3,1.2849,1.8393
cell_03_02,2026-03,era5_precipitation_total,27.401,39.4606,26.5335,3,-12.0596,-0.3066
cell_03_02,2026-03,era5_wind_speed_mean,2.4575,2.5074,0.3299,3,-0.0499,-0.102
cell_03_03,2026-03,ndvi_mean,0.055,0.0738,0.0018,3,-0.0188,-7.0299
cell_03_03,2026-03,ndbi_mean,0.0909,0.0701,0.0089,3,0.0208,1.5728
cell_03_03,2026-03,ndwi_mean,-0.1215,-0.1416,0.0036,3,0.0201,3.7647
cell_03_03,2026-03,viirs_avg_rad_mean,34.9971,32.5015,2.6169,3,2.4956,0.6432
cell_03_03,2026-03,era5_temperature_mean,23.5051,22.2202,0.4712,3,1.2849,1.8393
cell_03_03,2026-03,era5_precipitation_total,27.401,39.4606,26.5335,3,-12.0596,-0.3066
cell_03_03,2026-03,era5_wind_speed_mean,2.4575,2.5074,0.3299,3,-0.0499,-0.102
cell_03_04,2026-03,ndvi_mean,0.2808,0.2715,0.0007,3,0.0093,8.9858
cell_03_04,2026-03,ndbi_mean,0.0513,0.0416,0.0029,3,0.0097,2.2583
cell_03_04,2026-03,ndwi_mean,-0.3261,-0.3127,0.0005,3,-0.0134,-18.0243
cell_03_04,2026-03,viirs_avg_rad_mean,35.5449,31.3167,3.9314,3,4.2282,0.7254
cell_03_04,2026-03,era5_temperature_mean,23.5051,22.2202,0.4712,3,1.2849,1.8393
cell_03_04,2026-03,era5_precipitation_total,27.401,39.4606,26.5335,3,-12.0596,-0.3066
cell_03_04,2026-03,era5_wind_speed_mean,2.4575,2.5074,0.3299,3,-0.0499,-0.102
cell_03_05,2026-03,ndvi_mean,0.6219,0.5213,0.0323,3,0.1006,2.1008
cell_03_05,2026-03,ndbi_mean,-0.0563,-0.0277,0.0162,3,-0.0286,-1.1919
cell_03_05,2026-03,ndwi_mean,-0.6333,-0.5559,0.016,3,-0.0774,-3.2642
cell_03_05,2026-03,viirs_avg_rad_mean,32.8655,30.9593,0.2626,3,1.9062,4.896
cell_03_05,2026-03,era5_temperature_mean,23.5051,22.2202,0.4712,3,1.2849,1.8393
cell_03_05,2026-03,era5_precipitation_total,27.401,39.4606,26.5335,3,-12.0596,-0.3066
cell_03_05,2026-03,era5_wind_speed_mean,2.4575,2.5074,0.3299,3,-0.0499,-0.102
cell_03_06,2026-03,ndvi_mean,0.265,0.2682,0.0003,3,-0.0032,-7.0964
cell_03_06,2026-03,ndbi_mean,0.0325,0.0215,0.0086,3,0.011,0.8661
cell_03_06,2026-03,ndwi_mean,-0.3245,-0.3117,0.0004,3,-0.0128,-21.5833
cell_03_06,2026-03,viirs_avg_rad_mean,58.7549,45.6303,3.0194,3,13.1246,2.9319
cell_03_06,2026-03,era5_temperature_mean,23.5051,22.2202,0.4712,3,1.2849,1.8393
cell_03_06,2026-03,era5_precipitation_total,27.401,39.4606,26.5335,3,-12.0596,-0.3066
cell_03_06,2026-03,era5_wind_speed_mean,2.4575,2.5074,0.3299,3,-0.0499,-0.102
cell_03_07,2026-03,ndvi_mean,0.189,0.2292,0.0123,3,-0.0402,-2.2048
cell_03_07,2026-03,ndbi_mean,0.0764,0.0579,0.0034,3,0.0185,3.6798
cell_03_07,2026-03,ndwi_mean,-0.2803,-0.3031,0.0123,3,0.0228,1.2521
cell_03_07,2026-03,viirs_avg_rad_mean,62.786,52.3968,1.5928,3,10.3892,4.3994
cell_03_07,2026-03,era5_temperature_mean,23.5051,22.2202,0.4712,3,1.2849,1.8393
cell_03_07,2026-03,era5_precipitation_total,27.401,39.4606,26.5335,3,-12.0596,-0.3066
cell_03_07,2026-03,era5_wind_speed_mean,2.4575,2.5074,0.3299,3,-0.0499,-0.102
cell_03_08,2026-03,ndvi_mean,0.3855,0.3537,0.0035,3,0.0318,6.13
cell_03_08,2026-03,ndbi_mean,0.009,0.0056,0.0032,3,0.0034,0.7084
cell_03_08,2026-03,ndwi_mean,-0.4433,-0.4022,0.0116,3,-0.0411,-2.3923
cell_03_08,2026-03,viirs_avg_rad_mean,57.1235,49.2716,6.7552,3,7.8519,0.784
cell_03_08,2026-03,era5_temperature_mean,23.5051,22.2202,0.4712,3,1.2849,1.8393
cell_03_08,2026-03,era5_precipitation_total,27.401,39.4606,26.5335,3,-12.0596,-0.3066
cell_03_08,2026-03,era5_wind_speed_mean,2.4575,2.5074,0.3299,3,-0.0499,-0.102
cell_03_09,2026-03,ndvi_mean,0.2725,0.2746,0.0042,3,-0.0021,-0.3369
cell_03_09,2026-03,ndbi_mean,0.0073,-0.0029,0.0047,3,0.0102,1.4685
cell_03_09,2026-03,ndwi_mean,-0.3245,-0.3186,0.0069,3,-0.0059,-0.5741
cell_03_09,2026-03,viirs_avg_rad_mean,59.3117,57.0829,0.5583,3,2.2288,2.6927
cell_03_09,2026-03,era5_temperature_mean,23.5051,22.2202,0.4712,3,1.2849,1.8393
cell_03_09,2026-03,era5_precipitation_total,27.401,39.4606,26.5335,3,-12.0596,-0.3066
cell_03_09,2026-03,era5_wind_speed_mean,2.4575,2.5074,0.3299,3,-0.0499,-0.102
cell_03_10,2026-03,ndvi_mean,0.2847,0.2814,0.0048,3,0.0033,0.4603
cell_03_10,2026-03,ndbi_mean,0.0105,0.0013,0.0027,3,0.0092,2.2918
cell_03_10,2026-03,ndwi_mean,-0.35,-0.3323,0.0037,3,-0.0177,-3.2347
cell_03_10,2026-03,viirs_avg_rad_mean,48.5082,52.3934,0.6761,3,-3.8852,-3.876
cell_03_10,2026-03,era5_temperature_mean,23.4861,22.2104,0.5112,3,1.2757,1.6833
cell_03_10,2026-03,era5_precipitation_total,25.6328,40.5181,26.2016,3,-14.8853,-0.3832
cell_03_10,2026-03,era5_wind_speed_mean,2.4442,2.5023,0.3197,3,-0.0581,-0.1225
cell_03_11,2026-03,ndvi_mean,0.3296,0.3161,0.0156,3,0.0135,0.5833
cell_03_11,2026-03,ndbi_mean,-0.0162,-0.0295,0.0027,3,0.0133,3.329
cell_03_11,2026-03,ndwi_mean,-0.3691,-0.3448,0.0018,3,-0.0243,-9.0892
cell_03_11,2026-03,viirs_avg_rad_mean,31.914,35.1427,0.924,3,-3.2287,-2.3568
cell_03_11,2026-03,era5_temperature_mean,23.4861,22.2104,0.5112,3,1.2757,1.6833
cell_03_11,2026-03,era5_precipitation_total,25.6328,40.5181,26.2016,3,-14.8853,-0.3832
cell_03_11,2026-03,era5_wind_speed_mean,2.4442,2.5023,0.3197,3,-0.0581,-0.1225
cell_03_12,2026-03,ndvi_mean,0.31,0.2771,0.014,3,0.0329,1.5874
cell_03_12,2026-03,ndbi_mean,-0.0148,-0.0272,0.0048,3,0.0124,1.7406
cell_03_12,2026-03,ndwi_mean,-0.3504,-0.3221,0.0109,3,-0.0283,-1.7493
cell_03_12,2026-03,viirs_avg_rad_mean,29.4921,27.4482,1.2099,3,2.0439,1.1394
cell_03_12,2026-03,era5_temperature_mean,23.4861,22.2104,0.5112,3,1.2757,1.6833
cell_03_12,2026-03,era5_precipitation_total,25.6328,40.5181,26.2016,3,-14.8853,-0.3832
cell_03_12,2026-03,era5_wind_speed_mean,2.4442,2.5023,0.3197,3,-0.0581,-0.1225
cell_03_13,2026-03,ndvi_mean,0.3671,0.2006,0.0255,3,0.1665,4.4043
cell_03_13,2026-03,ndbi_mean,0.0313,0.0133,0.0071,3,0.018,1.7108
cell_03_13,2026-03,ndwi_mean,-0.431,-0.2757,0.0362,3,-0.1553,-2.8927
cell_03_13,2026-03,viirs_avg_rad_mean,32.87,28.6872,5.79,3,4.1828,0.4873
cell_03_13,2026-03,era5_temperature_mean,23.4861,22.2104,0.5112,3,1.2757,1.6833
cell_03_13,2026-03,era5_precipitation_total,25.6328,40.5181,26.2016,3,-14.8853,-0.3832
cell_03_13,2026-03,era5_wind_speed_mean,2.4442,2.5023,0.3197,3,-0.0581,-0.1225
cell_03_14,2026-03,ndvi_mean,0.3881,0.3439,0.0462,3,0.0442,0.6459
cell_03_14,2026-03,ndbi_mean,0.088,0.0327,0.0702,3,0.0553,0.5317
cell_03_14,2026-03,ndwi_mean,-0.4673,-0.4071,0.0117,3,-0.0602,-3.472
cell_03_14,2026-03,viirs_avg_rad_mean,37.9791,32.3582,9.7458,3,5.6209,0.389
cell_03_14,2026-03,era5_temperature_mean,23.4861,22.2104,0.5112,3,1.2757,1.6833
cell_03_14,2026-03,era5_precipitation_total,25.6328,40.5181,26.2016,3,-14.8853,-0.3832
cell_03_14,2026-03,era5_wind_speed_mean,2.4442,2.5023,0.3197,3,-0.0581,-0.1225
cell_03_15,2026-03,ndvi_mean,0.3323,0.1948,0.0189,3,0.1375,4.9084
cell_03_15,2026-03,ndbi_mean,0.0577,0.0299,0.0007,3,0.0278,26.769
cell_03_15,2026-03,ndwi_mean,-0.3992,-0.2656,0.0015,3,-0.1336,-60.0689
cell_03_15,2026-03,viirs_avg_rad_mean,34.5097,32.9544,12.3856,3,1.5553,0.0847
cell_03_15,2026-03,era5_temperature_mean,23.4861,22.2104,0.5112,3,1.2757,1.6833
cell_03_15,2026-03,era5_precipitation_total,25.6328,40.5181,26.2016,3,-14.8853,-0.3832
cell_03_15,2026-03,era5_wind_speed_mean,2.4442,2.5023,0.3197,3,-0.0581,-0.1225
cell_03_16,2026-03,ndvi_mean,0.3893,0.3268,0.014,3,0.0625,3.013
cell_03_16,2026-03,ndbi_mean,0.0048,0.0375,0.0093,3,-0.0327,-2.3687
cell_03_16,2026-03,ndwi_mean,-0.4385,-0.3968,0.0155,3,-0.0417,-1.8127
cell_03_16,2026-03,viirs_avg_rad_mean,29.5099,26.2467,8.7665,3,3.2632,0.2511
cell_03_16,2026-03,era5_temperature_mean,23.4861,22.2104,0.5112,3,1.2757,1.6833
cell_03_16,2026-03,era5_precipitation_total,25.6328,40.5181,26.2016,3,-14.8853,-0.3832
cell_03_16,2026-03,era5_wind_speed_mean,2.4442,2.5023,0.3197,3,-0.0581,-0.1225
cell_03_17,2026-03,ndvi_mean,0.2583,0.269,0.0142,3,-0.0107,-0.5091
cell_03_17,2026-03,ndbi_mean,-0.0071,-0.0077,0.0059,3,0.0006,0.0645
cell_03_17,2026-03,ndwi_mean,-0.3014,-0.312,0.0089,3,0.0106,0.8046
cell_03_17,2026-03,viirs_avg_rad_mean,26.3475,20.1584,2.7227,3,6.1891,1.5332
cell_03_17,2026-03,era5_temperature_mean,23.4861,22.2104,0.5112,3,1.2757,1.6833
cell_03_17,2026-03,era5_precipitation_total,25.6328,40.5181,26.2016,3,-14.8853,-0.3832
cell_03_17,2026-03,era5_wind_speed_mean,2.4442,2.5023,0.3197,3,-0.0581,-0.1225
cell_03_18,2026-03,ndvi_mean,0.4098,0.4228,0.0173,3,-0.013,-0.5082
cell_03_18,2026-03,ndbi_mean,-0.0771,-0.1156,0.0243,3,0.0385,1.0697
cell_03_18,2026-03,ndwi_mean,-0.4178,-0.4182,0.0155,3,0.0004,0.0166
cell_03_18,2026-03,viirs_avg_rad_mean,19.8269,14.4444,0.6052,3,5.3825,5.9988
cell_03_18,2026-03,era5_temperature_mean,23.4861,22.2104,0.5112,3,1.2757,1.6833
cell_03_18,2026-03,era5_precipitation_total,25.6328,40.5181,26.2016,3,-14.8853,-0.3832
cell_03_18,2026-03,era5_wind_speed_mean,2.4442,2.5023,0.3197,3,-0.0581,-0.1225
cell_03_19,2026-03,ndvi_mean,0.2576,0.2505,0.013,3,0.0071,0.3674
cell_03_19,2026-03,ndbi_mean,0.0226,0.0002,0.008,3,0.0224,1.8867
cell_03_19,2026-03,ndwi_mean,-0.3021,-0.289,0.0044,3,-0.0131,-2.0062
cell_03_19,2026-03,viirs_avg_rad_mean,20.3113,14.8801,0.5844,3,5.4312,6.2684
cell_03_19,2026-03,era5_temperature_mean,23.4861,22.2104,0.5112,3,1.2757,1.6833
cell_03_19,2026-03,era5_precipitation_total,25.6328,40.5181,26.2016,3,-14.8853,-0.3832
cell_03_19,2026-03,era5_wind_speed_mean,2.4442,2.5023,0.3197,3,-0.0581,-0.1225
cell_04_00,2026-03,ndvi_mean,0.6327,0.5331,0.0048,3,0.0996,13.9937
cell_04_00,2026-03,ndbi_mean,-0.092,-0.0438,0.0026,3,-0.0482,-12.5052
cell_04_00,2026-03,ndwi_mean,-0.6213,-0.5381,0.015,3,-0.0832,-3.7431
cell_04_00,2026-03,viirs_avg_rad_mean,27.5231,27.2407,0.2923,3,0.2824,0.6516
cell_04_00,2026-03,era5_temperature_mean,23.5051,22.2202,0.4712,3,1.2849,1.8393
cell_04_00,2026-03,era5_precipitation_total,27.401,39.4606,26.5335,3,-12.0596,-0.3066
cell_04_00,2026-03,era5_wind_speed_mean,2.4575,2.5074,0.3299,3,-0.0499,-0.102
cell_04_01,2026-03,ndvi_mean,0.2633,0.2351,0.0019,3,0.0282,10.0179
cell_04_01,2026-03,ndbi_mean,-0.0192,0.0016,0.0029,3,-0.0208,-4.8449
cell_04_01,2026-03,ndwi_mean,-0.29,-0.2622,0.0074,3,-0.0278,-2.5304
cell_04_01,2026-03,viirs_avg_rad_mean,26.5054,29.6696,3.1756,3,-3.1642,-0.6721
cell_04_01,2026-03,era5_temperature_mean,23.5051,22.2202,0.4712,3,1.2849,1.8393
cell_04_01,2026-03,era5_precipitation_total,27.401,39.4606,26.5335,3,-12.0596,-0.3066
cell_04_01,2026-03,era5_wind_speed_mean,2.4575,2.5074,0.3299,3,-0.0499,-0.102
cell_04_02,2026-03,ndvi_mean,0.4136,0.2896,0.0172,3,0.124,4.8634
cell_04_02,2026-03,ndbi_mean,-0.0522,0.0015,0.002,3,-0.0537,-18.1107
cell_04_02,2026-03,ndwi_mean,-0.4444,-0.3446,0.0015,3,-0.0998,-44.8619
cell_04_02,2026-03,viirs_avg_rad_mean,27.5263,30.4221,1.6111,3,-2.8958,-1.2123
cell_04_02,2026-03,era5_temperature_mean,23.5051,22.2202,0.4712,3,1.2849,1.8393
cell_04_02,2026-03,era5_precipitation_total,27.401,39.4606,26.5335,3,-12.0596,-0.3066
cell_04_02,2026-03,era5_wind_speed_mean,2.4575,2.5074,0.3299,3,-0.0499,-0.102
cell_04_03,2026-03,ndvi_mean,0.2821,0.2537,0.0005,3,0.0284,38.2863
cell_04_03,2026-03,ndbi_mean,0.0084,0.0126,0.0038,3,-0.0042,-0.7368
cell_04_03,2026-03,ndwi_mean,-0.3263,-0.299,0.0063,3,-0.0273,-2.9255
cell_04_03,2026-03,viirs_avg_rad_mean,33.2404,32.826,0.59,3,0.4144,0.4738
cell_04_03,2026-03,era5_temperature_mean,23.5051,22.2202,0.4712,3,1.2849,1.8393
cell_04_03,2026-03,era5_precipitation_total,27.401,39.4606,26.5335,3,-12.0596,-0.3066
cell_04_03,2026-03,era5_wind_speed_mean,2.4575,2.5074,0.3299,3,-0.0499,-0.102
cell_04_04,2026-03,ndvi_mean,0.4193,0.3548,0.0062,3,0.0645,7.0201
cell_04_04,2026-03,ndbi_mean,-0.0185,-0.0144,0.0085,3,-0.0041,-0.3265
cell_04_04,2026-03,ndwi_mean,-0.452,-0.3987,0.0063,3,-0.0533,-5.7054
cell_04_04,2026-03,viirs_avg_rad_mean,31.603,26.7911,2.9274,3,4.8119,1.1087
cell_04_04,2026-03,era5_temperature_mean,23.5051,22.2202,0.4712,3,1.2849,1.8393
cell_04_04,2026-03,era5_precipitation_total,27.401,39.4606,26.5335,3,-12.0596,-0.3066
cell_04_04,2026-03,era5_wind_speed_mean,2.4575,2.5074,0.3299,3,-0.0499,-0.102
cell_04_05,2026-03,ndvi_mean,0.4343,0.4066,0.0076,3,0.0277,2.4542
cell_04_05,2026-03,ndbi_mean,-0.0133,-0.0234,0.0017,3,0.0101,4.0025
cell_04_05,2026-03,ndwi_mean,-0.4743,-0.4383,0.0026,3,-0.036,-9.3434
cell_04_05,2026-03,viirs_avg_rad_mean,38.1783,32.7319,1.5373,3,5.4464,2.3896
cell_04_05,2026-03,era5_temperature_mean,23.5051,22.2202,0.4712,3,1.2849,1.8393
cell_04_05,2026-03,era5_precipitation_total,27.401,39.4606,26.5335,3,-12.0596,-0.3066
cell_04_05,2026-03,era5_wind_speed_mean,2.4575,2.5074,0.3299,3,-0.0499,-0.102
cell_04_06,2026-03,ndvi_mean,0.1811,0.1942,0.0024,3,-0.0131,-3.6842
cell_04_06,2026-03,ndbi_mean,0.0462,0.0301,0.0027,3,0.0161,4.0314
cell_04_06,2026-03,ndwi_mean,-0.2384,-0.2425,0.0012,3,0.0041,2.3056
cell_04_06,2026-03,viirs_avg_rad_mean,60.7058,43.8772,0.0909,3,16.8286,124.8703
cell_04_06,2026-03,era5_temperature_mean,23.5051,22.2202,0.4712,3,1.2849,1.8393
cell_04_06,2026-03,era5_precipitation_total,27.401,39.4606,26.5335,3,-12.0596,-0.3066
cell_04_06,2026-03,era5_wind_speed_mean,2.4575,2.5074,0.3299,3,-0.0499,-0.102
cell_04_07,2026-03,ndvi_mean,0.2033,0.2142,0.0083,3,-0.0109,-0.8888
cell_04_07,2026-03,ndbi_mean,0.0352,0.0258,0.0082,3,0.0094,0.7753
cell_04_07,2026-03,ndwi_mean,-0.2794,-0.279,0.0082,3,-0.0004,-0.035
cell_04_07,2026-03,viirs_avg_rad_mean,60.5631,45.4057,2.6605,3,15.1574,3.8427
cell_04_07,2026-03,era5_temperature_mean,23.5051,22.2202,0.4712,3,1.2849,1.8393
cell_04_07,2026-03,era5_precipitation_total,27.401,39.4606,26.5335,3,-12.0596,-0.3066
cell_04_07,2026-03,era5_wind_speed_mean,2.4575,2.5074,0.3299,3,-0.0499,-0.102
cell_04_08,2026-03,ndvi_mean,0.3381,0.3132,0.0032,3,0.0249,5.2434
cell_04_08,2026-03,ndbi_mean,0.0147,-0.0009,0.0041,3,0.0156,2.5689
cell_04_08,2026-03,ndwi_mean,-0.3887,-0.3556,0.0056,3,-0.0331,-3.9824
cell_04_08,2026-03,viirs_avg_rad_mean,62.9643,49.0562,1.9003,3,13.9081,4.9365
cell_04_08,2026-03,era5_temperature_mean,23.5051,22.2202,0.4712,3,1.2849,1.8393
cell_04_08,2026-03,era5_precipitation_total,27.401,39.4606,26.5335,3,-12.0596,-0.3066
cell_04_08,2026-03,era5_wind_speed_mean,2.4575,2.5074,0.3299,3,-0.0499,-0.102
cell_04_09,2026-03,ndvi_mean,0.224,0.2348,0.0045,3,-0.0108,-1.6121
cell_04_09,2026-03,ndbi_mean,0.0515,0.0445,0.0009,3,0.007,5.2834
cell_04_09,2026-03,ndwi_mean,-0.3137,-0.3191,0.0076,3,0.0054,0.4795
cell_04_09,2026-03,viirs_avg_rad_mean,59.1939,58.1806,5.4831,3,1.0133,0.1247
cell_04_09,2026-03,era5_temperature_mean,23.5051,22.2202,0.4712,3,1.2849,1.8393
cell_04_09,2026-03,era5_precipitation_total,27.401,39.4606,26.5335,3,-12.0596,-0.3066
cell_04_09,2026-03,era5_wind_speed_mean,2.4575,2.5074,0.3299,3,-0.0499,-0.102
cell_04_10,2026-03,ndvi_mean,0.2187,0.2115,0.0204,3,0.0072,0.238
cell_04_10,2026-03,ndbi_mean,0.0733,0.0649,0.0054,3,0.0084,1.0544
cell_04_10,2026-03,ndwi_mean,-0.3198,-0.3119,0.0146,3,-0.0079,-0.3672
cell_04_10,2026-03,viirs_avg_rad_mean,39.7412,46.1636,2.4888,3,-6.4224,-1.7405
cell_04_10,2026-03,era5_temperature_mean,23.4861,22.2104,0.5112,3,1.2757,1.6833
cell_04_10,2026-03,era5_precipitation_total,25.6328,40.5181,26.2016,3,-14.8853,-0.3832
cell_04_10,2026-03,era5_wind_speed_mean,2.4442,2.5023,0.3197,3,-0.0581,-0.1225
cell_04_11,2026-03,ndvi_mean,0.1692,0.1602,0.002,3,0.009,3.0254
cell_04_11,2026-03,ndbi_mean,0.0574,0.0356,0.0062,3,0.0218,2.3746
cell_04_11,2026-03,ndwi_mean,-0.2296,-0.215,0.0011,3,-0.0146,-8.952
cell_04_11,2026-03,viirs_avg_rad_mean,29.1373,28.3913,1.2403,3,0.746,0.4057
cell_04_11,2026-03,era5_temperature_mean,23.4861,22.2104,0.5112,3,1.2757,1.6833
cell_04_11,2026-03,era5_precipitation_total,25.6328,40.5181,26.2016,3,-14.8853,-0.3832
cell_04_11,2026-03,era5_wind_speed_mean,2.4442,2.5023,0.3197,3,-0.0581,-0.1225
cell_04_12,2026-03,ndvi_mean,0.2294,0.1521,0.0119,3,0.0773,4.3793
cell_04_12,2026-03,ndbi_mean,0.0169,-0.0083,0.0105,3,0.0252,1.618
cell_04_12,2026-03,ndwi_mean,-0.2927,-0.2019,0.0256,3,-0.0908,-2.3921
cell_04_12,2026-03,viirs_avg_rad_mean,26.5437,20.764,0.1466,3,5.7797,26.5916
cell_04_12,2026-03,era5_temperature_mean,23.4861,22.2104,0.5112,3,1.2757,1.6833
cell_04_12,2026-03,era5_precipitation_total,25.6328,40.5181,26.2016,3,-14.8853,-0.3832
cell_04_12,2026-03,era5_wind_speed_mean,2.4442,2.5023,0.3197,3,-0.0581,-0.1225
cell_04_13,2026-03,ndvi_mean,0.2575,0.2135,0.0305,3,0.044,0.9733
cell_04_13,2026-03,ndbi_mean,0.0051,-0.0174,0.002,3,0.0225,7.6025
cell_04_13,2026-03,ndwi_mean,-0.3156,-0.2631,0.0421,3,-0.0525,-0.8405
cell_04_13,2026-03,viirs_avg_rad_mean,27.5871,21.5333,3.9655,3,6.0538,1.0297
cell_04_13,2026-03,era5_temperature_mean,23.4861,22.2104,0.5112,3,1.2757,1.6833
cell_04_13,2026-03,era5_precipitation_total,25.6328,40.5181,26.2016,3,-14.8853,-0.3832
cell_04_13,2026-03,era5_wind_speed_mean,2.4442,2.5023,0.3197,3,-0.0581,-0.1225
cell_04_14,2026-03,ndvi_mean,0.2141,0.2617,0.047,3,-0.0476,-0.683
cell_04_14,2026-03,ndbi_mean,0.1572,-0.0209,0.0043,3,0.1781,27.9312
cell_04_14,2026-03,ndwi_mean,-0.3029,-0.3077,0.0414,3,0.0048,0.0777
cell_04_14,2026-03,viirs_avg_rad_mean,31.3547,22.424,6.9297,3,8.9307,0.8693
cell_04_14,2026-03,era5_temperature_mean,23.4861,22.2104,0.5112,3,1.2757,1.6833
cell_04_14,2026-03,era5_precipitation_total,25.6328,40.5181,26.2016,3,-14.8853,-0.3832
cell_04_14,2026-03,era5_wind_speed_mean,2.4442,2.5023,0.3197,3,-0.0581,-0.1225
cell_04_15,2026-03,ndvi_mean,0.3575,0.2886,0.0031,3,0.0689,14.9905
cell_04_15,2026-03,ndbi_mean,0.0196,0.0316,0.0057,3,-0.012,-1.4176
cell_04_15,2026-03,ndwi_mean,-0.42,-0.3583,0.0005,3,-0.0617,-83.2658
cell_04_15,2026-03,viirs_avg_rad_mean,27.4408,21.2133,9.6247,3,6.2275,0.4364
cell_04_15,2026-03,era5_temperature_mean,23.4861,22.2104,0.5112,3,1.2757,1.6833
cell_04_15,2026-03,era5_precipitation_total,25.6328,40.5181,26.2016,3,-14.8853,-0.3832
cell_04_15,2026-03,era5_wind_speed_mean,2.4442,2.5023,0.3197,3,-0.0581,-0.1225
cell_04_16,2026-03,ndvi_mean,0.5086,0.4015,0.0061,3,0.1071,11.839
cell_04_16,2026-03,ndbi_mean,-0.0497,-0.0129,0.0171,3,-0.0368,-1.4507
cell_04_16,2026-03,ndwi_mean,-0.5315,-0.4575,0.0134,3,-0.074,-3.7262
cell_04_16,2026-03,viirs_avg_rad_mean,21.0487,16.7874,5.3282,3,4.2613,0.5394
cell_04_16,2026-03,era5_temperature_mean,23.4861,22.2104,0.5112,3,1.2757,1.6833
cell_04_16,2026-03,era5_precipitation_total,25.6328,40.5181,26.2016,3,-14.8853,-0.3832
cell_04_16,2026-03,era5_wind_speed_mean,2.4442,2.5023,0.3197,3,-0.0581,-0.1225
cell_04_17,2026-03,ndvi_mean,0.3998,0.3846,0.0049,3,0.0152,2.0879
cell_04_17,2026-03,ndbi_mean,-0.0736,-0.0684,0.0024,3,-0.0052,-1.4619
cell_04_17,2026-03,ndwi_mean,-0.4232,-0.4005,0.0024,3,-0.0227,-6.3784
cell_04_17,2026-03,viirs_avg_rad_mean,16.7487,12.5225,1.5878,3,4.2262,1.7953
cell_04_17,2026-03,era5_temperature_mean,23.4861,22.2104,0.5112,3,1.2757,1.6833
cell_04_17,2026-03,era5_precipitation_total,25.6328,40.5181,26.2016,3,-14.8853,-0.3832
cell_04_17,2026-03,era5_wind_speed_mean,2.4442,2.5023,0.3197,3,-0.0581,-0.1225
cell_04_18,2026-03,ndvi_mean,0.3317,0.288,0.03,3,0.0437,0.9828
cell_04_18,2026-03,ndbi_mean,-0.028,-0.0772,0.078,3,0.0492,0.4254
cell_04_18,2026-03,ndwi_mean,-0.3578,-0.3041,0.0243,3,-0.0537,-1.4905
cell_04_18,2026-03,viirs_avg_rad_mean,18.6495,12.7994,1.5346,3,5.8501,2.5713
cell_04_18,2026-03,era5_temperature_mean,23.4861,22.2104,0.5112,3,1.2757,1.6833
cell_04_18,2026-03,era5_precipitation_total,25.6328,40.5181,26.2016,3,-14.8853,-0.3832
cell_04_18,2026-03,era5_wind_speed_mean,2.4442,2.5023,0.3197,3,-0.0581,-0.1225
cell_04_19,2026-03,ndvi_mean,0.4917,0.5065,0.0301,3,-0.0148,-0.3315
cell_04_19,2026-03,ndbi_mean,-0.1621,-0.1494,0.0088,3,-0.0127,-0.9718
cell_04_19,2026-03,ndwi_mean,-0.498,-0.5103,0.019,3,0.0123,0.4349
cell_04_19,2026-03,viirs_avg_rad_mean,23.1686,23.8617,0.4509,3,-0.6931,-1.0368
cell_04_19,2026-03,era5_temperature_mean,23.4861,22.2104,0.5112,3,1.2757,1.6833
cell_04_19,2026-03,era5_precipitation_total,25.6328,40.5181,26.2016,3,-14.8853,-0.3832
cell_04_19,2026-03,era5_wind_speed_mean,2.4442,2.5023,0.3197,3,-0.0581,-0.1225
cell_05_00,2026-03,ndvi_mean,0.5134,0.4747,0.0071,3,0.0387,3.6748
cell_05_00,2026-03,ndbi_mean,-0.0863,-0.078,0.0131,3,-0.0083,-0.4263
cell_05_00,2026-03,ndwi_mean,-0.5089,-0.4762,0.009,3,-0.0327,-2.4489
cell_05_00,2026-03,viirs_avg_rad_mean,33.0727,31.1265,1.2925,3,1.9462,1.0156
cell_05_00,2026-03,era5_temperature_mean,23.5051,22.2202,0.4712,3,1.2849,1.8393
cell_05_00,2026-03,era5_precipitation_total,27.401,39.4606,26.5335,3,-12.0596,-0.3066
cell_05_00,2026-03,era5_wind_speed_mean,2.4575,2.5074,0.3299,3,-0.0499,-0.102
cell_05_01,2026-03,ndvi_mean,0.1595,0.1678,0.0035,3,-0.0083,-1.6037
cell_05_01,2026-03,ndbi_mean,0.0279,0.0106,0.0069,3,0.0173,1.6941
cell_05_01,2026-03,ndwi_mean,-0.2116,-0.2104,0.0069,3,-0.0012,-0.1165
cell_05_01,2026-03,viirs_avg_rad_mean,35.9519,35.4062,3.2417,3,0.5457,0.1135
cell_05_01,2026-03,era5_temperature_mean,23.5051,22.2202,0.4712,3,1.2849,1.8393
cell_05_01,2026-03,era5_precipitation_total,27.401,39.4606,26.5335,3,-12.0596,-0.3066
cell_05_01,2026-03,era5_wind_speed_mean,2.4575,2.5074,0.3299,3,-0.0499,-0.102
cell_05_02,2026-03,ndvi_mean,0.3176,0.3032,0.0058,3,0.0144,1.6731
cell_05_02,2026-03,ndbi_mean,-0.031,-0.0307,0.0086,3,-0.0003,-0.0233
cell_05_02,2026-03,ndwi_mean,-0.3519,-0.3377,0.0044,3,-0.0142,-2.1764
cell_05_02,2026-03,viirs_avg_rad_mean,36.923,39.6745,5.3351,3,-2.7515,-0.3479
cell_05_02,2026-03,era5_temperature_mean,23.5051,22.2202,0.4712,3,1.2849,1.8393
cell_05_02,2026-03,era5_precipitation_total,27.401,39.4606,26.5335,3,-12.0596,-0.3066
cell_05_02,2026-03,era5_wind_speed_mean,2.4575,2.5074,0.3299,3,-0.0499,-0.102
cell_05_03,2026-03,ndvi_mean,0.6627,0.59,0.0159,3,0.0727,3.085
cell_05_03,2026-03,ndbi_mean,-0.1332,-0.092,0.0006,3,-0.0412,-46.3054
cell_05_03,2026-03,ndwi_mean,-0.6449,-0.5767,0.0238,3,-0.0682,-1.9335
cell_05_03,2026-03,viirs_avg_rad_mean,33.5056,40.8058,0.1558,3,-7.3002,-31.604
cell_05_03,2026-03,era5_temperature_mean,23.5051,22.2202,0.4712,3,1.2849,1.8393
cell_05_03,2026-03,era5_precipitation_total,27.401,39.4606,26.5335,3,-12.0596,-0.3066
cell_05_03,2026-03,era5_wind_speed_mean,2.4575,2.5074,0.3299,3,-0.0499,-0.102
cell_05_04,2026-03,ndvi_mean,0.5867,0.5182,0.0188,3,0.0685,2.4578
cell_05_04,2026-03,ndbi_mean,-0.0618,-0.053,0.0033,3,-0.0088,-1.7921
cell_05_04,2026-03,ndwi_mean,-0.5986,-0.5361,0.0171,3,-0.0625,-2.4665
cell_05_04,2026-03,viirs_avg_rad_mean,28.577,32.6484,2.0508,3,-4.0714,-1.3391
cell_05_04,2026-03,era5_temperature_mean,23.5051,22.2202,0.4712,3,1.2849,1.8393
cell_05_04,2026-03,era5_precipitation_total,27.401,39.4606,26.5335,3,-12.0596,-0.3066
cell_05_04,2026-03,era5_wind_speed_mean,2.4575,2.5074,0.3299,3,-0.0499,-0.102
cell_05_05,2026-03,ndvi_mean,0.1941,0.1976,0.0073,3,-0.0035,-0.3236
cell_05_05,2026-03,ndbi_mean,0.0608,0.0374,0.0078,3,0.0234,2.0275
cell_05_05,2026-03,ndwi_mean,-0.2644,-0.2567,0.0022,3,-0.0077,-2.3456
cell_05_05,2026-03,viirs_avg_rad_mean,50.9021,39.3461,0.646,3,11.556,12.0656
cell_05_05,2026-03,era5_temperature_mean,23.5051,22.2202,0.4712,3,1.2849,1.8393
cell_05_05,2026-03,era5_precipitation_total,27.401,39.4606,26.5335,3,-12.0596,-0.3066
cell_05_05,2026-03,era5_wind_speed_mean,2.4575,2.5074,0.3299,3,-0.0499,-0.102
cell_05_06,2026-03,ndvi_mean,0.2701,0.2864,0.0053,3,-0.0163,-2.0766
cell_05_06,2026-03,ndbi_mean,0.0197,0.0039,0.0049,3,0.0158,2.1782
cell_05_06,2026-03,ndwi_mean,-0.3177,-0.3226,0.0095,3,0.0049,0.346
cell_05_06,2026-03,viirs_avg_rad_mean,61.7119,43.2854,0.2531,3,18.4265,49.1052
cell_05_06,2026-03,era5_temperature_mean,23.5051,22.2202,0.4712,3,1.2849,1.8393
cell_05_06,2026-03,era5_precipitation_total,27.401,39.4606,26.5335,3,-12.0596,-0.3066
cell_05_06,2026-03,era5_wind_speed_mean,2.4575,2.5074,0.3299,3,-0.0499,-0.102
cell_05_07,2026-03,ndvi_mean,0.3121,0.2841,0.0109,3,0.028,1.7345
cell_05_07,2026-03,ndbi_mean,-0.0148,-0.0123,0.0037,3,-0.0025,-0.4561
cell_05_07,2026-03,ndwi_mean,-0.3687,-0.3354,0.01,3,-0.0333,-2.2468
cell_05_07,2026-03,viirs_avg_rad_mean,59.3888,42.9764,0.3695,3,16.4124,29.9594
cell_05_07,2026-03,era5_temperature_mean,23.5051,22.2202,0.4712,3,1.2849,1.8393
cell_05_07,2026-03,era5_precipitation_total,27.401,39.4606,26.5335,3,-12.0596,-0.3066
cell_05_07,2026-03,era5_wind_speed_mean,2.4575,2.5074,0.3299,3,-0.0499,-0.102
cell_05_08,2026-03,ndvi_mean,0.2595,0.2794,0.0065,3,-0.0199,-2.0606
cell_05_08,2026-03,ndbi_mean,0.0194,0.0025,0.0036,3,0.0169,3.174
cell_05_08,2026-03,ndwi_mean,-0.3156,-0.3158,0.0035,3,0.0002,0.0308
cell_05_08,2026-03,viirs_avg_rad_mean,58.7547,50.9755,2.4879,3,7.7792,2.109
cell_05_08,2026-03,era5_temperature_mean,23.5051,22.2202,0.4712,3,1.2849,1.8393
cell_05_08,2026-03,era5_precipitation_total,27.401,39.4606,26.5335,3,-12.0596,-0.3066
cell_05_08,2026-03,era5_wind_speed_mean,2.4575,2.5074,0.3299,3,-0.0499,-0.102
cell_05_09,2026-03,ndvi_mean,0.5093,0.3892,0.0136,3,0.1201,5.9563
cell_05_09,2026-03,ndbi_mean,-0.0354,0.011,0.0031,3,-0.0464,-10.1051
cell_05_09,2026-03,ndwi_mean,-0.5578,-0.4607,0.0253,3,-0.0971,-2.5896
cell_05_09,2026-03,viirs_avg_rad_mean,50.4038,48.8629,1.7496,3,1.5409,0.594
cell_05_09,2026-03,era5_temperature_mean,23.5051,22.2202,0.4712,3,1.2849,1.8393
cell_05_09,2026-03,era5_precipitation_total,27.401,39.4606,26.5335,3,-12.0596,-0.3066
cell_05_09,2026-03,era5_wind_speed_mean,2.4575,2.5074,0.3299,3,-0.0499,-0.102
cell_05_10,2026-03,ndvi_mean,0.1694,0.1477,0.001,3,0.0217,14.6525
cell_05_10,2026-03,ndbi_mean,0.086,0.0826,0.0011,3,0.0034,2.0929
cell_05_10,2026-03,ndwi_mean,-0.2705,-0.2426,0.0028,3,-0.0279,-6.7234
cell_05_10,2026-03,viirs_avg_rad_mean,30.9371,31.8281,0.7455,3,-0.891,-0.8062
cell_05_10,2026-03,era5_temperature_mean,23.4861,22.2104,0.5112,3,1.2757,1.6833
cell_05_10,2026-03,era5_precipitation_total,25.6328,40.5181,26.2016,3,-14.8853,-0.3832
cell_05_10,2026-03,era5_wind_speed_mean,2.4442,2.5023,0.3197,3,-0.0581,-0.1225
cell_05_11,2026-03,ndvi_mean,0.328,0.2406,0.0024,3,0.0874,24.5572
cell_05_11,2026-03,ndbi_mean,0.0165,0.0184,0.0135,3,-0.0019,-0.093
cell_05_11,2026-03,ndwi_mean,-0.3925,-0.3114,0.009,3,-0.0811,-6.0749
cell_05_11,2026-03,viirs_avg_rad_mean,27.2982,24.6899,0.4655,3,2.6083,3.7793
cell_05_11,2026-03,era5_temperature_mean,23.4861,22.2104,0.5112,3,1.2757,1.6833
cell_05_11,2026-03,era5_precipitation_total,25.6328,40.5181,26.2016,3,-14.8853,-0.3832
cell_05_11,2026-03,era5_wind_speed_mean,2.4442,2.5023,0.3197,3,-0.0581,-0.1225
cell_05_12,2026-03,ndvi_mean,0.2591,0.1937,0.0051,3,0.0654,8.6545
cell_05_12,2026-03,ndbi_mean,0.0564,0.0437,0.0008,3,0.0127,10.7285
cell_05_12,2026-03,ndwi_mean,-0.3609,-0.3083,0.0183,3,-0.0526,-1.9402
cell_05_12,2026-03,viirs_avg_rad_mean,23.8004,19.2719,1.4978,3,4.5285,2.0393
cell_05_12,2026-03,era5_temperature_mean,23.4861,22.2104,0.5112,3,1.2757,1.6833
cell_05_12,2026-03,era5_precipitation_total,25.6328,40.5181,26.2016,3,-14.8853,-0.3832
cell_05_12,2026-03,era5_wind_speed_mean,2.4442,2.5023,0.3197,3,-0.0581,-0.1225
cell_05_13,2026-03,ndvi_mean,0.1268,0.2853,0.0489,3,-0.1585,-2.1856
cell_05_13,2026-03,ndbi_mean,0.0926,0.0612,0.0386,3,0.0314,0.5488
cell_05_13,2026-03,ndwi_mean,-0.2519,-0.3655,0.0154,3,0.1136,4.9753
cell_05_13,2026-03,viirs_avg_rad_mean,23.3105,19.0764,0.7334,3,4.2341,3.894
cell_05_13,2026-03,era5_temperature_mean,23.4861,22.2104,0.5112,3,1.2757,1.6833
cell_05_13,2026-03,era5_precipitation_total,25.6328,40.5181,26.2016,3,-14.8853,-0.3832
cell_05_13,2026-03,era5_wind_speed_mean,2.4442,2.5023,0.3197,3,-0.0581,-0.1225
cell_05_14,2026-03,ndvi_mean,0.1521,0.2629,0.0099,3,-0.1108,-7.5475
cell_05_14,2026-03,ndbi_mean,0.1015,0.0623,0.0083,3,0.0392,3.183
cell_05_14,2026-03,ndwi_mean,-0.2776,-0.3638,0.0302,3,0.0862,1.9262
cell_05_14,2026-03,viirs_avg_rad_mean,21.9775,17.995,2.2984,3,3.9825,1.1687
cell_05_14,2026-03,era5_temperature_mean,23.4861,22.2104,0.5112,3,1.2757,1.6833
cell_05_14,2026-03,era5_precipitation_total,25.6328,40.5181,26.2016,3,-14.8853,-0.3832
cell_05_14,2026-03,era5_wind_speed_mean,2.4442,2.5023,0.3197,3,-0.0581,-0.1225
cell_05_15,2026-03,ndvi_mean,0.3568,0.3116,0.0201,3,0.0452,1.5157
cell_05_15,2026-03,ndbi_mean,0.0182,0.0047,0.0153,3,0.0135,0.5971
cell_05_15,2026-03,ndwi_mean,-0.422,-0.3721,0.0117,3,-0.0499,-2.8792
cell_05_15,2026-03,viirs_avg_rad_mean,19.2707,15.2796,3.102,3,3.9911,0.8678
cell_05_15,2026-03,era5_temperature_mean,23.4861,22.2104,0.5112,3,1.2757,1.6833
cell_05_15,2026-03,era5_precipitation_total,25.6328,40.5181,26.2016,3,-14.8853,-0.3832
cell_05_15,2026-03,era5_wind_speed_mean,2.4442,2.5023,0.3197,3,-0.0581,-0.1225
cell_05_16,2026-03,ndvi_mean,0.4512,0.4234,0.0023,3,0.0278,8.1531
cell_05_16,2026-03,ndbi_mean,-0.0733,-0.0574,0.0123,3,-0.0159,-0.8705
cell_05_16,2026-03,ndwi_mean,-0.469,-0.4548,0.01,3,-0.0142,-0.956
cell_05_16,2026-03,viirs_avg_rad_mean,15.5689,12.0444,1.2034,3,3.5245,1.9754
cell_05_16,2026-03,era5_temperature_mean,23.4861,22.2104,0.5112,3,1.2757,1.6833
cell_05_16,2026-03,era5_precipitation_total,25.6328,40.5181,26.2016,3,-14.8853,-0.3832
cell_05_16,2026-03,era5_wind_speed_mean,2.4442,2.5023,0.3197,3,-0.0581,-0.1225
cell_05_17,2026-03,ndvi_mean,0.2347,0.1955,0.008,3,0.0392,3.3068
cell_05_17,2026-03,ndbi_mean,0.0899,-0.0313,0.0283,3,0.1212,2.8892
cell_05_17,2026-03,ndwi_mean,-0.2708,-0.2069,0.0073,3,-0.0639,-5.9007
cell_05_17,2026-03,viirs_avg_rad_mean,14.162,9.8954,0.1881,3,4.2666,15.2993
cell_05_17,2026-03,era5_temperature_mean,23.4861,22.2104,0.5112,3,1.2757,1.6833
cell_05_17,2026-03,era5_precipitation_total,25.6328,40.5181,26.2016,3,-14.8853,-0.3832
cell_05_17,2026-03,era5_wind_speed_mean,2.4442,2.5023,0.3197,3,-0.0581,-0.1225
cell_05_18,2026-03,ndvi_mean,0.5223,0.493,0.0038,3,0.0293,5.1998
cell_05_18,2026-03,ndbi_mean,-0.1407,-0.1141,0.0013,3,-0.0266,-13.7798
cell_05_18,2026-03,ndwi_mean,-0.5124,-0.4919,0.005,3,-0.0205,-2.7688
cell_05_18,2026-03,viirs_avg_rad_mean,22.0988,14.6763,0.9323,3,7.4225,5.3699
cell_05_18,2026-03,era5_temperature_mean,23.4861,22.2104,0.5112,3,1.2757,1.6833
cell_05_18,2026-03,era5_precipitation_total,25.6328,40.5181,26.2016,3,-14.8853,-0.3832
cell_05_18,2026-03,era5_wind_speed_mean,2.4442,2.5023,0.3197,3,-0.0581,-0.1225
cell_05_19,2026-03,ndvi_mean,0.5259,0.5018,0.0001,3,0.0241,162.8322
cell_05_19,2026-03,ndbi_mean,-0.1676,-0.1554,0.0166,3,-0.0122,-0.4938
cell_05_19,2026-03,ndwi_mean,-0.525,-0.5119,0.0106,3,-0.0131,-0.8327
cell_05_19,2026-03,viirs_avg_rad_mean,29.8989,29.343,0.1064,3,0.5559,3.5239
cell_05_19,2026-03,era5_temperature_mean,23.4861,22.2104,0.5112,3,1.2757,1.6833
cell_05_19,2026-03,era5_precipitation_total,25.6328,40.5181,26.2016,3,-14.8853,-0.3832
cell_05_19,2026-03,era5_wind_speed_mean,2.4442,2.5023,0.3197,3,-0.0581,-0.1225
cell_06_00,2026-03,ndvi_mean,0.3014,0.3286,0.0055,3,-0.0272,-3.3363
cell_06_00,2026-03,ndbi_mean,-0.0086,-0.0357,0.0096,3,0.0271,1.9013
cell_06_00,2026-03,ndwi_mean,-0.3377,-0.3589,0.0052,3,0.0212,2.7459
cell_06_00,2026-03,viirs_avg_rad_mean,43.9865,42.0678,0.83,3,1.9187,1.5592
cell_06_00,2026-03,era5_temperature_mean,23.5051,22.2202,0.4712,3,1.2849,1.8393
cell_06_00,2026-03,era5_precipitation_total,27.401,39.4606,26.5335,3,-12.0596,-0.3066
cell_06_00,2026-03,era5_wind_speed_mean,2.4575,2.5074,0.3299,3,-0.0499,-0.102
cell_06_01,2026-03,ndvi_mean,0.1874,0.1994,0.0061,3,-0.012,-1.3256
cell_06_01,2026-03,ndbi_mean,0.0309,0.0134,0.0057,3,0.0175,2.0696
cell_06_01,2026-03,ndwi_mean,-0.2545,-0.2558,0.0068,3,0.0013,0.1298
cell_06_01,2026-03,viirs_avg_rad_mean,47.8367,46.0535,2.8249,3,1.7832,0.4258
cell_06_01,2026-03,era5_temperature_mean,23.5051,22.2202,0.4712,3,1.2849,1.8393
cell_06_01,2026-03,era5_precipitation_total,27.401,39.4606,26.5335,3,-12.0596,-0.3066
cell_06_01,2026-03,era5_wind_speed_mean,2.4575,2.5074,0.3299,3,-0.0499,-0.102
cell_06_02,2026-03,ndvi_mean,0.3502,0.3522,0.0191,3,-0.002,-0.0704
cell_06_02,2026-03,ndbi_mean,-0.0299,-0.0433,0.0004,3,0.0134,22.5241
cell_06_02,2026-03,ndwi_mean,-0.3892,-0.385,0.0176,3,-0.0042,-0.1596
cell_06_02,2026-03,viirs_avg_rad_mean,46.0059,49.6795,2.8441,3,-3.6736,-0.8712
cell_06_02,2026-03,era5_temperature_mean,23.5051,22.2202,0.4712,3,1.2849,1.8393
cell_06_02,2026-03,era5_precipitation_total,27.401,39.4606,26.5335,3,-12.0596,-0.3066
cell_06_02,2026-03,era5_wind_speed_mean,2.4575,2.5074,0.3299,3,-0.0499,-0.102
cell_06_03,2026-03,ndvi_mean,0.5166,0.4978,0.0148,3,0.0188,0.8579
cell_06_03,2026-03,ndbi_mean,-0.1196,-0.1159,0.0005,3,-0.0037,-5.0045
cell_06_03,2026-03,ndwi_mean,-0.5201,-0.4999,0.0084,3,-0.0202,-1.6194
cell_06_03,2026-03,viirs_avg_rad_mean,42.0944,48.1755,1.801,3,-6.0811,-2.2774
cell_06_03,2026-03,era5_temperature_mean,23.5051,22.2202,0.4712,3,1.2849,1.8393
cell_06_03,2026-03,era5_precipitation_total,27.401,39.4606,26.5335,3,-12.0596,-0.3066
cell_06_03,2026-03,era5_wind_speed_mean,2.4575,2.5074,0.3299,3,-0.0499,-0.102
cell_06_04,2026-03,ndvi_mean,0.3196,0.3185,0.0033,3,0.0011,0.2305
cell_06_04,2026-03,ndbi_mean,0.0047,-0.0146,0.0014,3,0.0193,9.2917
cell_06_04,2026-03,ndwi_mean,-0.3704,-0.3571,0.0014,3,-0.0133,-6.4167
cell_06_04,2026-03,viirs_avg_rad_mean,55.3429,45.5859,1.7354,3,9.757,3.7922
cell_06_04,2026-03,era5_temperature_mean,23.5051,22.2202,0.4712,3,1.2849,1.8393
cell_06_04,2026-03,era5_precipitation_total,27.401,39.4606,26.5335,3,-12.0596,-0.3066
cell_06_04,2026-03,era5_wind_speed_mean,2.4575,2.5074,0.3299,3,-0.0499,-0.102
cell_06_05,2026-03,ndvi_mean,0.1887,0.1952,0.0046,3,-0.0065,-0.9488
cell_06_05,2026-03,ndbi_mean,0.0592,0.0357,0.009,3,0.0235,1.7587
cell_06_05,2026-03,ndwi_mean,-0.2506,-0.2436,0.0027,3,-0.007,-1.7461
cell_06_05,2026-03,viirs_avg_rad_mean,72.8831,49.0514,2.3963,3,23.8317,6.7079
cell_06_05,2026-03,era5_temperature_mean,23.5051,22.2202,0.4712,3,1.2849,1.8393
cell_06_05,2026-03,era5_precipitation_total,27.401,39.4606,26.5335,3,-12.0596,-0.3066
cell_06_05,2026-03,era5_wind_speed_mean,2.4575,2.5074,0.3299,3,-0.0499,-0.102
cell_06_06,2026-03,ndvi_mean,0.1576,0.1701,0.001,3,-0.0125,-8.4425
cell_06_06,2026-03,ndbi_mean,0.0673,0.0448,0.0099,3,0.0225,1.5355
cell_06_06,2026-03,ndwi_mean,-0.234,-0.2359,0.005,3,0.0019,0.2602
cell_06_06,2026-03,viirs_avg_rad_mean,59.9514,45.7085,0.883,3,14.2429,10.8796
cell_06_06,2026-03,era5_temperature_mean,23.5051,22.2202,0.4712,3,1.2849,1.8393
cell_06_06,2026-03,era5_precipitation_total,27.401,39.4606,26.5335,3,-12.0596,-0.3066
cell_06_06,2026-03,era5_wind_speed_mean,2.4575,2.5074,0.3299,3,-0.0499,-0.102
cell_06_07,2026-03,ndvi_mean,0.2926,0.2459,0.0008,3,0.0467,39.3693
cell_06_07,2026-03,ndbi_mean,0.0232,0.0183,0.0026,3,0.0049,1.2785
cell_06_07,2026-03,ndwi_mean,-0.3548,-0.3009,0.0014,3,-0.0539,-25.9812
cell_06_07,2026-03,viirs_avg_rad_mean,56.2116,44.5594,0.3511,3,11.6522,22.3848
cell_06_07,2026-03,era5_temperature_mean,23.5051,22.2202,0.4712,3,1.2849,1.8393
cell_06_07,2026-03,era5_precipitation_total,27.401,39.4606,26.5335,3,-12.0596,-0.3066
cell_06_07,2026-03,era5_wind_speed_mean,2.4575,2.5074,0.3299,3,-0.0499,-0.102
cell_06_08,2026-03,ndvi_mean,0.46,0.4422,0.0021,3,0.0178,5.7249
cell_06_08,2026-03,ndbi_mean,-0.0499,-0.063,0.0008,3,0.0131,11.0607
cell_06_08,2026-03,ndwi_mean,-0.4892,-0.4614,0.0,3,-0.0278,
cell_06_08,2026-03,viirs_avg_rad_mean,48.696,43.6699,1.0323,3,5.0261,3.284
cell_06_08,2026-03,era5_temperature_mean,23.5051,22.2202,0.4712,3,1.2849,1.8393
cell_06_08,2026-03,era5_precipitation_total,27.401,39.4606,26.5335,3,-12.0596,-0.3066
cell_06_08,2026-03,era5_wind_speed_mean,2.4575,2.5074,0.3299,3,-0.0499,-0.102
cell_06_09,2026-03,ndvi_mean,0.7153,0.6,0.0353,3,0.1153,2.2026
cell_06_09,2026-03,ndbi_mean,-0.1903,-0.1087,0.0086,3,-0.0816,-6.3999
cell_06_09,2026-03,ndwi_mean,-0.6821,-0.6001,0.0208,3,-0.082,-2.6575
cell_06_09,2026-03,viirs_avg_rad_mean,41.961,38.906,0.3874,3,3.055,5.319
cell_06_09,2026-03,era5_temperature_mean,23.5051,22.2202,0.4712,3,1.2849,1.8393
cell_06_09,2026-03,era5_precipitation_total,27.401,39.4606,26.5335,3,-12.0596,-0.3066
cell_06_09,2026-03,era5_wind_speed_mean,2.4575,2.5074,0.3299,3,-0.0499,-0.102
cell_06_10,2026-03,ndvi_mean,0.4054,0.3669,0.0127,3,0.0385,2.0472
cell_06_10,2026-03,ndbi_mean,-0.0361,-0.0211,0.0019,3,-0.015,-5.3104
cell_06_10,2026-03,ndwi_mean,-0.4467,-0.4135,0.0016,3,-0.0332,-13.9758
cell_06_10,2026-03,viirs_avg_rad_mean,29.3211,30.4957,0.3993,3,-1.1746,-1.9842
cell_06_10,2026-03,era5_temperature_mean,23.4861,22.2104,0.5112,3,1.2757,1.6833
cell_06_10,2026-03,era5_precipitation_total,25.6328,40.5181,26.2016,3,-14.8853,-0.3832
cell_06_10,2026-03,era5_wind_speed_mean,2.4442,2.5023,0.3197,3,-0.0581,-0.1225
cell_06_11,2026-03,ndvi_mean,0.3109,0.293,0.008,3,0.0179,1.5086
cell_06_11,2026-03,ndbi_mean,0.0318,0.004,0.0111,3,0.0278,1.6885
cell_06_11,2026-03,ndwi_mean,-0.3844,-0.3615,0.018,3,-0.0229,-0.8571
cell_06_11,2026-03,viirs_avg_rad_mean,29.0194,27.2578,1.0268,3,1.7616,1.1572
cell_06_11,2026-03,era5_temperature_mean,23.4861,22.2104,0.5112,3,1.2757,1.6833
cell_06_11,2026-03,era5_precipitation_total,25.6328,40.5181,26.2016,3,-14.8853,-0.3832
cell_06_11,2026-03,era5_wind_speed_mean,2.4442,2.5023,0.3197,3,-0.0581,-0.1225
cell_06_12,2026-03,ndvi_mean,0.2235,0.259,0.0137,3,-0.0355,-1.7497
cell_06_12,2026-03,ndbi_mean,0.0685,0.0269,0.0223,3,0.0416,1.2571
cell_06_12,2026-03,ndwi_mean,-0.3157,-0.3254,0.0013,3,0.0097,5.0334
cell_06_12,2026-03,viirs_avg_rad_mean,29.7609,25.9027,0.155,3,3.8582,16.789
cell_06_12,2026-03,era5_temperature_mean,23.4861,22.2104,0.5112,3,1.2757,1.6833
cell_06_12,2026-03,era5_precipitation_total,25.6328,40.5181,26.2016,3,-14.8853,-0.3832
cell_06_12,2026-03,era5_wind_speed_mean,2.4442,2.5023,0.3197,3,-0.0581,-0.1225
cell_06_13,2026-03,ndvi_mean,0.1758,0.2156,0.0266,3,-0.0398,-1.0084
cell_06_13,2026-03,ndbi_mean,0.0725,0.0379,0.008,3,0.0346,2.921
cell_06_13,2026-03,ndwi_mean,-0.2641,-0.2852,0.0225,3,0.0211,0.6317
cell_06_13,2026-03,viirs_avg_rad_mean,29.0681,26.2652,1.1871,3,2.8029,1.5925
cell_06_13,2026-03,era5_temperature_mean,23.4861,22.2104,0.5112,3,1.2757,1.6833
cell_06_13,2026-03,era5_precipitation_total,25.6328,40.5181,26.2016,3,-14.8853,-0.3832
cell_06_13,2026-03,era5_wind_speed_mean,2.4442,2.5023,0.3197,3,-0.0581,-0.1225
cell_06_14,2026-03,ndvi_mean,0.2645,0.3042,0.0253,3,-0.0397,-1.0591
cell_06_14,2026-03,ndbi_mean,0.0049,-0.0326,0.0042,3,0.0375,6.0215
cell_06_14,2026-03,ndwi_mean,-0.3193,-0.3486,0.0127,3,0.0293,1.5549
cell_06_14,2026-03,viirs_avg_rad_mean,23.2596,20.7655,0.1685,3,2.4941,9.9838
cell_06_14,2026-03,era5_temperature_mean,23.4861,22.2104,0.5112,3,1.2757,1.6833
cell_06_14,2026-03,era5_precipitation_total,25.6328,40.5181,26.2016,3,-14.8853,-0.3832
cell_06_14,2026-03,era5_wind_speed_mean,2.4442,2.5023,0.3197,3,-0.0581,-0.1225
cell_06_15,2026-03,ndvi_mean,0.3593,0.3792,0.0182,3,-0.0199,-0.7383
cell_06_15,2026-03,ndbi_mean,-0.0631,-0.0849,0.0081,3,0.0218,1.8188
cell_06_15,2026-03,ndwi_mean,-0.3856,-0.4032,0.0029,3,0.0176,4.1003
cell_06_15,2026-03,viirs_avg_rad_mean,16.7337,14.5896,0.5995,3,2.1441,2.4123
cell_06_15,2026-03,era5_temperature_mean,23.4861,22.2104,0.5112,3,1.2757,1.6833
cell_06_15,2026-03,era5_precipitation_total,25.6328,40.5181,26.2016,3,-14.8853,-0.3832
cell_06_15,2026-03,era5_wind_speed_mean,2.4442,2.5023,0.3197,3,-0.0581,-0.1225
cell_06_16,2026-03,ndvi_mean,0.2384,0.201,0.0138,3,0.0374,1.8282
cell_06_16,2026-03,ndbi_mean,0.0692,-0.0577,0.0092,3,0.1269,9.3057
cell_06_16,2026-03,ndwi_mean,-0.2716,-0.2123,0.0166,3,-0.0593,-2.4094
cell_06_16,2026-03,viirs_avg_rad_mean,14.4197,11.4944,0.1676,3,2.9253,11.7728
cell_06_16,2026-03,era5_temperature_mean,23.4861,22.2104,0.5112,3,1.2757,1.6833
cell_06_16,2026-03,era5_precipitation_total,25.6328,40.5181,26.2016,3,-14.8853,-0.3832
cell_06_16,2026-03,era5_wind_speed_mean,2.4442,2.5023,0.3197,3,-0.0581,-0.1225
cell_06_17,2026-03,ndvi_mean,0.4914,0.472,0.0331,3,0.0194,0.3946
cell_06_17,2026-03,ndbi_mean,-0.0576,-0.078,0.0103,3,0.0204,1.3344
cell_06_17,2026-03,ndwi_mean,-0.475,-0.4591,0.0256,3,-0.0159,-0.4179
cell_06_17,2026-03,viirs_avg_rad_mean,13.9691,10.9247,0.1614,3,3.0444,12.7226
cell_06_17,2026-03,era5_temperature_mean,23.4861,22.2104,0.5112,3,1.2757,1.6833
cell_06_17,2026-03,era5_precipitation_total,25.6328,40.5181,26.2016,3,-14.8853,-0.3832
cell_06_17,2026-03,era5_wind_speed_mean,2.4442,2.5023,0.3197,3,-0.0581,-0.1225
cell_06_18,2026-03,ndvi_mean,0.492,0.4587,0.0085,3,0.0333,2.6386
cell_06_18,2026-03,ndbi_mean,-0.0691,-0.0446,0.0017,3,-0.0245,-9.7398
cell_06_18,2026-03,ndwi_mean,-0.4889,-0.4616,0.0001,3,-0.0273,-184.0689
cell_06_18,2026-03,viirs_avg_rad_mean,28.5883,19.9382,0.2347,3,8.6501,24.8591
cell_06_18,2026-03,era5_temperature_mean,23.4861,22.2104,0.5112,3,1.2757,1.6833
cell_06_18,2026-03,era5_precipitation_total,25.6328,40.5181,26.2016,3,-14.8853,-0.3832
cell_06_18,2026-03,era5_wind_speed_mean,2.4442,2.5023,0.3197,3,-0.0581,-0.1225
cell_06_19,2026-03,ndvi_mean,0.4361,0.4183,0.0127,3,0.0178,0.9446
cell_06_19,2026-03,ndbi_mean,-0.0929,-0.0681,0.0117,3,-0.0248,-1.4292
cell_06_19,2026-03,ndwi_mean,-0.453,-0.441,0.0022,3,-0.012,-3.6802
cell_06_19,2026-03,viirs_avg_rad_mean,39.4314,33.9781,3.7072,3,5.4533,0.9922
cell_06_19,2026-03,era5_temperature_mean,23.4861,22.2104,0.5112,3,1.2757,1.6833
cell_06_19,2026-03,era5_precipitation_total,25.6328,40.5181,26.2016,3,-14.8853,-0.3832
cell_06_19,2026-03,era5_wind_speed_mean,2.4442,2.5023,0.3197,3,-0.0581,-0.1225
cell_07_00,2026-03,ndvi_mean,0.3689,0.3741,0.0169,3,-0.0052,-0.2087
cell_07_00,2026-03,ndbi_mean,-0.0417,-0.0673,0.0023,3,0.0256,7.5183
cell_07_00,2026-03,ndwi_mean,-0.3995,-0.3991,0.0151,3,-0.0004,-0.0174
cell_07_00,2026-03,viirs_avg_rad_mean,47.5972,47.6335,1.7184,3,-0.0363,-0.0142
cell_07_00,2026-03,era5_temperature_mean,23.5051,22.2202,0.4712,3,1.2849,1.8393
cell_07_00,2026-03,era5_precipitation_total,27.401,39.4606,26.5335,3,-12.0596,-0.3066
cell_07_00,2026-03,era5_wind_speed_mean,2.4575,2.5074,0.3299,3,-0.0499,-0.102
cell_07_01,2026-03,ndvi_mean,0.1966,0.2041,0.0056,3,-0.0075,-0.909
cell_07_01,2026-03,ndbi_mean,0.0288,0.01,0.0026,3,0.0188,4.8747
cell_07_01,2026-03,ndwi_mean,-0.2556,-0.2585,0.0058,3,0.0029,0.3317
cell_07_01,2026-03,viirs_avg_rad_mean,49.9957,50.0232,4.4088,3,-0.0275,-0.0042
cell_07_01,2026-03,era5_temperature_mean,23.5051,22.2202,0.4712,3,1.2849,1.8393
cell_07_01,2026-03,era5_precipitation_total,27.401,39.4606,26.5335,3,-12.0596,-0.3066
cell_07_01,2026-03,era5_wind_speed_mean,2.4575,2.5074,0.3299,3,-0.0499,-0.102
cell_07_02,2026-03,ndvi_mean,0.1634,0.1644,0.0004,3,-0.001,-1.6798
cell_07_02,2026-03,ndbi_mean,0.0383,0.0275,0.0039,3,0.0108,1.8686
cell_07_02,2026-03,ndwi_mean,-0.2268,-0.2171,0.0036,3,-0.0097,-1.8233
cell_07_02,2026-03,viirs_avg_rad_mean,46.8674,49.3233,1.2685,3,-2.4559,-1.3058
cell_07_02,2026-03,era5_temperature_mean,23.5051,22.2202,0.4712,3,1.2849,1.8393
cell_07_02,2026-03,era5_precipitation_total,27.401,39.4606,26.5335,3,-12.0596,-0.3066
cell_07_02,2026-03,era5_wind_speed_mean,2.4575,2.5074,0.3299,3,-0.0499,-0.102
cell_07_03,2026-03,ndvi_mean,0.2098,0.2082,0.0047,3,0.0016,0.2327
cell_07_03,2026-03,ndbi_mean,0.0213,0.0096,0.0027,3,0.0117,2.9104
cell_07_03,2026-03,ndwi_mean,-0.2741,-0.2641,0.0098,3,-0.01,-0.6893
cell_07_03,2026-03,viirs_avg_rad_mean,46.9925,49.2361,0.3771,3,-2.2436,-4.013
cell_07_03,2026-03,era5_temperature_mean,23.5051,22.2202,0.4712,3,1.2849,1.8393
cell_07_03,2026-03,era5_precipitation_total,27.401,39.4606,26.5335,3,-12.0596,-0.3066
cell_07_03,2026-03,era5_wind_speed_mean,2.4575,2.5074,0.3299,3,-0.0499,-0.102
cell_07_04,2026-03,ndvi_mean,0.2374,0.2538,0.0002,3,-0.0164,-55.3036
cell_07_04,2026-03,ndbi_mean,0.0257,0.0076,0.0013,3,0.0181,9.3829
cell_07_04,2026-03,ndwi_mean,-0.2874,-0.2919,0.0032,3,0.0045,0.9546
cell_07_04,2026-03,viirs_avg_rad_mean,61.5931,52.8869,3.6763,3,8.7062,1.5973
cell_07_04,2026-03,era5_temperature_mean,23.5051,22.2202,0.4712,3,1.2849,1.8393
cell_07_04,2026-03,era5_precipitation_total,27.401,39.4606,26.5335,3,-12.0596,-0.3066
cell_07_04,2026-03,era5_wind_speed_mean,2.4575,2.5074,0.3299,3,-0.0499,-0.102
cell_07_05,2026-03,ndvi_mean,0.167,0.1757,0.0038,3,-0.0087,-1.5519
cell_07_05,2026-03,ndbi_mean,0.076,0.0623,0.004,3,0.0137,2.3181
cell_07_05,2026-03,ndwi_mean,-0.2361,-0.2316,0.0009,3,-0.0045,-3.3436
cell_07_05,2026-03,viirs_avg_rad_mean,74.1228,55.7289,2.9341,3,18.3939,4.2284
cell_07_05,2026-03,era5_temperature_mean,23.5051,22.2202,0.4712,3,1.2849,1.8393
cell_07_05,2026-03,era5_precipitation_total,27.401,39.4606,26.5335,3,-12.0596,-0.3066
cell_07_05,2026-03,era5_wind_speed_mean,2.4575,2.5074,0.3299,3,-0.0499,-0.102
cell_07_06,2026-03,ndvi_mean,0.2185,0.2063,0.0006,3,0.0122,13.7263
cell_07_06,2026-03,ndbi_mean,0.0466,0.0344,0.0019,3,0.0122,4.3412
cell_07_06,2026-03,ndwi_mean,-0.2854,-0.2563,0.0028,3,-0.0291,-7.0181
cell_07_06,2026-03,viirs_avg_rad_mean,58.2765,48.3056,1.9427,3,9.9709,3.4618
cell_07_06,2026-03,era5_temperature_mean,23.5051,22.2202,0.4712,3,1.2849,1.8393
cell_07_06,2026-03,era5_precipitation_total,27.401,39.4606,26.5335,3,-12.0596,-0.3066
cell_07_06,2026-03,era5_wind_speed_mean,2.4575,2.5074,0.3299,3,-0.0499,-0.102
cell_07_07,2026-03,ndvi_mean,0.301,0.3017,0.0081,3,-0.0007,-0.0575
cell_07_07,2026-03,ndbi_mean,-0.0027,-0.0256,0.0025,3,0.0229,6.1798
cell_07_07,2026-03,ndwi_mean,-0.3559,-0.3437,0.0023,3,-0.0122,-3.5826
cell_07_07,2026-03,viirs_avg_rad_mean,52.3397,48.1832,1.2791,3,4.1565,2.1918
cell_07_07,2026-03,era5_temperature_mean,23.5051,22.2202,0.4712,3,1.2849,1.8393
cell_07_07,2026-03,era5_precipitation_total,27.401,39.4606,26.5335,3,-12.0596,-0.3066
cell_07_07,2026-03,era5_wind_speed_mean,2.4575,2.5074,0.3299,3,-0.0499,-0.102
cell_07_08,2026-03,ndvi_mean,0.3621,0.3653,0.0086,3,-0.0032,-0.2509
cell_07_08,2026-03,ndbi_mean,-0.0278,-0.0541,0.0005,3,0.0263,35.4525
cell_07_08,2026-03,ndwi_mean,-0.4023,-0.3886,0.008,3,-0.0137,-1.1525
cell_07_08,2026-03,viirs_avg_rad_mean,48.2469,43.5464,0.5289,3,4.7005,5.9944
cell_07_08,2026-03,era5_temperature_mean,23.5051,22.2202,0.4712,3,1.2849,1.8393
cell_07_08,2026-03,era5_precipitation_total,27.401,39.4606,26.5335,3,-12.0596,-0.3066
cell_07_08,2026-03,era5_wind_speed_mean,2.4575,2.5074,0.3299,3,-0.0499,-0.102
cell_07_09,2026-03,ndvi_mean,0.2551,0.2663,0.0019,3,-0.0112,-3.9656
cell_07_09,2026-03,ndbi_mean,-0.0012,-0.0215,0.0002,3,0.0203,68.3554
cell_07_09,2026-03,ndwi_mean,-0.3064,-0.306,0.0033,3,-0.0004,-0.0823
cell_07_09,2026-03,viirs_avg_rad_mean,44.7634,38.9635,0.8869,3,5.7999,4.4109
cell_07_09,2026-03,era5_temperature_mean,23.5051,22.2202,0.4712,3,1.2849,1.8393
cell_07_09,2026-03,era5_precipitation_total,27.401,39.4606,26.5335,3,-12.0596,-0.3066
cell_07_09,2026-03,era5_wind_speed_mean,2.4575,2.5074,0.3299,3,-0.0499,-0.102
cell_07_10,2026-03,ndvi_mean,0.1757,0.1794,0.0063,3,-0.0037,-0.3926
cell_07_10,2026-03,ndbi_mean,0.0326,0.012,0.0039,3,0.0206,3.5705
cell_07_10,2026-03,ndwi_mean,-0.2263,-0.2312,0.0022,3,0.0049,1.5081
cell_07_10,2026-03,viirs_avg_rad_mean,39.7219,33.9258,0.5527,3,5.7961,7.0733
cell_07_10,2026-03,era5_temperature_mean,23.4861,22.2104,0.5112,3,1.2757,1.6833
cell_07_10,2026-03,era5_precipitation_total,25.6328,40.5181,26.2016,3,-14.8853,-0.3832
cell_07_10,2026-03,era5_wind_speed_mean,2.4442,2.5023,0.3197,3,-0.0581,-0.1225
cell_07_11,2026-03,ndvi_mean,0.1815,0.1844,0.0103,3,-0.0029,-0.1919
cell_07_11,2026-03,ndbi_mean,0.0586,0.0343,0.0072,3,0.0243,2.2721
cell_07_11,2026-03,ndwi_mean,-0.2578,-0.2464,0.0044,3,-0.0114,-1.7545
cell_07_11,2026-03,viirs_avg_rad_mean,42.5181,36.4321,1.516,3,6.086,2.7078
cell_07_11,2026-03,era5_temperature_mean,23.4861,22.2104,0.5112,3,1.2757,1.6833
cell_07_11,2026-03,era5_precipitation_total,25.6328,40.5181,26.2016,3,-14.8853,-0.3832
cell_07_11,2026-03,era5_wind_speed_mean,2.4442,2.5023,0.3197,3,-0.0581,-0.1225
cell_07_12,2026-03,ndvi_mean,0.165,0.1788,0.0025,3,-0.0138,-3.7267
cell_07_12,2026-03,ndbi_mean,0.0711,0.0494,0.0008,3,0.0217,18.3374
cell_07_12,2026-03,ndwi_mean,-0.2379,-0.2369,0.0026,3,-0.001,-0.2639
cell_07_12,2026-03,viirs_avg_rad_mean,41.6428,35.5525,3.148,3,6.0903,1.3049
cell_07_12,2026-03,era5_temperature_mean,23.4861,22.2104,0.5112,3,1.2757,1.6833
cell_07_12,2026-03,era5_precipitation_total,25.6328,40.5181,26.2016,3,-14.8853,-0.3832
cell_07_12,2026-03,era5_wind_speed_mean,2.4442,2.5023,0.3197,3,-0.0581,-0.1225
cell_07_13,2026-03,ndvi_mean,0.3415,0.3472,0.0074,3,-0.0057,-0.5181
cell_07_13,2026-03,ndbi_mean,-0.0351,-0.0468,0.0134,3,0.0117,0.5901
cell_07_13,2026-03,ndwi_mean,-0.3795,-0.3743,0.0056,3,-0.0052,-0.6303
cell_07_13,2026-03,viirs_avg_rad_mean,35.4981,27.8647,0.7751,3,7.6334,6.6425
cell_07_13,2026-03,era5_temperature_mean,23.4861,22.2104,0.5112,3,1.2757,1.6833
cell_07_13,2026-03,era5_precipitation_total,25.6328,40.5181,26.2016,3,-14.8853,-0.3832
cell_07_13,2026-03,era5_wind_speed_mean,2.4442,2.5023,0.3197,3,-0.0581,-0.1225
cell_07_14,2026-03,ndvi_mean,0.5187,0.4863,0.0058,3,0.0324,3.7669
cell_07_14,2026-03,ndbi_mean,-0.1661,-0.1508,0.014,3,-0.0153,-0.7372
cell_07_14,2026-03,ndwi_mean,-0.5027,-0.4685,0.0011,3,-0.0342,-20.986
cell_07_14,2026-03,viirs_avg_rad_mean,27.0015,18.037,0.1085,3,8.9645,55.728
cell_07_14,2026-03,era5_temperature_mean,23.4861,22.2104,0.5112,3,1.2757,1.6833
cell_07_14,2026-03,era5_precipitation_total,25.6328,40.5181,26.2016,3,-14.8853,-0.3832
cell_07_14,2026-03,era5_wind_speed_mean,2.4442,2.5023,0.3197,3,-0.0581,-0.1225
cell_07_15,2026-03,ndvi_mean,0.2504,0.2552,0.0136,3,-0.0048,-0.2366
cell_07_15,2026-03,ndbi_mean,0.0245,-0.056,0.016,3,0.0805,3.3923
cell_07_15,2026-03,ndwi_mean,-0.2808,-0.2708,0.0018,3,-0.01,-3.7604
cell_07_15,2026-03,viirs_avg_rad_mean,16.6246,12.6551,0.2577,3,3.9695,10.3894
cell_07_15,2026-03,era5_temperature_mean,23.4861,22.2104,0.5112,3,1.2757,1.6833
cell_07_15,2026-03,era5_precipitation_total,25.6328,40.5181,26.2016,3,-14.8853,-0.3832
cell_07_15,2026-03,era5_wind_speed_mean,2.4442,2.5023,0.3197,3,-0.0581,-0.1225
cell_07_16,2026-03,ndvi_mean,0.3311,0.2305,0.0362,3,0.1006,1.8746
cell_07_16,2026-03,ndbi_mean,0.0286,-0.0057,0.0106,3,0.0343,2.1827
cell_07_16,2026-03,ndwi_mean,-0.3522,-0.2549,0.024,3,-0.0973,-2.7333
cell_07_16,2026-03,viirs_avg_rad_mean,15.6401,12.7863,0.1442,3,2.8538,13.3486
cell_07_16,2026-03,era5_temperature_mean,23.4861,22.2104,0.5112,3,1.2757,1.6833
cell_07_16,2026-03,era5_precipitation_total,25.6328,40.5181,26.2016,3,-14.8853,-0.3832
cell_07_16,2026-03,era5_wind_speed_mean,2.4442,2.5023,0.3197,3,-0.0581,-0.1225
cell_07_17,2026-03,ndvi_mean,0.5196,0.4967,0.0134,3,0.0229,1.1524
cell_07_17,2026-03,ndbi_mean,-0.1165,-0.1306,0.0066,3,0.0141,1.4402
cell_07_17,2026-03,ndwi_mean,-0.5206,-0.5052,0.0088,3,-0.0154,-1.1799
cell_07_17,2026-03,viirs_avg_rad_mean,22.0212,14.2875,1.8353,3,7.7337,2.8422
cell_07_17,2026-03,era5_temperature_mean,23.4861,22.2104,0.5112,3,1.2757,1.6833
cell_07_17,2026-03,era5_precipitation_total,25.6328,40.5181,26.2016,3,-14.8853,-0.3832
cell_07_17,2026-03,era5_wind_speed_mean,2.4442,2.5023,0.3197,3,-0.0581,-0.1225
cell_07_18,2026-03,ndvi_mean,0.413,0.4332,0.0167,3,-0.0202,-0.8158
cell_07_18,2026-03,ndbi_mean,-0.0802,-0.0955,0.0132,3,0.0153,0.7799
cell_07_18,2026-03,ndwi_mean,-0.4357,-0.4422,0.0021,3,0.0065,2.0786
cell_07_18,2026-03,viirs_avg_rad_mean,50.4454,30.8937,4.011,3,19.5517,3.2878
cell_07_18,2026-03,era5_temperature_mean,23.4861,22.2104,0.5112,3,1.2757,1.6833
cell_07_18,2026-03,era5_precipitation_total,25.6328,40.5181,26.2016,3,-14.8853,-0.3832
cell_07_18,2026-03,era5_wind_speed_mean,2.4442,2.5023,0.3197,3,-0.0581,-0.1225
cell_07_19,2026-03,ndvi_mean,0.2057,0.2601,0.0228,3,-0.0544,-1.609
cell_07_19,2026-03,ndbi_mean,0.0423,0.0079,0.0099,3,0.0344,2.3466
cell_07_19,2026-03,ndwi_mean,-0.269,-0.3088,0.0128,3,0.0398,2.0988
cell_07_19,2026-03,viirs_avg_rad_mean,65.5481,49.0863,4.8735,3,16.4618,2.2783
cell_07_19,2026-03,era5_temperature_mean,23.4861,22.2104,0.5112,3,1.2757,1.6833
cell_07_19,2026-03,era5_precipitation_total,25.6328,40.5181,26.2016,3,-14.8853,-0.3832
cell_07_19,2026-03,era5_wind_speed_mean,2.4442,2.5023,0.3197,3,-0.0581,-0.1225
cell_08_00,2026-03,ndvi_mean,0.2944,0.3018,0.0086,3,-0.0074,-0.5818
cell_08_00,2026-03,ndbi_mean,-0.0195,-0.0327,0.004,3,0.0132,2.2296
cell_08_00,2026-03,ndwi_mean,-0.3473,-0.3445,0.0102,3,-0.0028,-0.187
cell_08_00,2026-03,viirs_avg_rad_mean,47.0186,48.436,4.4205,3,-1.4174,-0.2163
cell_08_00,2026-03,era5_temperature_mean,23.5051,22.2202,0.4712,3,1.2849,1.8393
cell_08_00,2026-03,era5_precipitation_total,27.401,39.4606,26.5335,3,-12.0596,-0.3066
cell_08_00,2026-03,era5_wind_speed_mean,2.4575,2.5074,0.3299,3,-0.0499,-0.102
cell_08_01,2026-03,ndvi_mean,0.2409,0.2479,0.0018,3,-0.007,-2.61
cell_08_01,2026-03,ndbi_mean,-0.0021,-0.0115,0.0022,3,0.0094,2.8818
cell_08_01,2026-03,ndwi_mean,-0.2911,-0.2919,0.0003,3,0.0008,1.7325
cell_08_01,2026-03,viirs_avg_rad_mean,49.0829,49.9753,4.9511,3,-0.8924,-0.1216
cell_08_01,2026-03,era5_temperature_mean,23.5051,22.2202,0.4712,3,1.2849,1.8393
cell_08_01,2026-03,era5_precipitation_total,27.401,39.4606,26.5335,3,-12.0596,-0.3066
cell_08_01,2026-03,era5_wind_speed_mean,2.4575,2.5074,0.3299,3,-0.0499,-0.102
cell_08_02,2026-03,ndvi_mean,0.1338,0.1371,0.001,3,-0.0033,-2.2562
cell_08_02,2026-03,ndbi_mean,0.0452,0.0308,0.0091,3,0.0144,1.0669
cell_08_02,2026-03,ndwi_mean,-0.1977,-0.1921,0.0011,3,-0.0056,-3.4065
cell_08_02,2026-03,viirs_avg_rad_mean,47.2464,48.6091,0.7821,3,-1.3627,-1.1752
cell_08_02,2026-03,era5_temperature_mean,23.5051,22.2202,0.4712,3,1.2849,1.8393
cell_08_02,2026-03,era5_precipitation_total,27.401,39.4606,26.5335,3,-12.0596,-0.3066
cell_08_02,2026-03,era5_wind_speed_mean,2.4575,2.5074,0.3299,3,-0.0499,-0.102
cell_08_03,2026-03,ndvi_mean,0.156,0.162,0.0046,3,-0.006,-0.8737
cell_08_03,2026-03,ndbi_mean,0.0545,0.0391,0.0016,3,0.0154,6.5109
cell_08_03,2026-03,ndwi_mean,-0.2173,-0.2117,0.0038,3,-0.0056,-0.9942
cell_08_03,2026-03,viirs_avg_rad_mean,50.975,46.9151,1.3045,3,4.0599,2.0992
cell_08_03,2026-03,era5_temperature_mean,23.5051,22.2202,0.4712,3,1.2849,1.8393
cell_08_03,2026-03,era5_precipitation_total,27.401,39.4606,26.5335,3,-12.0596,-0.3066
cell_08_03,2026-03,era5_wind_speed_mean,2.4575,2.5074,0.3299,3,-0.0499,-0.102
cell_08_04,2026-03,ndvi_mean,0.1614,0.1624,0.0026,3,-0.001,-0.2598
cell_08_04,2026-03,ndbi_mean,0.0756,0.0564,0.0072,3,0.0192,1.7972
cell_08_04,2026-03,ndwi_mean,-0.2335,-0.223,0.0007,3,-0.0105,-10.132
cell_08_04,2026-03,viirs_avg_rad_mean,52.8894,48.2467,3.5599,3,4.6427,0.8797
cell_08_04,2026-03,era5_temperature_mean,23.5051,22.2202,0.4712,3,1.2849,1.8393
cell_08_04,2026-03,era5_precipitation_total,27.401,39.4606,26.5335,3,-12.0596,-0.3066
cell_08_04,2026-03,era5_wind_speed_mean,2.4575,2.5074,0.3299,3,-0.0499,-0.102
cell_08_05,2026-03,ndvi_mean,0.1511,0.1549,0.0022,3,-0.0038,-1.1529
cell_08_05,2026-03,ndbi_mean,0.0762,0.0601,0.0055,3,0.0161,1.9724
cell_08_05,2026-03,ndwi_mean,-0.2105,-0.2077,0.0018,3,-0.0028,-1.0494
cell_08_05,2026-03,viirs_avg_rad_mean,58.9263,51.3437,4.0777,3,7.5826,1.2542
cell_08_05,2026-03,era5_temperature_mean,23.5051,22.2202,0.4712,3,1.2849,1.8393
cell_08_05,2026-03,era5_precipitation_total,27.401,39.4606,26.5335,3,-12.0596,-0.3066
cell_08_05,2026-03,era5_wind_speed_mean,2.4575,2.5074,0.3299,3,-0.0499,-0.102
cell_08_06,2026-03,ndvi_mean,0.2205,0.2123,0.0076,3,0.0082,0.7245
cell_08_06,2026-03,ndbi_mean,0.0414,0.0209,0.0051,3,0.0205,2.7108
cell_08_06,2026-03,ndwi_mean,-0.2927,-0.2756,0.0059,3,-0.0171,-1.9558
cell_08_06,2026-03,viirs_avg_rad_mean,59.1101,51.7029,2.9208,3,7.4072,1.7105
cell_08_06,2026-03,era5_temperature_mean,23.5051,22.2202,0.4712,3,1.2849,1.8393
cell_08_06,2026-03,era5_precipitation_total,27.401,39.4606,26.5335,3,-12.0596,-0.3066
cell_08_06,2026-03,era5_wind_speed_mean,2.4575,2.5074,0.3299,3,-0.0499,-0.102
cell_08_07,2026-03,ndvi_mean,0.267,0.2529,0.0079,3,0.0141,1.201
cell_08_07,2026-03,ndbi_mean,0.0173,0.0011,0.0067,3,0.0162,1.6294
cell_08_07,2026-03,ndwi_mean,-0.3333,-0.3116,0.0049,3,-0.0217,-2.9816
cell_08_07,2026-03,viirs_avg_rad_mean,54.1983,51.9663,1.3625,3,2.232,1.1049
cell_08_07,2026-03,era5_temperature_mean,23.5051,22.2202,0.4712,3,1.2849,1.8393
cell_08_07,2026-03,era5_precipitation_total,27.401,39.4606,26.5335,3,-12.0596,-0.3066
cell_08_07,2026-03,era5_wind_speed_mean,2.4575,2.5074,0.3299,3,-0.0499,-0.102
cell_08_08,2026-03,ndvi_mean,0.391,0.3786,0.0022,3,0.0124,3.7882
cell_08_08,2026-03,ndbi_mean,-0.0325,-0.0476,0.0004,3,0.0151,25.5282
cell_08_08,2026-03,ndwi_mean,-0.4297,-0.4074,0.0042,3,-0.0223,-3.5822
cell_08_08,2026-03,viirs_avg_rad_mean,50.3402,51.5723,2.0679,3,-1.2321,-0.4019
cell_08_08,2026-03,era5_temperature_mean,23.5051,22.2202,0.4712,3,1.2849,1.8393
cell_08_08,2026-03,era5_precipitation_total,27.401,39.4606,26.5335,3,-12.0596,-0.3066
cell_08_08,2026-03,era5_wind_speed_mean,2.4575,2.5074,0.3299,3,-0.0499,-0.102
cell_08_09,2026-03,ndvi_mean,0.2095,0.2113,0.0011,3,-0.0018,-1.0815
cell_08_09,2026-03,ndbi_mean,0.0181,0.0021,0.0025,3,0.016,4.3154
cell_08_09,2026-03,ndwi_mean,-0.271,-0.2562,0.0017,3,-0.0148,-5.8918
cell_08_09,2026-03,viirs_avg_rad_mean,49.5294,46.8571,0.3882,3,2.6723,4.6431
cell_08_09,2026-03,era5_temperature_mean,23.5051,22.2202,0.4712,3,1.2849,1.8393
cell_08_09,2026-03,era5_precipitation_total,27.401,39.4606,26.5335,3,-12.0596,-0.3066
cell_08_09,2026-03,era5_wind_speed_mean,2.4575,2.5074,0.3299,3,-0.0499,-0.102
cell_08_10,2026-03,ndvi_mean,0.1657,0.166,0.0023,3,-0.0003,-0.0921
cell_08_10,2026-03,ndbi_mean,0.0455,0.0335,0.0048,3,0.012,1.6813
cell_08_10,2026-03,ndwi_mean,-0.2397,-0.2235,0.0042,3,-0.0162,-2.5971
cell_08_10,2026-03,viirs_avg_rad_mean,46.9919,40.4272,0.3623,3,6.5647,12.2215
cell_08_10,2026-03,era5_temperature_mean,23.4861,22.2104,0.5112,3,1.2757,1.6833
cell_08_10,2026-03,era5_precipitation_total,25.6328,40.5181,26.2016,3,-14.8853,-0.3832
cell_08_10,2026-03,era5_wind_speed_mean,2.4442,2.5023,0.3197,3,-0.0581,-0.1225
cell_08_11,2026-03,ndvi_mean,0.3577,0.3186,0.0103,3,0.0391,2.5612
cell_08_11,2026-03,ndbi_mean,-0.0199,-0.0211,0.0024,3,0.0012,0.3371
cell_08_11,2026-03,ndwi_mean,-0.4039,-0.3587,0.0085,3,-0.0452,-3.5904
cell_08_11,2026-03,viirs_avg_rad_mean,43.6376,38.5958,1.0651,3,5.0418,3.1928
cell_08_11,2026-03,era5_temperature_mean,23.4861,22.2104,0.5112,3,1.2757,1.6833
cell_08_11,2026-03,era5_precipitation_total,25.6328,40.5181,26.2016,3,-14.8853,-0.3832
cell_08_11,2026-03,era5_wind_speed_mean,2.4442,2.5023,0.3197,3,-0.0581,-0.1225
cell_08_12,2026-03,ndvi_mean,0.2556,0.2495,0.0204,3,0.0061,0.2021
cell_08_12,2026-03,ndbi_mean,0.029,0.0066,0.0089,3,0.0224,1.7006
cell_08_12,2026-03,ndwi_mean,-0.3199,-0.3046,0.0107,3,-0.0153,-0.9616
cell_08_12,2026-03,viirs_avg_rad_mean,37.9144,31.4986,2.4472,3,6.4158,1.7683
cell_08_12,2026-03,era5_temperature_mean,23.4861,22.2104,0.5112,3,1.2757,1.6833
cell_08_12,2026-03,era5_precipitation_total,25.6328,40.5181,26.2016,3,-14.8853,-0.3832
cell_08_12,2026-03,era5_wind_speed_mean,2.4442,2.5023,0.3197,3,-0.0581,-0.1225
cell_08_13,2026-03,ndvi_mean,0.7648,0.6809,0.0082,3,0.0839,6.8973
cell_08_13,2026-03,ndbi_mean,-0.2916,-0.2167,0.0371,3,-0.0749,-1.3615
cell_08_13,2026-03,ndwi_mean,-0.6828,-0.5952,0.0176,3,-0.0876,-3.3554
cell_08_13,2026-03,viirs_avg_rad_mean,24.8271,20.5992,0.8211,3,4.2279,3.473
cell_08_13,2026-03,era5_temperature_mean,23.4861,22.2104,0.5112,3,1.2757,1.6833
cell_08_13,2026-03,era5_precipitation_total,25.6328,40.5181,26.2016,3,-14.8853,-0.3832
cell_08_13,2026-03,era5_wind_speed_mean,2.4442,2.5023,0.3197,3,-0.0581,-0.1225
cell_08_14,2026-03,ndvi_mean,0.3903,0.3217,0.0003,3,0.0686,154.2045
cell_08_14,2026-03,ndbi_mean,-0.098,-0.1057,0.0039,3,0.0077,1.3336
cell_08_14,2026-03,ndwi_mean,-0.363,-0.3341,0.0219,3,-0.0289,-0.8904
cell_08_14,2026-03,viirs_avg_rad_mean,18.344,13.7788,0.1211,3,4.5652,25.4267
cell_08_14,2026-03,era5_temperature_mean,23.4861,22.2104,0.5112,3,1.2757,1.6833
cell_08_14,2026-03,era5_precipitation_total,25.6328,40.5181,26.2016,3,-14.8853,-0.3832
cell_08_14,2026-03,era5_wind_speed_mean,2.4442,2.5023,0.3197,3,-0.0581,-0.1225
cell_08_15,2026-03,ndvi_mean,0.2298,0.2362,0.0253,3,-0.0064,-0.1711
cell_08_15,2026-03,ndbi_mean,0.0209,-0.0504,0.0268,3,0.0713,1.7937
cell_08_15,2026-03,ndwi_mean,-0.2676,-0.2813,0.0126,3,0.0137,0.7335
cell_08_15,2026-03,viirs_avg_rad_mean,19.0587,15.5433,0.5564,3,3.5154,4.2616
cell_08_15,2026-03,era5_temperature_mean,23.4861,22.2104,0.5112,3,1.2757,1.6833
cell_08_15,2026-03,era5_precipitation_total,25.6328,40.5181,26.2016,3,-14.8853,-0.3832
cell_08_15,2026-03,era5_wind_speed_mean,2.4442,2.5023,0.3197,3,-0.0581,-0.1225
cell_08_16,2026-03,ndvi_mean,0.4603,0.4259,0.0198,3,0.0344,1.1729
cell_08_16,2026-03,ndbi_mean,-0.1074,-0.0735,0.0015,3,-0.0339,-15.2413
cell_08_16,2026-03,ndwi_mean,-0.4627,-0.4453,0.0205,3,-0.0174,-0.5735
cell_08_16,2026-03,viirs_avg_rad_mean,26.3179,23.388,0.9656,3,2.9299,2.0466
cell_08_16,2026-03,era5_temperature_mean,23.4861,22.2104,0.5112,3,1.2757,1.6833
cell_08_16,2026-03,era5_precipitation_total,25.6328,40.5181,26.2016,3,-14.8853,-0.3832
cell_08_16,2026-03,era5_wind_speed_mean,2.4442,2.5023,0.3197,3,-0.0581,-0.1225
cell_08_17,2026-03,ndvi_mean,0.375,0.4213,0.012,3,-0.0463,-2.6037
cell_08_17,2026-03,ndbi_mean,-0.0728,-0.1072,0.0176,3,0.0344,1.3189
cell_08_17,2026-03,ndwi_mean,-0.3943,-0.4307,0.0065,3,0.0364,3.7759
cell_08_17,2026-03,viirs_avg_rad_mean,42.3301,37.1603,5.7629,3,5.1698,0.6051
cell_08_17,2026-03,era5_temperature_mean,23.4861,22.2104,0.5112,3,1.2757,1.6833
cell_08_17,2026-03,era5_precipitation_total,25.6328,40.5181,26.2016,3,-14.8853,-0.3832
cell_08_17,2026-03,era5_wind_speed_mean,2.4442,2.5023,0.3197,3,-0.0581,-0.1225
cell_08_18,2026-03,ndvi_mean,0.2744,0.2908,0.0081,3,-0.0164,-1.3632
cell_08_18,2026-03,ndbi_mean,-0.0224,-0.0312,0.0036,3,0.0088,1.6443
cell_08_18,2026-03,ndwi_mean,-0.3035,-0.3118,0.0037,3,0.0083,1.5084
cell_08_18,2026-03,viirs_avg_rad_mean,69.4729,52.7199,7.0695,3,16.753,1.5984
cell_08_18,2026-03,era5_temperature_mean,23.4861,22.2104,0.5112,3,1.2757,1.6833
cell_08_18,2026-03,era5_precipitation_total,25.6328,40.5181,26.2016,3,-14.8853,-0.3832
cell_08_18,2026-03,era5_wind_speed_mean,2.4442,2.5023,0.3197,3,-0.0581,-0.1225
cell_08_19,2026-03,ndvi_mean,0.2446,0.2995,0.0201,3,-0.0549,-1.843
cell_08_19,2026-03,ndbi_mean,0.023,-0.0214,0.0047,3,0.0444,6.3654
cell_08_19,2026-03,ndwi_mean,-0.2949,-0.328,0.0007,3,0.0331,31.9304
cell_08_19,2026-03,viirs_avg_rad_mean,76.1686,54.8405,6.7796,3,21.3281,2.1219
cell_08_19,2026-03,era5_temperature_mean,23.4861,22.2104,0.5112,3,1.2757,1.6833
cell_08_19,2026-03,era5_precipitation_total,25.6328,40.5181,26.2016,3,-14.8853,-0.3832
cell_08_19,2026-03,era5_wind_speed_mean,2.4442,2.5023,0.3197,3,-0.0581,-0.1225
cell_09_00,2026-03,ndvi_mean,0.2463,0.2516,0.0006,3,-0.0053,-5.9586
cell_09_00,2026-03,ndbi_mean,0.0002,-0.0171,0.0063,3,0.0173,1.8518
cell_09_00,2026-03,ndwi_mean,-0.3015,-0.2966,0.003,3,-0.0049,-1.1061
cell_09_00,2026-03,viirs_avg_rad_mean,50.2419,55.2296,0.3111,3,-4.9877,-10.8138
cell_09_00,2026-03,era5_temperature_mean,23.5051,22.2202,0.4712,3,1.2849,1.8393
cell_09_00,2026-03,era5_precipitation_total,27.401,39.4606,26.5335,3,-12.0596,-0.3066
cell_09_00,2026-03,era5_wind_speed_mean,2.4575,2.5074,0.3299,3,-0.0499,-0.102
cell_09_01,2026-03,ndvi_mean,0.2852,0.2979,0.0031,3,-0.0127,-2.7535
cell_09_01,2026-03,ndbi_mean,-0.0066,-0.0259,0.0001,3,0.0193,129.926
cell_09_01,2026-03,ndwi_mean,-0.3296,-0.3324,0.0029,3,0.0028,0.6479
cell_09_01,2026-03,viirs_avg_rad_mean,54.2894,52.5329,0.9226,3,1.7565,1.2841
cell_09_01,2026-03,era5_temperature_mean,23.5051,22.2202,0.4712,3,1.2849,1.8393
cell_09_01,2026-03,era5_precipitation_total,27.401,39.4606,26.5335,3,-12.0596,-0.3066
cell_09_01,2026-03,era5_wind_speed_mean,2.4575,2.5074,0.3299,3,-0.0499,-0.102
cell_09_02,2026-03,ndvi_mean,0.3333,0.3552,0.0086,3,-0.0219,-1.7192
cell_09_02,2026-03,ndbi_mean,-0.0135,-0.0442,0.0032,3,0.0307,6.4722
cell_09_02,2026-03,ndwi_mean,-0.3768,-0.3786,0.0068,3,0.0018,0.178
cell_09_02,2026-03,viirs_avg_rad_mean,56.4482,46.5525,1.0687,3,9.8957,6.2455
cell_09_02,2026-03,era5_temperature_mean,23.5051,22.2202,0.4712,3,1.2849,1.8393
cell_09_02,2026-03,era5_precipitation_total,27.401,39.4606,26.5335,3,-12.0596,-0.3066
cell_09_02,2026-03,era5_wind_speed_mean,2.4575,2.5074,0.3299,3,-0.0499,-0.102
cell_09_03,2026-03,ndvi_mean,0.6132,0.5903,0.0127,3,0.0229,1.2154
cell_09_03,2026-03,ndbi_mean,-0.149,-0.1388,0.0007,3,-0.0102,-9.7847
cell_09_03,2026-03,ndwi_mean,-0.6045,-0.5673,0.0125,3,-0.0372,-2.0082
cell_09_03,2026-03,viirs_avg_rad_mean,55.4703,45.0254,2.4006,3,10.4449,2.9347
cell_09_03,2026-03,era5_temperature_mean,23.5051,22.2202,0.4712,3,1.2849,1.8393
cell_09_03,2026-03,era5_precipitation_total,27.401,39.4606,26.5335,3,-12.0596,-0.3066
cell_09_03,2026-03,era5_wind_speed_mean,2.4575,2.5074,0.3299,3,-0.0499,-0.102
cell_09_04,2026-03,ndvi_mean,0.3089,0.3013,0.0017,3,0.0076,2.9959
cell_09_04,2026-03,ndbi_mean,0.0164,0.0116,0.0044,3,0.0048,0.7305
cell_09_04,2026-03,ndwi_mean,-0.38,-0.361,0.0049,3,-0.019,-2.6098
cell_09_04,2026-03,viirs_avg_rad_mean,49.0506,45.4446,2.9909,3,3.606,0.8132
cell_09_04,2026-03,era5_temperature_mean,23.5051,22.2202,0.4712,3,1.2849,1.8393
cell_09_04,2026-03,era5_precipitation_total,27.401,39.4606,26.5335,3,-12.0596,-0.3066
cell_09_04,2026-03,era5_wind_speed_mean,2.4575,2.5074,0.3299,3,-0.0499,-0.102
cell_09_05,2026-03,ndvi_mean,0.2217,0.2196,0.0003,3,0.0021,4.7028
cell_09_05,2026-03,ndbi_mean,0.039,0.0273,0.0001,3,0.0117,78.7237
cell_09_05,2026-03,ndwi_mean,-0.2793,-0.2708,0.0006,3,-0.0085,-9.6036
cell_09_05,2026-03,viirs_avg_rad_mean,49.0683,49.3999,3.6569,3,-0.3316,-0.0612
cell_09_05,2026-03,era5_temperature_mean,23.5051,22.2202,0.4712,3,1.2849,1.8393
cell_09_05,2026-03,era5_precipitation_total,27.401,39.4606,26.5335,3,-12.0596,-0.3066
cell_09_05,2026-03,era5_wind_speed_mean,2.4575,2.5074,0.3299,3,-0.0499,-0.102
cell_09_06,2026-03,ndvi_mean,0.4224,0.4218,0.0043,3,0.0006,0.0871
cell_09_06,2026-03,ndbi_mean,-0.067,-0.0821,0.002,3,0.0151,5.0923
cell_09_06,2026-03,ndwi_mean,-0.4415,-0.4303,0.0056,3,-0.0112,-1.348
cell_09_06,2026-03,viirs_avg_rad_mean,51.657,52.9809,3.1078,3,-1.3239,-0.2873
cell_09_06,2026-03,era5_temperature_mean,23.5051,22.2202,0.4712,3,1.2849,1.8393
cell_09_06,2026-03,era5_precipitation_total,27.401,39.4606,26.5335,3,-12.0596,-0.3066
cell_09_06,2026-03,era5_wind_speed_mean,2.4575,2.5074,0.3299,3,-0.0499,-0.102
cell_09_07,2026-03,ndvi_mean,0.5099,0.483,0.0075,3,0.0269,2.4164
cell_09_07,2026-03,ndbi_mean,-0.0574,-0.0649,0.009,3,0.0075,0.5643
cell_09_07,2026-03,ndwi_mean,-0.5352,-0.5053,0.0081,3,-0.0299,-2.492
cell_09_07,2026-03,viirs_avg_rad_mean,45.7622,42.8522,0.5887,3,2.91,3.3341
cell_09_07,2026-03,era5_temperature_mean,23.5051,22.2202,0.4712,3,1.2849,1.8393
cell_09_07,2026-03,era5_precipitation_total,27.401,39.4606,26.5335,3,-12.0596,-0.3066
cell_09_07,2026-03,era5_wind_speed_mean,2.4575,2.5074,0.3299,3,-0.0499,-0.102
cell_09_08,2026-03,ndvi_mean,0.3362,0.3429,0.0015,3,-0.0067,-3.0066
cell_09_08,2026-03,ndbi_mean,-0.0281,-0.0356,0.0019,3,0.0075,2.6598
cell_09_08,2026-03,ndwi_mean,-0.3728,-0.376,0.0034,3,0.0032,0.6382
cell_09_08,2026-03,viirs_avg_rad_mean,51.4505,43.9144,0.2075,3,7.5361,24.4965
cell_09_08,2026-03,era5_temperature_mean,23.5051,22.2202,0.4712,3,1.2849,1.8393
cell_09_08,2026-03,era5_precipitation_total,27.401,39.4606,26.5335,3,-12.0596,-0.3066
cell_09_08,2026-03,era5_wind_speed_mean,2.4575,2.5074,0.3299,3,-0.0499,-0.102
cell_09_09,2026-03,ndvi_mean,0.2834,0.302,0.0007,3,-0.0186,-17.9613
cell_09_09,2026-03,ndbi_mean,-0.0041,-0.0298,0.0021,3,0.0257,8.2692
cell_09_09,2026-03,ndwi_mean,-0.3341,-0.3358,0.0049,3,0.0017,0.2303
cell_09_09,2026-03,viirs_avg_rad_mean,55.8281,47.979,0.2165,3,7.8491,24.4532
cell_09_09,2026-03,era5_temperature_mean,23.5051,22.2202,0.4712,3,1.2849,1.8393
cell_09_09,2026-03,era5_precipitation_total,27.401,39.4606,26.5335,3,-12.0596,-0.3066
cell_09_09,2026-03,era5_wind_speed_mean,2.4575,2.5074,0.3299,3,-0.0499,-0.102
cell_09_10,2026-03,ndvi_mean,0.1777,0.185,0.0027,3,-0.0073,-1.8145
cell_09_10,2026-03,ndbi_mean,0.0437,0.0307,0.0029,3,0.013,3.0172
cell_09_10,2026-03,ndwi_mean,-0.2544,-0.2507,0.0001,3,-0.0037,-24.7117
cell_09_10,2026-03,viirs_avg_rad_mean,53.5268,48.5768,2.3796,3,4.95,1.4031
cell_09_10,2026-03,era5_temperature_mean,23.4861,22.2104,0.5112,3,1.2757,1.6833
cell_09_10,2026-03,era5_precipitation_total,25.6328,40.5181,26.2016,3,-14.8853,-0.3832
cell_09_10,2026-03,era5_wind_speed_mean,2.4442,2.5023,0.3197,3,-0.0581,-0.1225
cell_09_11,2026-03,ndvi_mean,0.1877,0.1842,0.0052,3,0.0035,0.4551
cell_09_11,2026-03,ndbi_mean,0.0615,0.0461,0.0043,3,0.0154,2.412
cell_09_11,2026-03,ndwi_mean,-0.2569,-0.2516,0.007,3,-0.0053,-0.5118
cell_09_11,2026-03,viirs_avg_rad_mean,43.5983,38.312,0.862,3,5.2863,4.1364
cell_09_11,2026-03,era5_temperature_mean,23.4861,22.2104,0.5112,3,1.2757,1.6833
cell_09_11,2026-03,era5_precipitation_total,25.6328,40.5181,26.2016,3,-14.8853,-0.3832
cell_09_11,2026-03,era5_wind_speed_mean,2.4442,2.5023,0.3197,3,-0.0581,-0.1225
cell_09_12,2026-03,ndvi_mean,0.434,0.4239,0.0132,3,0.0101,0.517
cell_09_12,2026-03,ndbi_mean,-0.0892,-0.0942,0.0054,3,0.005,0.6221
cell_09_12,2026-03,ndwi_mean,-0.4513,-0.4332,0.0005,3,-0.0181,-24.4262
cell_09_12,2026-03,viirs_avg_rad_mean,34.2425,28.5725,0.3167,3,5.67,12.0756
cell_09_12,2026-03,era5_temperature_mean,23.4861,22.2104,0.5112,3,1.2757,1.6833
cell_09_12,2026-03,era5_precipitation_total,25.6328,40.5181,26.2016,3,-14.8853,-0.3832
cell_09_12,2026-03,era5_wind_speed_mean,2.4442,2.5023,0.3197,3,-0.0581,-0.1225
cell_09_13,2026-03,ndvi_mean,0.4117,0.3642,0.0017,3,0.0475,18.8317
cell_09_13,2026-03,ndbi_mean,-0.1461,-0.1285,0.0266,3,-0.0176,-0.4462
cell_09_13,2026-03,ndwi_mean,-0.3726,-0.3374,0.012,3,-0.0352,-1.9795
cell_09_13,2026-03,viirs_avg_rad_mean,23.6359,18.6951,0.0993,3,4.9408,33.5601
cell_09_13,2026-03,era5_temperature_mean,23.4861,22.2104,0.5112,3,1.2757,1.6833
cell_09_13,2026-03,era5_precipitation_total,25.6328,40.5181,26.2016,3,-14.8853,-0.3832
cell_09_13,2026-03,era5_wind_speed_mean,2.4442,2.5023,0.3197,3,-0.0581,-0.1225
cell_09_14,2026-03,ndvi_mean,0.3571,0.3545,0.0058,3,0.0026,0.2983
cell_09_14,2026-03,ndbi_mean,-0.0669,-0.0966,0.0186,3,0.0297,1.0756
cell_09_14,2026-03,ndwi_mean,-0.3624,-0.362,0.0122,3,-0.0004,-0.0235
cell_09_14,2026-03,viirs_avg_rad_mean,27.7115,17.3614,0.638,3,10.3501,10.9421
cell_09_14,2026-03,era5_temperature_mean,23.4861,22.2104,0.5112,3,1.2757,1.6833
cell_09_14,2026-03,era5_precipitation_total,25.6328,40.5181,26.2016,3,-14.8853,-0.3832
cell_09_14,2026-03,era5_wind_speed_mean,2.4442,2.5023,0.3197,3,-0.0581,-0.1225
cell_09_15,2026-03,ndvi_mean,0.4908,0.4552,0.0156,3,0.0356,1.5413
cell_09_15,2026-03,ndbi_mean,-0.1162,-0.1122,0.0003,3,-0.004,-9.0199
cell_09_15,2026-03,ndwi_mean,-0.5048,-0.4783,0.0026,3,-0.0265,-6.8824
cell_09_15,2026-03,viirs_avg_rad_mean,51.8107,27.5637,4.3944,3,24.247,3.7216
cell_09_15,2026-03,era5_temperature_mean,23.4861,22.2104,0.5112,3,1.2757,1.6833
cell_09_15,2026-03,era5_precipitation_total,25.6328,40.5181,26.2016,3,-14.8853,-0.3832
cell_09_15,2026-03,era5_wind_speed_mean,2.4442,2.5023,0.3197,3,-0.0581,-0.1225
cell_09_16,2026-03,ndvi_mean,0.2243,0.2399,0.0081,3,-0.0156,-1.3028
cell_09_16,2026-03,ndbi_mean,0.0211,0.003,0.0032,3,0.0181,3.8114
cell_09_16,2026-03,ndwi_mean,-0.2789,-0.2821,0.0017,3,0.0032,1.2642
cell_09_16,2026-03,viirs_avg_rad_mean,84.4223,40.9496,4.619,3,43.4727,6.3481
cell_09_16,2026-03,era5_temperature_mean,23.4861,22.2104,0.5112,3,1.2757,1.6833
cell_09_16,2026-03,era5_precipitation_total,25.6328,40.5181,26.2016,3,-14.8853,-0.3832
cell_09_16,2026-03,era5_wind_speed_mean,2.4442,2.5023,0.3197,3,-0.0581,-0.1225
cell_09_17,2026-03,ndvi_mean,0.1399,0.1632,0.0085,3,-0.0233,-1.8511
cell_09_17,2026-03,ndbi_mean,0.0539,0.0391,0.0041,3,0.0148,2.4417
cell_09_17,2026-03,ndwi_mean,-0.2021,-0.2164,0.0053,3,0.0143,1.8227
cell_09_17,2026-03,viirs_avg_rad_mean,91.4559,58.4308,4.0488,3,33.0251,5.5017
cell_09_17,2026-03,era5_temperature_mean,23.4861,22.2104,0.5112,3,1.2757,1.6833
cell_09_17,2026-03,era5_precipitation_total,25.6328,40.5181,26.2016,3,-14.8853,-0.3832
cell_09_17,2026-03,era5_wind_speed_mean,2.4442,2.5023,0.3197,3,-0.0581,-0.1225
cell_09_18,2026-03,ndvi_mean,0.2514,0.2452,0.0045,3,0.0062,0.9243
cell_09_18,2026-03,ndbi_mean,0.0164,0.0084,0.0014,3,0.008,3.8403
cell_09_18,2026-03,ndwi_mean,-0.301,-0.2819,0.0019,3,-0.0191,-6.7932
cell_09_18,2026-03,viirs_avg_rad_mean,78.6062,57.1737,3.4167,3,21.4325,4.231
cell_09_18,2026-03,era5_temperature_mean,23.4861,22.2104,0.5112,3,1.2757,1.6833
cell_09_18,2026-03,era5_precipitation_total,25.6328,40.5181,26.2016,3,-14.8853,-0.3832
cell_09_18,2026-03,era5_wind_speed_mean,2.4442,2.5023,0.3197,3,-0.0581,-0.1225
cell_09_19,2026-03,ndvi_mean,0.423,0.4132,0.0213,3,0.0098,0.3109
cell_09_19,2026-03,ndbi_mean,-0.0014,-0.0307,0.0107,3,0.0293,1.8447
cell_09_19,2026-03,ndwi_mean,-0.4727,-0.4466,0.0058,3,-0.0261,-3.0348
cell_09_19,2026-03,viirs_avg_rad_mean,57.3412,42.2353,2.7536,3,15.1059,3.7002
cell_09_19,2026-03,era5_temperature_mean,23.4861,22.2104,0.5112,3,1.2757,1.6833
cell_09_19,2026-03,era5_precipitation_total,25.6328,40.5181,26.2016,3,-14.8853,-0.3832
cell_09_19,2026-03,era5_wind_speed_mean,2.4442,2.5023,0.3197,3,-0.0581,-0.1225
cell_10_00,2026-03,ndvi_mean,0.2256,0.2297,0.0047,3,-0.0041,-0.5867
cell_10_00,2026-03,ndbi_mean,0.0157,0.004,0.0019,3,0.0117,4.1529
cell_10_00,2026-03,ndwi_mean,-0.2788,-0.2756,0.0072,3,-0.0032,-0.2966
cell_10_00,2026-03,viirs_avg_rad_mean,71.7728,67.9387,0.8705,3,3.8341,2.9708
cell_10_00,2026-03,era5_temperature_mean,23.5051,22.2202,0.4712,3,1.2849,1.8393
cell_10_00,2026-03,era5_precipitation_total,27.401,39.4606,26.5335,3,-12.0596,-0.3066
cell_10_00,2026-03,era5_wind_speed_mean,2.4575,2.5074,0.3299,3,-0.0499,-0.102
cell_10_01,2026-03,ndvi_mean,0.3136,0.3175,0.0006,3,-0.0039,-4.4227
cell_10_01,2026-03,ndbi_mean,-0.0318,-0.0441,0.0011,3,0.0123,7.5334
cell_10_01,2026-03,ndwi_mean,-0.3544,-0.3465,0.0032,3,-0.0079,-1.6561
cell_10_01,2026-03,viirs_avg_rad_mean,64.3447,60.1227,0.5105,3,4.222,5.5783
cell_10_01,2026-03,era5_temperature_mean,23.5051,22.2202,0.4712,3,1.2849,1.8393
cell_10_01,2026-03,era5_precipitation_total,27.401,39.4606,26.5335,3,-12.0596,-0.3066
cell_10_01,2026-03,era5_wind_speed_mean,2.4575,2.5074,0.3299,3,-0.0499,-0.102
cell_10_02,2026-03,ndvi_mean,0.4636,0.4387,0.0112,3,0.0249,1.4989
cell_10_02,2026-03,ndbi_mean,-0.0571,-0.0672,0.0015,3,0.0101,4.5224
cell_10_02,2026-03,ndwi_mean,-0.4786,-0.4417,0.0073,3,-0.0369,-3.4062
cell_10_02,2026-03,viirs_avg_rad_mean,62.2971,52.0754,1.0584,3,10.2217,6.514
cell_10_02,2026-03,era5_temperature_mean,23.5051,22.2202,0.4712,3,1.2849,1.8393
cell_10_02,2026-03,era5_precipitation_total,27.401,39.4606,26.5335,3,-12.0596,-0.3066
cell_10_02,2026-03,era5_wind_speed_mean,2.4575,2.5074,0.3299,3,-0.0499,-0.102
cell_10_03,2026-03,ndvi_mean,0.494,0.488,0.0009,3,0.006,4.5048
cell_10_03,2026-03,ndbi_mean,-0.0604,-0.0793,0.0003,3,0.0189,42.5458
cell_10_03,2026-03,ndwi_mean,-0.4984,-0.4828,0.0016,3,-0.0156,-6.5851
cell_10_03,2026-03,viirs_avg_rad_mean,56.7469,49.6108,3.252,3,7.1361,1.4801
cell_10_03,2026-03,era5_temperature_mean,23.5051,22.2202,0.4712,3,1.2849,1.8393
cell_10_03,2026-03,era5_precipitation_total,27.401,39.4606,26.5335,3,-12.0596,-0.3066
cell_10_03,2026-03,era5_wind_speed_mean,2.4575,2.5074,0.3299,3,-0.0499,-0.102
cell_10_04,2026-03,ndvi_mean,0.3645,0.3542,0.0088,3,0.0103,0.7894
cell_10_04,2026-03,ndbi_mean,-0.0295,-0.04,0.007,3,0.0105,1.0102
cell_10_04,2026-03,ndwi_mean,-0.4011,-0.3802,0.0096,3,-0.0209,-1.4668
cell_10_04,2026-03,viirs_avg_rad_mean,48.6568,48.4573,4.383,3,0.1995,0.0307
cell_10_04,2026-03,era5_temperature_mean,23.5051,22.2202,0.4712,3,1.2849,1.8393
cell_10_04,2026-03,era5_precipitation_total,27.401,39.4606,26.5335,3,-12.0596,-0.3066
cell_10_04,2026-03,era5_wind_speed_mean,2.4575,2.5074,0.3299,3,-0.0499,-0.102
cell_10_05,2026-03,ndvi_mean,0.2541,0.264,0.0038,3,-0.0099,-1.755
cell_10_05,2026-03,ndbi_mean,0.0184,-0.0179,0.0035,3,0.0363,7.0015
cell_10_05,2026-03,ndwi_mean,-0.3196,-0.3081,0.0069,3,-0.0115,-1.1263
cell_10_05,2026-03,viirs_avg_rad_mean,46.2839,43.1519,2.8557,3,3.132,0.7398
cell_10_05,2026-03,era5_temperature_mean,23.5051,22.2202,0.4712,3,1.2849,1.8393
cell_10_05,2026-03,era5_precipitation_total,27.401,39.4606,26.5335,3,-12.0596,-0.3066
cell_10_05,2026-03,era5_wind_speed_mean,2.4575,2.5074,0.3299,3,-0.0499,-0.102
cell_10_06,2026-03,ndvi_mean,0.4076,0.5156,0.0217,3,-0.108,-3.3578
cell_10_06,2026-03,ndbi_mean,-0.0211,-0.1254,0.0284,3,0.1043,2.4778
cell_10_06,2026-03,ndwi_mean,-0.4591,-0.5146,0.0024,3,0.0555,15.6026
cell_10_06,2026-03,viirs_avg_rad_mean,46.1526,39.6686,1.5974,3,6.484,2.7378
cell_10_06,2026-03,era5_temperature_mean,23.5051,22.2202,0.4712,3,1.2849,1.8393
cell_10_06,2026-03,era5_precipitation_total,27.401,39.4606,26.5335,3,-12.0596,-0.3066
cell_10_06,2026-03,era5_wind_speed_mean,2.4575,2.5074,0.3299,3,-0.0499,-0.102
cell_10_07,2026-03,ndvi_mean,0.4793,0.4695,0.0043,3,0.0098,1.5385
cell_10_07,2026-03,ndbi_mean,-0.0532,-0.0835,0.0005,3,0.0303,40.8273
cell_10_07,2026-03,ndwi_mean,-0.5114,-0.4808,0.012,3,-0.0306,-1.7203
cell_10_07,2026-03,viirs_avg_rad_mean,48.4989,36.9222,0.5312,3,11.5767,14.6995
cell_10_07,2026-03,era5_temperature_mean,23.5051,22.2202,0.4712,3,1.2849,1.8393
cell_10_07,2026-03,era5_precipitation_total,27.401,39.4606,26.5335,3,-12.0596,-0.3066
cell_10_07,2026-03,era5_wind_speed_mean,2.4575,2.5074,0.3299,3,-0.0499,-0.102
cell_10_08,2026-03,ndvi_mean,0.2167,0.2303,0.0033,3,-0.0136,-2.7825
cell_10_08,2026-03,ndbi_mean,0.0127,0.0035,0.0016,3,0.0092,3.8815
cell_10_08,2026-03,ndwi_mean,-0.2626,-0.2783,0.0033,3,0.0157,3.216
cell_10_08,2026-03,viirs_avg_rad_mean,50.5747,42.2266,0.3849,3,8.3481,14.629
cell_10_08,2026-03,era5_temperature_mean,23.5051,22.2202,0.4712,3,1.2849,1.8393
cell_10_08,2026-03,era5_precipitation_total,27.401,39.4606,26.5335,3,-12.0596,-0.3066
cell_10_08,2026-03,era5_wind_speed_mean,2.4575,2.5074,0.3299,3,-0.0499,-0.102
cell_10_09,2026-03,ndvi_mean,0.2216,0.2295,0.001,3,-0.0079,-5.3353
cell_10_09,2026-03,ndbi_mean,0.0111,-0.0032,0.0027,3,0.0143,3.5693
cell_10_09,2026-03,ndwi_mean,-0.2616,-0.2689,0.004,3,0.0073,1.23
cell_10_09,2026-03,viirs_avg_rad_mean,49.9907,46.2077,1.629,3,3.783,1.5664
cell_10_09,2026-03,era5_temperature_mean,23.5051,22.2202,0.4712,3,1.2849,1.8393
cell_10_09,2026-03,era5_precipitation_total,27.401,39.4606,26.5335,3,-12.0596,-0.3066
cell_10_09,2026-03,era5_wind_speed_mean,2.4575,2.5074,0.3299,3,-0.0499,-0.102
cell_10_10,2026-03,ndvi_mean,0.096,0.1017,0.0005,3,-0.0057,-7.6328
cell_10_10,2026-03,ndbi_mean,0.0529,0.0467,0.0017,3,0.0062,2.4778
cell_10_10,2026-03,ndwi_mean,-0.1581,-0.1665,0.0113,3,0.0084,0.5015
cell_10_10,2026-03,viirs_avg_rad_mean,46.7933,42.3854,0.3333,3,4.4079,8.9202
cell_10_10,2026-03,era5_temperature_mean,23.4861,22.2104,0.5112,3,1.2757,1.6833
cell_10_10,2026-03,era5_precipitation_total,25.6328,40.5181,26.2016,3,-14.8853,-0.3832
cell_10_10,2026-03,era5_wind_speed_mean,2.4442,2.5023,0.3197,3,-0.0581,-0.1225
cell_10_11,2026-03,ndvi_mean,0.2747,0.278,0.0275,3,-0.0033,-0.0798
cell_10_11,2026-03,ndbi_mean,-0.0325,-0.037,0.0085,3,0.0045,0.3606
cell_10_11,2026-03,ndwi_mean,-0.3095,-0.3154,0.0229,3,0.0059,0.175
cell_10_11,2026-03,viirs_avg_rad_mean,35.8581,33.945,5.0745,3,1.9131,0.2543
cell_10_11,2026-03,era5_temperature_mean,23.4861,22.2104,0.5112,3,1.2757,1.6833
cell_10_11,2026-03,era5_precipitation_total,25.6328,40.5181,26.2016,3,-14.8853,-0.3832
cell_10_11,2026-03,era5_wind_speed_mean,2.4442,2.5023,0.3197,3,-0.0581,-0.1225
cell_10_12,2026-03,ndvi_mean,0.1979,0.0919,0.0321,3,0.106,2.2267
cell_10_12,2026-03,ndbi_mean,-0.0713,-0.1212,0.061,3,0.0499,0.5514
cell_10_12,2026-03,ndwi_mean,-0.2117,-0.1206,0.0484,3,-0.0911,-1.2691
cell_10_12,2026-03,viirs_avg_rad_mean,33.1736,24.7642,0.4241,3,8.4094,13.3744
cell_10_12,2026-03,era5_temperature_mean,23.4861,22.2104,0.5112,3,1.2757,1.6833
cell_10_12,2026-03,era5_precipitation_total,25.6328,40.5181,26.2016,3,-14.8853,-0.3832
cell_10_12,2026-03,era5_wind_speed_mean,2.4442,2.5023,0.3197,3,-0.0581,-0.1225
cell_10_13,2026-03,ndvi_mean,0.2281,0.307,0.0012,3,-0.0789,-44.3503
cell_10_13,2026-03,ndbi_mean,-0.0002,-0.0415,0.0149,3,0.0413,1.8684
cell_10_13,2026-03,ndwi_mean,-0.2432,-0.3166,0.0029,3,0.0734,17.0629
cell_10_13,2026-03,viirs_avg_rad_mean,30.6874,27.1125,1.3317,3,3.5749,1.8107
cell_10_13,2026-03,era5_temperature_mean,23.4861,22.2104,0.5112,3,1.2757,1.6833
cell_10_13,2026-03,era5_precipitation_total,25.6328,40.5181,26.2016,3,-14.8853,-0.3832
cell_10_13,2026-03,era5_wind_speed_mean,2.4442,2.5023,0.3197,3,-0.0581,-0.1225
cell_10_14,2026-03,ndvi_mean,0.3453,0.3462,0.021,3,-0.0009,-0.0282
cell_10_14,2026-03,ndbi_mean,-0.0088,-0.0356,0.005,3,0.0268,3.617
cell_10_14,2026-03,ndwi_mean,-0.4037,-0.4071,0.0194,3,0.0034,0.1189
cell_10_14,2026-03,viirs_avg_rad_mean,48.0902,32.2403,3.7428,3,15.8499,2.8563
cell_10_14,2026-03,era5_temperature_mean,23.4861,22.2104,0.5112,3,1.2757,1.6833
cell_10_14,2026-03,era5_precipitation_total,25.6328,40.5181,26.2016,3,-14.8853,-0.3832
cell_10_14,2026-03,era5_wind_speed_mean,2.4442,2.5023,0.3197,3,-0.0581,-0.1225
cell_10_15,2026-03,ndvi_mean,0.3219,0.3262,0.0045,3,-0.0043,-0.6443
cell_10_15,2026-03,ndbi_mean,-0.0157,-0.0256,0.0203,3,0.0099,0.3278
cell_10_15,2026-03,ndwi_mean,-0.364,-0.367,0.002,3,0.003,1.0136
cell_10_15,2026-03,viirs_avg_rad_mean,84.5268,49.3239,7.1128,3,35.2029,3.3382
cell_10_15,2026-03,era5_temperature_mean,23.4861,22.2104,0.5112,3,1.2757,1.6833
cell_10_15,2026-03,era5_precipitation_total,25.6328,40.5181,26.2016,3,-14.8853,-0.3832
cell_10_15,2026-03,era5_wind_speed_mean,2.4442,2.5023,0.3197,3,-0.0581,-0.1225
cell_10_16,2026-03,ndvi_mean,0.1879,0.285,0.033,3,-0.0971,-1.9839
cell_10_16,2026-03,ndbi_mean,0.0393,0.0055,0.0175,3,0.0338,1.3029
cell_10_16,2026-03,ndwi_mean,-0.2377,-0.3107,0.025,3,0.073,1.9706
cell_10_16,2026-03,viirs_avg_rad_mean,99.9159,68.0878,8.9194,3,31.8281,2.4069
cell_10_16,2026-03,era5_temperature_mean,23.4861,22.2104,0.5112,3,1.2757,1.6833
cell_10_16,2026-03,era5_precipitation_total,25.6328,40.5181,26.2016,3,-14.8853,-0.3832
cell_10_16,2026-03,era5_wind_speed_mean,2.4442,2.5023,0.3197,3,-0.0581,-0.1225
cell_10_17,2026-03,ndvi_mean,0.301,0.3024,0.0051,3,-0.0014,-0.1879
cell_10_17,2026-03,ndbi_mean,-0.0058,-0.0376,0.0026,3,0.0318,8.2414
cell_10_17,2026-03,ndwi_mean,-0.3486,-0.3383,0.0048,3,-0.0103,-1.4478
cell_10_17,2026-03,viirs_avg_rad_mean,84.8179,63.9482,7.2046,3,20.8697,1.9538
cell_10_17,2026-03,era5_temperature_mean,23.4861,22.2104,0.5112,3,1.2757,1.6833
cell_10_17,2026-03,era5_precipitation_total,25.6328,40.5181,26.2016,3,-14.8853,-0.3832
cell_10_17,2026-03,era5_wind_speed_mean,2.4442,2.5023,0.3197,3,-0.0581,-0.1225
cell_10_18,2026-03,ndvi_mean,0.3217,0.3447,0.0026,3,-0.023,-5.9709
cell_10_18,2026-03,ndbi_mean,-0.0002,-0.0151,0.0044,3,0.0149,2.2801
cell_10_18,2026-03,ndwi_mean,-0.3693,-0.392,0.0116,3,0.0227,1.319
cell_10_18,2026-03,viirs_avg_rad_mean,63.5773,50.5848,7.2172,3,12.9925,1.2142
cell_10_18,2026-03,era5_temperature_mean,23.4861,22.2104,0.5112,3,1.2757,1.6833
cell_10_18,2026-03,era5_precipitation_total,25.6328,40.5181,26.2016,3,-14.8853,-0.3832
cell_10_18,2026-03,era5_wind_speed_mean,2.4442,2.5023,0.3197,3,-0.0581,-0.1225
cell_10_19,2026-03,ndvi_mean,0.2459,0.3664,0.0658,3,-0.1205,-1.2348
cell_10_19,2026-03,ndbi_mean,0.0513,0.0409,0.0189,3,0.0104,0.3711
cell_10_19,2026-03,ndwi_mean,-0.3179,-0.4257,0.0423,3,0.1078,1.7192
cell_10_19,2026-03,viirs_avg_rad_mean,51.9362,40.1932,6.7936,3,11.743,1.1659
cell_10_19,2026-03,era5_temperature_mean,23.4861,22.2104,0.5112,3,1.2757,1.6833
cell_10_19,2026-03,era5_precipitation_total,25.6328,40.5181,26.2016,3,-14.8853,-0.3832
cell_10_19,2026-03,era5_wind_speed_mean,2.4442,2.5023,0.3197,3,-0.0581,-0.1225
cell_11_00,2026-03,ndvi_mean,0.3065,0.2835,0.0094,3,0.023,1.6475
cell_11_00,2026-03,ndbi_mean,0.0041,-0.009,0.0042,3,0.0131,2.0976
cell_11_00,2026-03,ndwi_mean,-0.3556,-0.3269,0.0147,3,-0.0287,-1.3187
cell_11_00,2026-03,viirs_avg_rad_mean,83.1094,68.4434,1.0368,3,14.666,9.541
cell_11_00,2026-03,era5_temperature_mean,23.5051,22.2202,0.4712,3,1.2849,1.8393
cell_11_00,2026-03,era5_precipitation_total,27.401,39.4606,26.5335,3,-12.0596,-0.3066
cell_11_00,2026-03,era5_wind_speed_mean,2.4575,2.5074,0.3299,3,-0.0499,-0.102
cell_11_01,2026-03,ndvi_mean,0.3525,0.3302,0.0071,3,0.0223,2.1223
cell_11_01,2026-03,ndbi_mean,-0.0206,-0.0348,0.0003,3,0.0142,31.8847
cell_11_01,2026-03,ndwi_mean,-0.3985,-0.3638,0.0027,3,-0.0347,-8.662
cell_11_01,2026-03,viirs_avg_rad_mean,75.1589,66.9474,0.1288,3,8.2115,43.0015
cell_11_01,2026-03,era5_temperature_mean,23.5051,22.2202,0.4712,3,1.2849,1.8393
cell_11_01,2026-03,era5_precipitation_total,27.401,39.4606,26.5335,3,-12.0596,-0.3066
cell_11_01,2026-03,era5_wind_speed_mean,2.4575,2.5074,0.3299,3,-0.0499,-0.102
cell_11_02,2026-03,ndvi_mean,0.4518,0.4218,0.0041,3,0.03,4.9291
cell_11_02,2026-03,ndbi_mean,-0.0428,-0.0502,0.0068,3,0.0074,0.7369
cell_11_02,2026-03,ndwi_mean,-0.4843,-0.4376,0.0041,3,-0.0467,-7.6894
cell_11_02,2026-03,viirs_avg_rad_mean,65.7653,58.6375,3.9844,3,7.1278,1.2066
cell_11_02,2026-03,era5_temperature_mean,23.5051,22.2202,0.4712,3,1.2849,1.8393
cell_11_02,2026-03,era5_precipitation_total,27.401,39.4606,26.5335,3,-12.0596,-0.3066
cell_11_02,2026-03,era5_wind_speed_mean,2.4575,2.5074,0.3299,3,-0.0499,-0.102
cell_11_03,2026-03,ndvi_mean,0.3543,0.3548,0.0044,3,-0.0005,-0.0815
cell_11_03,2026-03,ndbi_mean,-0.0003,-0.0442,0.0046,3,0.0439,6.4411
cell_11_03,2026-03,ndwi_mean,-0.3927,-0.3792,0.0057,3,-0.0135,-1.6015
cell_11_03,2026-03,viirs_avg_rad_mean,65.0838,57.1025,1.8274,3,7.9813,2.9459
cell_11_03,2026-03,era5_temperature_mean,23.5051,22.2202,0.4712,3,1.2849,1.8393
cell_11_03,2026-03,era5_precipitation_total,27.401,39.4606,26.5335,3,-12.0596,-0.3066
cell_11_03,2026-03,era5_wind_speed_mean,2.4575,2.5074,0.3299,3,-0.0499,-0.102
cell_11_04,2026-03,ndvi_mean,0.3636,0.3686,0.0148,3,-0.005,-0.2298
cell_11_04,2026-03,ndbi_mean,-0.0083,-0.0409,0.0015,3,0.0326,14.6468
cell_11_04,2026-03,ndwi_mean,-0.4078,-0.3928,0.0089,3,-0.015,-1.1377
cell_11_04,2026-03,viirs_avg_rad_mean,57.5227,51.3873,4.0067,3,6.1354,1.0328
cell_11_04,2026-03,era5_temperature_mean,23.5051,22.2202,0.4712,3,1.2849,1.8393
cell_11_04,2026-03,era5_precipitation_total,27.401,39.4606,26.5335,3,-12.0596,-0.3066
cell_11_04,2026-03,era5_wind_speed_mean,2.4575,2.5074,0.3299,3,-0.0499,-0.102
cell_11_05,2026-03,ndvi_mean,0.5081,0.4255,0.0033,3,0.0826,16.8883
cell_11_05,2026-03,ndbi_mean,-0.0957,-0.0752,0.0043,3,-0.0205,-3.2115
cell_11_05,2026-03,ndwi_mean,-0.5145,-0.445,0.0113,3,-0.0695,-4.1503
cell_11_05,2026-03,viirs_avg_rad_mean,56.3665,44.8192,2.4585,3,11.5473,3.168
cell_11_05,2026-03,era5_temperature_mean,23.5051,22.2202,0.4712,3,1.2849,1.8393
cell_11_05,2026-03,era5_precipitation_total,27.401,39.4606,26.5335,3,-12.0596,-0.3066
cell_11_05,2026-03,era5_wind_speed_mean,2.4575,2.5074,0.3299,3,-0.0499,-0.102
cell_11_06,2026-03,ndvi_mean,0.364,0.2008,0.0166,3,0.1632,6.6306
cell_11_06,2026-03,ndbi_mean,-0.0718,0.0185,0.0011,3,-0.0903,-55.3993
cell_11_06,2026-03,ndwi_mean,-0.3996,-0.2696,0.0162,3,-0.13,-5.4121
cell_11_06,2026-03,viirs_avg_rad_mean,56.8155,50.014,4.8759,3,6.8015,0.9409
cell_11_06,2026-03,era5_temperature_mean,23.5051,22.2202,0.4712,3,1.2849,1.8393
cell_11_06,2026-03,era5_precipitation_total,27.401,39.4606,26.5335,3,-12.0596,-0.3066
cell_11_06,2026-03,era5_wind_speed_mean,2.4575,2.5074,0.3299,3,-0.0499,-0.102
cell_11_07,2026-03,ndvi_mean,0.2917,0.221,0.0044,3,0.0707,10.8409
cell_11_07,2026-03,ndbi_mean,-0.017,0.0214,0.0037,3,-0.0384,-6.9964
cell_11_07,2026-03,ndwi_mean,-0.335,-0.287,0.0103,3,-0.048,-3.1428
cell_11_07,2026-03,viirs_avg_rad_mean,57.5953,49.6646,0.3086,3,7.9307,17.3336
cell_11_07,2026-03,era5_temperature_mean,23.5051,22.2202,0.4712,3,1.2849,1.8393
cell_11_07,2026-03,era5_precipitation_total,27.401,39.4606,26.5335,3,-12.0596,-0.3066
cell_11_07,2026-03,era5_wind_speed_mean,2.4575,2.5074,0.3299,3,-0.0499,-0.102
cell_11_08,2026-03,ndvi_mean,0.1611,0.1727,0.0081,3,-0.0116,-0.9675
cell_11_08,2026-03,ndbi_mean,0.0404,0.0263,0.0089,3,0.0141,1.0723
cell_11_08,2026-03,ndwi_mean,-0.2165,-0.2381,0.0051,3,0.0216,2.854
cell_11_08,2026-03,viirs_avg_rad_mean,48.924,45.4909,4.2711,3,3.4331,0.5422
cell_11_08,2026-03,era5_temperature_mean,23.5051,22.2202,0.4712,3,1.2849,1.8393
cell_11_08,2026-03,era5_precipitation_total,27.401,39.4606,26.5335,3,-12.0596,-0.3066
cell_11_08,2026-03,era5_wind_speed_mean,2.4575,2.5074,0.3299,3,-0.0499,-0.102
cell_11_09,2026-03,ndvi_mean,0.1463,0.1645,0.0075,3,-0.0182,-1.6392
cell_11_09,2026-03,ndbi_mean,0.0621,0.0466,0.0037,3,0.0155,2.8332
cell_11_09,2026-03,ndwi_mean,-0.2071,-0.2239,0.0047,3,0.0168,2.4135
cell_11_09,2026-03,viirs_avg_rad_mean,45.5542,42.8143,5.1615,3,2.7399,0.358
cell_11_09,2026-03,era5_temperature_mean,23.5051,22.2202,0.4712,3,1.2849,1.8393
cell_11_09,2026-03,era5_precipitation_total,27.401,39.4606,26.5335,3,-12.0596,-0.3066
cell_11_09,2026-03,era5_wind_speed_mean,2.4575,2.5074,0.3299,3,-0.0499,-0.102
cell_11_10,2026-03,ndvi_mean,0.3279,0.2528,0.0,3,0.0751,
cell_11_10,2026-03,ndbi_mean,-0.1199,-0.0916,0.0449,3,-0.0283,-0.4245
cell_11_10,2026-03,ndwi_mean,-0.3412,-0.279,0.0175,3,-0.0622,-2.3964
cell_11_10,2026-03,viirs_avg_rad_mean,37.0704,32.3856,3.3875,3,4.6848,0.9328
cell_11_10,2026-03,era5_temperature_mean,23.4861,22.2104,0.5112,3,1.2757,1.6833
cell_11_10,2026-03,era5_precipitation_total,25.6328,40.5181,26.2016,3,-14.8853,-0.3832
cell_11_10,2026-03,era5_wind_speed_mean,2.4442,2.5023,0.3197,3,-0.0581,-0.1225
cell_11_11,2026-03,ndvi_mean,0.324,0.1805,0.0139,3,0.1435,6.9613
cell_11_11,2026-03,ndbi_mean,-0.2504,-0.1889,0.0821,3,-0.0615,-0.5052
cell_11_11,2026-03,ndwi_mean,-0.27,-0.1533,0.0092,3,-0.1167,-8.5565
cell_11_11,2026-03,viirs_avg_rad_mean,25.4788,21.0341,2.3295,3,4.4447,1.2869
cell_11_11,2026-03,era5_temperature_mean,23.4861,22.2104,0.5112,3,1.2757,1.6833
cell_11_11,2026-03,era5_precipitation_total,25.6328,40.5181,26.2016,3,-14.8853,-0.3832
cell_11_11,2026-03,era5_wind_speed_mean,2.4442,2.5023,0.3197,3,-0.0581,-0.1225
cell_11_12,2026-03,ndvi_mean,-0.0373,0.1218,0.0635,3,-0.1591,-1.6898
cell_11_12,2026-03,ndbi_mean,0.0486,-0.1235,0.0495,3,0.1721,2.3454
cell_11_12,2026-03,ndwi_mean,0.0528,-0.0943,0.0881,3,0.1471,1.1265
cell_11_12,2026-03,viirs_avg_rad_mean,26.4588,20.9657,3.6021,3,5.4931,1.0286
cell_11_12,2026-03,era5_temperature_mean,23.4861,22.2104,0.5112,3,1.2757,1.6833
cell_11_12,2026-03,era5_precipitation_total,25.6328,40.5181,26.2016,3,-14.8853,-0.3832
cell_11_12,2026-03,era5_wind_speed_mean,2.4442,2.5023,0.3197,3,-0.0581,-0.1225
cell_11_13,2026-03,ndvi_mean,0.2132,0.2678,0.0634,3,-0.0546,-0.581
cell_11_13,2026-03,ndbi_mean,0.0656,-0.0331,0.0731,3,0.0987,0.9109
cell_11_13,2026-03,ndwi_mean,-0.2027,-0.2606,0.0548,3,0.0579,0.7126
cell_11_13,2026-03,viirs_avg_rad_mean,33.9676,26.4532,1.2552,3,7.5144,4.0379
cell_11_13,2026-03,era5_temperature_mean,23.4861,22.2104,0.5112,3,1.2757,1.6833
cell_11_13,2026-03,era5_precipitation_total,25.6328,40.5181,26.2016,3,-14.8853,-0.3832
cell_11_13,2026-03,era5_wind_speed_mean,2.4442,2.5023,0.3197,3,-0.0581,-0.1225
cell_11_14,2026-03,ndvi_mean,0.327,0.236,0.0071,3,0.091,8.6475
cell_11_14,2026-03,ndbi_mean,0.014,0.0136,0.0008,3,0.0004,0.3478
cell_11_14,2026-03,ndwi_mean,-0.3806,-0.2794,0.023,3,-0.1012,-2.9676
cell_11_14,2026-03,viirs_avg_rad_mean,66.9915,48.9892,1.7385,3,18.0023,6.9844
cell_11_14,2026-03,era5_temperature_mean,23.4861,22.2104,0.5112,3,1.2757,1.6833
cell_11_14,2026-03,era5_precipitation_total,25.6328,40.5181,26.2016,3,-14.8853,-0.3832
cell_11_14,2026-03,era5_wind_speed_mean,2.4442,2.5023,0.3197,3,-0.0581,-0.1225
cell_11_15,2026-03,ndvi_mean,0.2032,0.2582,0.0204,3,-0.055,-1.8184
cell_11_15,2026-03,ndbi_mean,0.0472,0.0196,0.0054,3,0.0276,3.4479
cell_11_15,2026-03,ndwi_mean,-0.2736,-0.3109,0.0118,3,0.0373,2.1315
cell_11_15,2026-03,viirs_avg_rad_mean,116.6686,69.7043,8.7727,3,46.9643,3.6109
cell_11_15,2026-03,era5_temperature_mean,23.4861,22.2104,0.5112,3,1.2757,1.6833
cell_11_15,2026-03,era5_precipitation_total,25.6328,40.5181,26.2016,3,-14.8853,-0.3832
cell_11_15,2026-03,era5_wind_speed_mean,2.4442,2.5023,0.3197,3,-0.0581,-0.1225
cell_11_16,2026-03,ndvi_mean,0.3615,0.3561,0.021,3,0.0054,0.1739
cell_11_16,2026-03,ndbi_mean,-0.0006,-0.0264,0.0064,3,0.0258,2.7139
cell_11_16,2026-03,ndwi_mean,-0.4091,-0.3872,0.0019,3,-0.0219,-7.787
cell_11_16,2026-03,viirs_avg_rad_mean,105.0095,69.7211,10.3947,3,35.2884,2.2898
cell_11_16,2026-03,era5_temperature_mean,23.4861,22.2104,0.5112,3,1.2757,1.6833
cell_11_16,2026-03,era5_precipitation_total,25.6328,40.5181,26.2016,3,-14.8853,-0.3832
cell_11_16,2026-03,era5_wind_speed_mean,2.4442,2.5023,0.3197,3,-0.0581,-0.1225
cell_11_17,2026-03,ndvi_mean,0.3433,0.3268,0.0073,3,0.0165,1.5209
cell_11_17,2026-03,ndbi_mean,-0.0256,-0.0382,0.0103,3,0.0126,0.824
cell_11_17,2026-03,ndwi_mean,-0.3872,-0.3636,0.0033,3,-0.0236,-4.8309
cell_11_17,2026-03,viirs_avg_rad_mean,70.0131,54.668,9.825,3,15.3451,1.0534
cell_11_17,2026-03,era5_temperature_mean,23.4861,22.2104,0.5112,3,1.2757,1.6833
cell_11_17,2026-03,era5_precipitation_total,25.6328,40.5181,26.2016,3,-14.8853,-0.3832
cell_11_17,2026-03,era5_wind_speed_mean,2.4442,2.5023,0.3197,3,-0.0581,-0.1225
cell_11_18,2026-03,ndvi_mean,0.2436,0.2286,0.0076,3,0.015,1.3301
cell_11_18,2026-03,ndbi_mean,0.0306,0.0178,0.0,3,0.0128,
cell_11_18,2026-03,ndwi_mean,-0.315,-0.2925,0.0067,3,-0.0225,-2.2662
cell_11_18,2026-03,viirs_avg_rad_mean,60.7248,43.7091,6.6986,3,17.0157,1.7133
cell_11_18,2026-03,era5_temperature_mean,23.4861,22.2104,0.5112,3,1.2757,1.6833
cell_11_18,2026-03,era5_precipitation_total,25.6328,40.5181,26.2016,3,-14.8853,-0.3832
cell_11_18,2026-03,era5_wind_speed_mean,2.4442,2.5023,0.3197,3,-0.0581,-0.1225
cell_11_19,2026-03,ndvi_mean,0.1458,0.1662,0.007,3,-0.0204,-1.9704
cell_11_19,2026-03,ndbi_mean,0.0603,0.0395,0.0108,3,0.0208,1.2997
cell_11_19,2026-03,ndwi_mean,-0.2414,-0.2383,0.0093,3,-0.0031,-0.2212
cell_11_19,2026-03,viirs_avg_rad_mean,54.307,40.2021,6.7876,3,14.1049,1.4016
cell_11_19,2026-03,era5_temperature_mean,23.4861,22.2104,0.5112,3,1.2757,1.6833
cell_11_19,2026-03,era5_precipitation_total,25.6328,40.5181,26.2016,3,-14.8853,-0.3832
cell_11_19,2026-03,era5_wind_speed_mean,2.4442,2.5023,0.3197,3,-0.0581,-0.1225
cell_12_00,2026-03,ndvi_mean,0.4276,0.4045,0.004,3,0.0231,3.9023
cell_12_00,2026-03,ndbi_mean,-0.0534,-0.0423,0.0041,3,-0.0111,-1.8206
cell_12_00,2026-03,ndwi_mean,-0.4581,-0.4391,0.0023,3,-0.019,-5.5578
cell_12_00,2026-03,viirs_avg_rad_mean,67.8394,58.3525,5.5389,3,9.4869,1.1552
cell_12_00,2026-03,era5_temperature_mean,23.5051,22.2202,0.4712,3,1.2849,1.8393
cell_12_00,2026-03,era5_precipitation_total,27.401,39.4606,26.5335,3,-12.0596,-0.3066
cell_12_00,2026-03,era5_wind_speed_mean,2.4575,2.5074,0.3299,3,-0.0499,-0.102
cell_12_01,2026-03,ndvi_mean,0.4647,0.4359,0.0231,3,0.0288,0.8407
cell_12_01,2026-03,ndbi_mean,-0.0592,-0.0545,0.0034,3,-0.0047,-0.9376
cell_12_01,2026-03,ndwi_mean,-0.4968,-0.4724,0.0098,3,-0.0244,-1.6794
cell_12_01,2026-03,viirs_avg_rad_mean,64.9874,54.0809,5.704,3,10.9065,1.2897
cell_12_01,2026-03,era5_temperature_mean,23.5051,22.2202,0.4712,3,1.2849,1.8393
cell_12_01,2026-03,era5_precipitation_total,27.401,39.4606,26.5335,3,-12.0596,-0.3066
cell_12_01,2026-03,era5_wind_speed_mean,2.4575,2.5074,0.3299,3,-0.0499,-0.102
cell_12_02,2026-03,ndvi_mean,0.4951,0.4615,0.007,3,0.0336,3.2348
cell_12_02,2026-03,ndbi_mean,-0.0614,-0.0607,0.0017,3,-0.0007,-0.2711
cell_12_02,2026-03,ndwi_mean,-0.5204,-0.4823,0.0051,3,-0.0381,-5.035
cell_12_02,2026-03,viirs_avg_rad_mean,61.6436,51.2083,1.9539,3,10.4353,3.6023
cell_12_02,2026-03,era5_temperature_mean,23.5051,22.2202,0.4712,3,1.2849,1.8393
cell_12_02,2026-03,era5_precipitation_total,27.401,39.4606,26.5335,3,-12.0596,-0.3066
cell_12_02,2026-03,era5_wind_speed_mean,2.4575,2.5074,0.3299,3,-0.0499,-0.102
cell_12_03,2026-03,ndvi_mean,0.3413,0.3348,0.0002,3,0.0065,21.8618
cell_12_03,2026-03,ndbi_mean,0.0141,-0.0123,0.0045,3,0.0264,3.9548
cell_12_03,2026-03,ndwi_mean,-0.3911,-0.3693,0.0045,3,-0.0218,-3.268
cell_12_03,2026-03,viirs_avg_rad_mean,63.8971,58.3367,0.438,3,5.5604,8.5627
cell_12_03,2026-03,era5_temperature_mean,23.5051,22.2202,0.4712,3,1.2849,1.8393
cell_12_03,2026-03,era5_precipitation_total,27.401,39.4606,26.5335,3,-12.0596,-0.3066
cell_12_03,2026-03,era5_wind_speed_mean,2.4575,2.5074,0.3299,3,-0.0499,-0.102
cell_12_04,2026-03,ndvi_mean,0.3604,0.3627,0.009,3,-0.0023,-0.1696
cell_12_04,2026-03,ndbi_mean,-0.0123,-0.0414,0.0016,3,0.0291,12.2726
cell_12_04,2026-03,ndwi_mean,-0.4001,-0.387,0.0067,3,-0.0131,-1.3142
cell_12_04,2026-03,viirs_avg_rad_mean,56.7351,51.9248,1.3165,3,4.8103,2.4645
cell_12_04,2026-03,era5_temperature_mean,23.5051,22.2202,0.4712,3,1.2849,1.8393
cell_12_04,2026-03,era5_precipitation_total,27.401,39.4606,26.5335,3,-12.0596,-0.3066
cell_12_04,2026-03,era5_wind_speed_mean,2.4575,2.5074,0.3299,3,-0.0499,-0.102
cell_12_05,2026-03,ndvi_mean,0.41,0.44,0.0018,3,-0.03,-11.2546
cell_12_05,2026-03,ndbi_mean,-0.0446,-0.0708,0.0079,3,0.0262,2.2406
cell_12_05,2026-03,ndwi_mean,-0.4306,-0.4425,0.0038,3,0.0119,2.1053
cell_12_05,2026-03,viirs_avg_rad_mean,50.421,45.1015,1.8973,3,5.3195,1.8911
cell_12_05,2026-03,era5_temperature_mean,23.5051,22.2202,0.4712,3,1.2849,1.8393
cell_12_05,2026-03,era5_precipitation_total,27.401,39.4606,26.5335,3,-12.0596,-0.3066
cell_12_05,2026-03,era5_wind_speed_mean,2.4575,2.5074,0.3299,3,-0.0499,-0.102
cell_12_06,2026-03,ndvi_mean,0.3029,0.247,0.0061,3,0.0559,6.1854
cell_12_06,2026-03,ndbi_mean,-0.0207,-0.0099,0.0075,3,-0.0108,-0.9709
cell_12_06,2026-03,ndwi_mean,-0.3337,-0.284,0.0009,3,-0.0497,-37.2401
cell_12_06,2026-03,viirs_avg_rad_mean,46.3895,46.7354,6.7576,3,-0.3459,-0.0345
cell_12_06,2026-03,era5_temperature_mean,23.5051,22.2202,0.4712,3,1.2849,1.8393
cell_12_06,2026-03,era5_precipitation_total,27.401,39.4606,26.5335,3,-12.0596,-0.3066
cell_12_06,2026-03,era5_wind_speed_mean,2.4575,2.5074,0.3299,3,-0.0499,-0.102
cell_12_07,2026-03,ndvi_mean,0.154,0.1395,0.0033,3,0.0145,2.9606
cell_12_07,2026-03,ndbi_mean,0.0478,0.0462,0.0006,3,0.0016,1.7512
cell_12_07,2026-03,ndwi_mean,-0.2209,-0.2085,0.0068,3,-0.0124,-1.2321
cell_12_07,2026-03,viirs_avg_rad_mean,50.0132,44.1972,0.6046,3,5.816,6.4883
cell_12_07,2026-03,era5_temperature_mean,23.5051,22.2202,0.4712,3,1.2849,1.8393
cell_12_07,2026-03,era5_precipitation_total,27.401,39.4606,26.5335,3,-12.0596,-0.3066
cell_12_07,2026-03,era5_wind_speed_mean,2.4575,2.5074,0.3299,3,-0.0499,-0.102
cell_12_08,2026-03,ndvi_mean,0.1906,0.2061,0.009,3,-0.0155,-1.1582
cell_12_08,2026-03,ndbi_mean,0.0343,0.0096,0.0027,3,0.0247,6.1694
cell_12_08,2026-03,ndwi_mean,-0.254,-0.264,0.0058,3,0.01,1.1583
cell_12_08,2026-03,viirs_avg_rad_mean,45.0614,39.4428,0.7473,3,5.6186,5.0712
cell_12_08,2026-03,era5_temperature_mean,23.5051,22.2202,0.4712,3,1.2849,1.8393
cell_12_08,2026-03,era5_precipitation_total,27.401,39.4606,26.5335,3,-12.0596,-0.3066
cell_12_08,2026-03,era5_wind_speed_mean,2.4575,2.5074,0.3299,3,-0.0499,-0.102
cell_12_09,2026-03,ndvi_mean,0.1943,0.1891,0.0013,3,0.0052,2.6896
cell_12_09,2026-03,ndbi_mean,-0.0082,-0.0395,0.0127,3,0.0313,1.6598
cell_12_09,2026-03,ndwi_mean,-0.2266,-0.2101,0.0016,3,-0.0165,-6.9348
cell_12_09,2026-03,viirs_avg_rad_mean,37.8204,34.4169,0.5351,3,3.4035,4.2901
cell_12_09,2026-03,era5_temperature_mean,23.5051,22.2202,0.4712,3,1.2849,1.8393
cell_12_09,2026-03,era5_precipitation_total,27.401,39.4606,26.5335,3,-12.0596,-0.3066
cell_12_09,2026-03,era5_wind_speed_mean,2.4575,2.5074,0.3299,3,-0.0499,-0.102
cell_12_10,2026-03,ndvi_mean,0.0849,0.1667,0.0458,3,-0.0818,-1.2044
cell_12_10,2026-03,ndbi_mean,0.0277,-0.179,0.0979,3,0.2067,1.4239
cell_12_10,2026-03,ndwi_mean,-0.1076,-0.1713,0.0061,3,0.0637,7.0428
cell_12_10,2026-03,viirs_avg_rad_mean,25.2286,21.9356,0.0499,3,3.293,44.5107
cell_12_10,2026-03,era5_temperature_mean,23.4861,22.2104,0.5112,3,1.2757,1.6833
cell_12_10,2026-03,era5_precipitation_total,25.6328,40.5181,26.2016,3,-14.8853,-0.3832
cell_12_10,2026-03,era5_wind_speed_mean,2.4442,2.5023,0.3197,3,-0.0581,-0.1225
cell_12_11,2026-03,ndvi_mean,0.5139,0.2187,0.012,3,0.2952,16.5906
cell_12_11,2026-03,ndbi_mean,-0.44,-0.3004,0.0087,3,-0.1396,-10.8205
cell_12_11,2026-03,ndwi_mean,-0.4119,-0.1834,0.0134,3,-0.2285,-11.5022
cell_12_11,2026-03,viirs_avg_rad_mean,17.3631,11.8559,0.7902,3,5.5072,4.7007
cell_12_11,2026-03,era5_temperature_mean,23.4861,22.2104,0.5112,3,1.2757,1.6833
cell_12_11,2026-03,era5_precipitation_total,25.6328,40.5181,26.2016,3,-14.8853,-0.3832
cell_12_11,2026-03,era5_wind_speed_mean,2.4442,2.5023,0.3197,3,-0.0581,-0.1225
cell_12_12,2026-03,ndvi_mean,0.0364,-0.0862,0.0438,3,0.1226,1.8879
cell_12_12,2026-03,ndbi_mean,0.0247,-0.0627,0.0605,3,0.0874,0.9748
cell_12_12,2026-03,ndwi_mean,-0.0018,0.1202,0.0626,3,-0.122,-1.3145
cell_12_12,2026-03,viirs_avg_rad_mean,18.8954,14.2725,0.8416,3,4.6229,3.705
cell_12_12,2026-03,era5_temperature_mean,23.4861,22.2104,0.5112,3,1.2757,1.6833
cell_12_12,2026-03,era5_precipitation_total,25.6328,40.5181,26.2016,3,-14.8853,-0.3832
cell_12_12,2026-03,era5_wind_speed_mean,2.4442,2.5023,0.3197,3,-0.0581,-0.1225
cell_12_13,2026-03,ndvi_mean,-0.1753,-0.0135,0.2597,3,-0.1618,-0.4203
cell_12_13,2026-03,ndbi_mean,0.3146,0.0088,0.1517,3,0.3058,1.3597
cell_12_13,2026-03,ndwi_mean,0.2112,0.0643,0.2942,3,0.1469,0.3369
cell_12_13,2026-03,viirs_avg_rad_mean,31.7429,27.5502,2.0017,3,4.1927,1.4128
cell_12_13,2026-03,era5_temperature_mean,23.4861,22.2104,0.5112,3,1.2757,1.6833
cell_12_13,2026-03,era5_precipitation_total,25.6328,40.5181,26.2016,3,-14.8853,-0.3832
cell_12_13,2026-03,era5_wind_speed_mean,2.4442,2.5023,0.3197,3,-0.0581,-0.1225
cell_12_14,2026-03,ndvi_mean,0.3377,0.3228,0.0424,3,0.0149,0.2363
cell_12_14,2026-03,ndbi_mean,-0.0089,-0.0407,0.005,3,0.0318,4.2889
cell_12_14,2026-03,ndwi_mean,-0.3848,-0.343,0.0282,3,-0.0418,-1.0005
cell_12_14,2026-03,viirs_avg_rad_mean,62.2122,55.2388,1.9467,3,6.9734,2.4161
cell_12_14,2026-03,era5_temperature_mean,23.4861,22.2104,0.5112,3,1.2757,1.6833
cell_12_14,2026-03,era5_precipitation_total,25.6328,40.5181,26.2016,3,-14.8853,-0.3832
cell_12_14,2026-03,era5_wind_speed_mean,2.4442,2.5023,0.3197,3,-0.0581,-0.1225
cell_12_15,2026-03,ndvi_mean,0.3286,0.309,0.0023,3,0.0196,5.7544
cell_12_15,2026-03,ndbi_mean,0.0188,-0.0138,0.0024,3,0.0326,9.157
cell_12_15,2026-03,ndwi_mean,-0.3853,-0.3602,0.0175,3,-0.0251,-0.9668
cell_12_15,2026-03,viirs_avg_rad_mean,102.9499,79.7736,2.1505,3,23.1763,7.2691
cell_12_15,2026-03,era5_temperature_mean,23.4861,22.2104,0.5112,3,1.2757,1.6833
cell_12_15,2026-03,era5_precipitation_total,25.6328,40.5181,26.2016,3,-14.8853,-0.3832
cell_12_15,2026-03,era5_wind_speed_mean,2.4442,2.5023,0.3197,3,-0.0581,-0.1225
cell_12_16,2026-03,ndvi_mean,0.334,0.318,0.0046,3,0.016,2.3391
cell_12_16,2026-03,ndbi_mean,-0.009,-0.0308,0.0054,3,0.0218,2.7263
cell_12_16,2026-03,ndwi_mean,-0.3836,-0.3566,0.0088,3,-0.027,-2.0732
cell_12_16,2026-03,viirs_avg_rad_mean,91.5479,71.1912,11.1155,3,20.3567,1.2352
cell_12_16,2026-03,era5_temperature_mean,23.4861,22.2104,0.5112,3,1.2757,1.6833
cell_12_16,2026-03,era5_precipitation_total,25.6328,40.5181,26.2016,3,-14.8853,-0.3832
cell_12_16,2026-03,era5_wind_speed_mean,2.4442,2.5023,0.3197,3,-0.0581,-0.1225
cell_12_17,2026-03,ndvi_mean,0.2216,0.2182,0.0026,3,0.0034,0.8812
cell_12_17,2026-03,ndbi_mean,0.0259,0.0136,0.0011,3,0.0123,7.5578
cell_12_17,2026-03,ndwi_mean,-0.2885,-0.2758,0.0001,3,-0.0127,-85.9313
cell_12_17,2026-03,viirs_avg_rad_mean,65.9739,50.2934,5.442,3,15.6805,1.9435
cell_12_17,2026-03,era5_temperature_mean,23.4861,22.2104,0.5112,3,1.2757,1.6833
cell_12_17,2026-03,era5_precipitation_total,25.6328,40.5181,26.2016,3,-14.8853,-0.3832
cell_12_17,2026-03,era5_wind_speed_mean,2.4442,2.5023,0.3197,3,-0.0581,-0.1225
cell_12_18,2026-03,ndvi_mean,0.0862,0.0942,0.0021,3,-0.008,-2.5632
cell_12_18,2026-03,ndbi_mean,0.0683,0.0574,0.0021,3,0.0109,3.4934
cell_12_18,2026-03,ndwi_mean,-0.1652,-0.161,0.0006,3,-0.0042,-4.703
cell_12_18,2026-03,viirs_avg_rad_mean,54.5717,40.7068,1.5143,3,13.8649,6.1756
cell_12_18,2026-03,era5_temperature_mean,23.4861,22.2104,0.5112,3,1.2757,1.6833
cell_12_18,2026-03,era5_precipitation_total,25.6328,40.5181,26.2016,3,-14.8853,-0.3832
cell_12_18,2026-03,era5_wind_speed_mean,2.4442,2.5023,0.3197,3,-0.0581,-0.1225
cell_12_19,2026-03,ndvi_mean,0.0829,0.0853,0.0007,3,-0.0024,-2.3274
cell_12_19,2026-03,ndbi_mean,0.075,0.0619,0.0107,3,0.0131,0.8289
cell_12_19,2026-03,ndwi_mean,-0.1689,-0.1573,0.003,3,-0.0116,-2.5979
cell_12_19,2026-03,viirs_avg_rad_mean,49.3446,38.8376,2.0902,3,10.507,3.3905
cell_12_19,2026-03,era5_temperature_mean,23.4861,22.2104,0.5112,3,1.2757,1.6833
cell_12_19,2026-03,era5_precipitation_total,25.6328,40.5181,26.2016,3,-14.8853,-0.3832
cell_12_19,2026-03,era5_wind_speed_mean,2.4442,2.5023,0.3197,3,-0.0581,-0.1225
cell_13_00,2026-03,ndvi_mean,0.16,0.1662,0.0052,3,-0.0062,-0.8006
cell_13_00,2026-03,ndbi_mean,0.0335,0.0155,0.0058,3,0.018,2.0954
cell_13_00,2026-03,ndwi_mean,-0.2218,-0.2188,0.0027,3,-0.003,-0.7445
cell_13_00,2026-03,viirs_avg_rad_mean,54.2064,48.82,2.3625,3,5.3864,1.5378
cell_13_00,2026-03,era5_temperature_mean,23.5051,22.2202,0.4712,3,1.2849,1.8393
cell_13_00,2026-03,era5_precipitation_total,27.401,39.4606,26.5335,3,-12.0596,-0.3066
cell_13_00,2026-03,era5_wind_speed_mean,2.4575,2.5074,0.3299,3,-0.0499,-0.102
cell_13_01,2026-03,ndvi_mean,0.2778,0.2937,0.0008,3,-0.0159,-13.4086
cell_13_01,2026-03,ndbi_mean,-0.0042,-0.0176,0.0029,3,0.0134,3.1141
cell_13_01,2026-03,ndwi_mean,-0.3301,-0.3345,0.0003,3,0.0044,9.9683
cell_13_01,2026-03,viirs_avg_rad_mean,54.6649,48.0392,0.1465,3,6.6257,30.5047
cell_13_01,2026-03,era5_temperature_mean,23.5051,22.2202,0.4712,3,1.2849,1.8393
cell_13_01,2026-03,era5_precipitation_total,27.401,39.4606,26.5335,3,-12.0596,-0.3066
cell_13_01,2026-03,era5_wind_speed_mean,2.4575,2.5074,0.3299,3,-0.0499,-0.102
cell_13_02,2026-03,ndvi_mean,0.3452,0.3408,0.0002,3,0.0044,14.7985
cell_13_02,2026-03,ndbi_mean,-0.0124,-0.0339,0.0128,3,0.0215,1.1314
cell_13_02,2026-03,ndwi_mean,-0.3927,-0.376,0.0001,3,-0.0167,-112.5926
cell_13_02,2026-03,viirs_avg_rad_mean,59.6581,52.4585,0.2542,3,7.1996,19.1033
cell_13_02,2026-03,era5_temperature_mean,23.5051,22.2202,0.4712,3,1.2849,1.8393
cell_13_02,2026-03,era5_precipitation_total,27.401,39.4606,26.5335,3,-12.0596,-0.3066
cell_13_02,2026-03,era5_wind_speed_mean,2.4575,2.5074,0.3299,3,-0.0499,-0.102
cell_13_03,2026-03,ndvi_mean,0.2846,0.282,0.0002,3,0.0026,8.7861
cell_13_03,2026-03,ndbi_mean,0.0124,-0.0125,0.0015,3,0.0249,11.1935
cell_13_03,2026-03,ndwi_mean,-0.3338,-0.3216,0.0017,3,-0.0122,-4.844
cell_13_03,2026-03,viirs_avg_rad_mean,61.9488,61.3523,5.2024,3,0.5965,0.0773
cell_13_03,2026-03,era5_temperature_mean,23.5051,22.2202,0.4712,3,1.2849,1.8393
cell_13_03,2026-03,era5_precipitation_total,27.401,39.4606,26.5335,3,-12.0596,-0.3066
cell_13_03,2026-03,era5_wind_speed_mean,2.4575,2.5074,0.3299,3,-0.0499,-0.102
cell_13_04,2026-03,ndvi_mean,0.2593,0.2609,0.0098,3,-0.0016,-0.1135
cell_13_04,2026-03,ndbi_mean,-0.0004,-0.018,0.0006,3,0.0176,19.7309
cell_13_04,2026-03,ndwi_mean,-0.3042,-0.2968,0.011,3,-0.0074,-0.4524
cell_13_04,2026-03,viirs_avg_rad_mean,56.9677,55.2748,2.1037,3,1.6929,0.5428
cell_13_04,2026-03,era5_temperature_mean,23.5051,22.2202,0.4712,3,1.2849,1.8393
cell_13_04,2026-03,era5_precipitation_total,27.401,39.4606,26.5335,3,-12.0596,-0.3066
cell_13_04,2026-03,era5_wind_speed_mean,2.4575,2.5074,0.3299,3,-0.0499,-0.102
cell_13_05,2026-03,ndvi_mean,0.3298,0.3292,0.0307,3,0.0006,0.0123
cell_13_05,2026-03,ndbi_mean,-0.0103,-0.0212,0.0155,3,0.0109,0.4733
cell_13_05,2026-03,ndwi_mean,-0.3688,-0.3681,0.0226,3,-0.0007,-0.0217
cell_13_05,2026-03,viirs_avg_rad_mean,48.9689,45.7667,4.1443,3,3.2022,0.5212
cell_13_05,2026-03,era5_temperature_mean,23.5051,22.2202,0.4712,3,1.2849,1.8393
cell_13_05,2026-03,era5_precipitation_total,27.401,39.4606,26.5335,3,-12.0596,-0.3066
cell_13_05,2026-03,era5_wind_speed_mean,2.4575,2.5074,0.3299,3,-0.0499,-0.102
cell_13_06,2026-03,ndvi_mean,0.4715,0.456,0.0062,3,0.0155,1.6913
cell_13_06,2026-03,ndbi_mean,-0.0571,-0.0652,0.0014,3,0.0081,3.903
cell_13_06,2026-03,ndwi_mean,-0.4889,-0.468,0.0083,3,-0.0209,-1.7011
cell_13_06,2026-03,viirs_avg_rad_mean,47.6355,41.5087,2.0816,3,6.1268,1.9852
cell_13_06,2026-03,era5_temperature_mean,23.5051,22.2202,0.4712,3,1.2849,1.8393
cell_13_06,2026-03,era5_precipitation_total,27.401,39.4606,26.5335,3,-12.0596,-0.3066
cell_13_06,2026-03,era5_wind_speed_mean,2.4575,2.5074,0.3299,3,-0.0499,-0.102
cell_13_07,2026-03,ndvi_mean,0.4375,0.4078,0.0031,3,0.0297,6.46
cell_13_07,2026-03,ndbi_mean,-0.0609,-0.0542,0.0013,3,-0.0067,-3.4962
cell_13_07,2026-03,ndwi_mean,-0.4596,-0.4252,0.0121,3,-0.0344,-1.9202
cell_13_07,2026-03,viirs_avg_rad_mean,46.525,40.5511,0.828,3,5.9739,4.8663
cell_13_07,2026-03,era5_temperature_mean,23.5051,22.2202,0.4712,3,1.2849,1.8393
cell_13_07,2026-03,era5_precipitation_total,27.401,39.4606,26.5335,3,-12.0596,-0.3066
cell_13_07,2026-03,era5_wind_speed_mean,2.4575,2.5074,0.3299,3,-0.0499,-0.102
cell_13_08,2026-03,ndvi_mean,0.25,0.2642,0.0254,3,-0.0142,-0.378
cell_13_08,2026-03,ndbi_mean,-0.0048,-0.0194,0.0065,3,0.0146,1.5144
cell_13_08,2026-03,ndwi_mean,-0.2986,-0.3092,0.0227,3,0.0106,0.3155
cell_13_08,2026-03,viirs_avg_rad_mean,42.7296,40.9819,2.29,3,1.7477,0.5147
cell_13_08,2026-03,era5_temperature_mean,23.5051,22.2202,0.4712,3,1.2849,1.8393
cell_13_08,2026-03,era5_precipitation_total,27.401,39.4606,26.5335,3,-12.0596,-0.3066
cell_13_08,2026-03,era5_wind_speed_mean,2.4575,2.5074,0.3299,3,-0.0499,-0.102
cell_13_09,2026-03,ndvi_mean,0.34,0.3301,0.0254,3,0.0099,0.2625
cell_13_09,2026-03,ndbi_mean,-0.1978,-0.2269,0.012,3,0.0291,1.6357
cell_13_09,2026-03,ndwi_mean,-0.3282,-0.3045,0.0069,3,-0.0237,-2.3196
cell_13_09,2026-03,viirs_avg_rad_mean,28.1868,32.2419,0.2757,3,-4.0551,-9.9206
cell_13_09,2026-03,era5_temperature_mean,23.5051,22.2202,0.4712,3,1.2849,1.8393
cell_13_09,2026-03,era5_precipitation_total,27.401,39.4606,26.5335,3,-12.0596,-0.3066
cell_13_09,2026-03,era5_wind_speed_mean,2.4575,2.5074,0.3299,3,-0.0499,-0.102
cell_13_10,2026-03,ndvi_mean,0.1898,0.2304,0.0076,3,-0.0406,-3.6049
cell_13_10,2026-03,ndbi_mean,-0.1581,-0.2959,0.0601,3,0.1378,1.5466
cell_13_10,2026-03,ndwi_mean,-0.1588,-0.229,0.053,3,0.0702,0.8931
cell_13_10,2026-03,viirs_avg_rad_mean,23.2451,20.0029,0.1967,3,3.2422,11.1177
cell_13_10,2026-03,era5_temperature_mean,23.4861,22.2104,0.5112,3,1.2757,1.6833
cell_13_10,2026-03,era5_precipitation_total,25.6328,40.5181,26.2016,3,-14.8853,-0.3832
cell_13_10,2026-03,era5_wind_speed_mean,2.4442,2.5023,0.3197,3,-0.0581,-0.1225
cell_13_11,2026-03,ndvi_mean,0.6155,0.5408,0.0139,3,0.0747,3.6267
cell_13_11,2026-03,ndbi_mean,-0.3989,-0.3841,0.0284,3,-0.0148,-0.3505
cell_13_11,2026-03,ndwi_mean,-0.5071,-0.4372,0.0394,3,-0.0699,-1.1958
cell_13_11,2026-03,viirs_avg_rad_mean,16.2901,12.5152,1.0141,3,3.7749,2.5108
cell_13_11,2026-03,era5_temperature_mean,23.4861,22.2104,0.5112,3,1.2757,1.6833
cell_13_11,2026-03,era5_precipitation_total,25.6328,40.5181,26.2016,3,-14.8853,-0.3832
cell_13_11,2026-03,era5_wind_speed_mean,2.4442,2.5023,0.3197,3,-0.0581,-0.1225
cell_13_12,2026-03,ndvi_mean,-0.0583,0.0011,0.0371,3,-0.0594,-1.0803
cell_13_12,2026-03,ndbi_mean,0.0788,-0.1341,0.0677,3,0.2129,2.1213
cell_13_12,2026-03,ndwi_mean,0.0942,0.0477,0.054,3,0.0465,0.5812
cell_13_12,2026-03,viirs_avg_rad_mean,22.6478,17.1148,1.3254,3,5.533,2.8157
cell_13_12,2026-03,era5_temperature_mean,23.4861,22.2104,0.5112,3,1.2757,1.6833
cell_13_12,2026-03,era5_precipitation_total,25.6328,40.5181,26.2016,3,-14.8853,-0.3832
cell_13_12,2026-03,era5_wind_speed_mean,2.4442,2.5023,0.3197,3,-0.0581,-0.1225
cell_13_13,2026-03,ndvi_mean,0.174,0.2421,0.0558,3,-0.0681,-0.8233
cell_13_13,2026-03,ndbi_mean,0.1056,0.0155,0.0071,3,0.0901,8.5619
cell_13_13,2026-03,ndwi_mean,-0.1818,-0.2284,0.0607,3,0.0466,0.5179
cell_13_13,2026-03,viirs_avg_rad_mean,32.4114,26.2038,1.4002,3,6.2076,2.9903
cell_13_13,2026-03,era5_temperature_mean,23.4861,22.2104,0.5112,3,1.2757,1.6833
cell_13_13,2026-03,era5_precipitation_total,25.6328,40.5181,26.2016,3,-14.8853,-0.3832
cell_13_13,2026-03,era5_wind_speed_mean,2.4442,2.5023,0.3197,3,-0.0581,-0.1225
cell_13_14,2026-03,ndvi_mean,0.3509,0.4065,0.0481,3,-0.0556,-0.7791
cell_13_14,2026-03,ndbi_mean,-0.0092,-0.0543,0.0012,3,0.0451,25.37
cell_13_14,2026-03,ndwi_mean,-0.3996,-0.4251,0.0448,3,0.0255,0.3844
cell_13_14,2026-03,viirs_avg_rad_mean,54.6254,42.7477,4.8035,3,11.8777,1.6678
cell_13_14,2026-03,era5_temperature_mean,23.4861,22.2104,0.5112,3,1.2757,1.6833
cell_13_14,2026-03,era5_precipitation_total,25.6328,40.5181,26.2016,3,-14.8853,-0.3832
cell_13_14,2026-03,era5_wind_speed_mean,2.4442,2.5023,0.3197,3,-0.0581,-0.1225
cell_13_15,2026-03,ndvi_mean,0.3417,0.4302,0.0924,3,-0.0885,-0.6462
cell_13_15,2026-03,ndbi_mean,0.017,-0.0266,0.0225,3,0.0436,1.3064
cell_13_15,2026-03,ndwi_mean,-0.401,-0.4547,0.0514,3,0.0537,0.7049
cell_13_15,2026-03,viirs_avg_rad_mean,61.9829,48.3863,10.9102,3,13.5966,0.8406
cell_13_15,2026-03,era5_temperature_mean,23.4861,22.2104,0.5112,3,1.2757,1.6833
cell_13_15,2026-03,era5_precipitation_total,25.6328,40.5181,26.2016,3,-14.8853,-0.3832
cell_13_15,2026-03,era5_wind_speed_mean,2.4442,2.5023,0.3197,3,-0.0581,-0.1225
cell_13_16,2026-03,ndvi_mean,0.3895,0.4241,0.007,3,-0.0346,-3.3321
cell_13_16,2026-03,ndbi_mean,-0.0326,-0.0625,0.0159,3,0.0299,1.27
cell_13_16,2026-03,ndwi_mean,-0.4303,-0.4479,0.0092,3,0.0176,1.2939
cell_13_16,2026-03,viirs_avg_rad_mean,59.6559,41.8096,7.0981,3,17.8463,1.6958
cell_13_16,2026-03,era5_temperature_mean,23.4861,22.2104,0.5112,3,1.2757,1.6833
cell_13_16,2026-03,era5_precipitation_total,25.6328,40.5181,26.2016,3,-14.8853,-0.3832
cell_13_16,2026-03,era5_wind_speed_mean,2.4442,2.5023,0.3197,3,-0.0581,-0.1225
cell_13_17,2026-03,ndvi_mean,0.2356,0.282,0.0035,3,-0.0464,-8.9327
cell_13_17,2026-03,ndbi_mean,0.0211,-0.0071,0.0071,3,0.0282,2.6778
cell_13_17,2026-03,ndwi_mean,-0.2962,-0.3238,0.0095,3,0.0276,1.9571
cell_13_17,2026-03,viirs_avg_rad_mean,62.8648,45.9849,4.3251,3,16.8799,2.6324
cell_13_17,2026-03,era5_temperature_mean,23.4861,22.2104,0.5112,3,1.2757,1.6833
cell_13_17,2026-03,era5_precipitation_total,25.6328,40.5181,26.2016,3,-14.8853,-0.3832
cell_13_17,2026-03,era5_wind_speed_mean,2.4442,2.5023,0.3197,3,-0.0581,-0.1225
cell_13_18,2026-03,ndvi_mean,0.1075,0.1136,0.0045,3,-0.0061,-0.9162
cell_13_18,2026-03,ndbi_mean,0.0675,0.0549,0.0039,3,0.0126,2.1715
cell_13_18,2026-03,ndwi_mean,-0.181,-0.1778,0.0042,3,-0.0032,-0.5123
cell_13_18,2026-03,viirs_avg_rad_mean,54.3858,43.5796,1.5384,3,10.8062,4.7378
cell_13_18,2026-03,era5_temperature_mean,23.4861,22.2104,0.5112,3,1.2757,1.6833
cell_13_18,2026-03,era5_precipitation_total,25.6328,40.5181,26.2016,3,-14.8853,-0.3832
cell_13_18,2026-03,era5_wind_speed_mean,2.4442,2.5023,0.3197,3,-0.0581,-0.1225
cell_13_19,2026-03,ndvi_mean,0.2955,0.2904,0.0191,3,0.0051,0.18
cell_13_19,2026-03,ndbi_mean,-0.0095,-0.0139,0.0115,3,0.0044,0.2553
cell_13_19,2026-03,ndwi_mean,-0.364,-0.3463,0.0105,3,-0.0177,-1.1342
cell_13_19,2026-03,viirs_avg_rad_mean,47.9265,41.0154,0.1731,3,6.9111,26.9295
cell_13_19,2026-03,era5_temperature_mean,23.4861,22.2104,0.5112,3,1.2757,1.6833
cell_13_19,2026-03,era5_precipitation_total,25.6328,40.5181,26.2016,3,-14.8853,-0.3832
cell_13_19,2026-03,era5_wind_speed_mean,2.4442,2.5023,0.3197,3,-0.0581,-0.1225
cell_14_00,2026-03,ndvi_mean,0.4176,0.3936,0.0025,3,0.024,6.482
cell_14_00,2026-03,ndbi_mean,-0.0429,-0.0647,0.006,3,0.0218,2.451
cell_14_00,2026-03,ndwi_mean,-0.4454,-0.4184,0.0048,3,-0.027,-3.7888
cell_14_00,2026-03,viirs_avg_rad_mean,58.3519,57.4104,6.3904,3,0.9415,0.0994
cell_14_00,2026-03,era5_temperature_mean,23.5051,22.2202,0.4712,3,1.2849,1.8393
cell_14_00,2026-03,era5_precipitation_total,27.401,39.4606,26.5335,3,-12.0596,-0.3066
cell_14_00,2026-03,era5_wind_speed_mean,2.4575,2.5074,0.3299,3,-0.0499,-0.102
cell_14_01,2026-03,ndvi_mean,0.2733,0.3262,0.0089,3,-0.0529,-4.0098
cell_14_01,2026-03,ndbi_mean,0.0043,-0.03,0.0043,3,0.0343,5.3741
cell_14_01,2026-03,ndwi_mean,-0.3331,-0.3698,0.0031,3,0.0367,7.9878
cell_14_01,2026-03,viirs_avg_rad_mean,57.8505,53.1048,7.7615,3,4.7457,0.4124
cell_14_01,2026-03,era5_temperature_mean,23.5051,22.2202,0.4712,3,1.2849,1.8393
cell_14_01,2026-03,era5_precipitation_total,27.401,39.4606,26.5335,3,-12.0596,-0.3066
cell_14_01,2026-03,era5_wind_speed_mean,2.4575,2.5074,0.3299,3,-0.0499,-0.102
cell_14_02,2026-03,ndvi_mean,0.2627,0.278,0.0057,3,-0.0153,-1.8151
cell_14_02,2026-03,ndbi_mean,-0.0017,-0.0201,0.0131,3,0.0184,0.9467
cell_14_02,2026-03,ndwi_mean,-0.3178,-0.3264,0.0014,3,0.0086,4.1461
cell_14_02,2026-03,viirs_avg_rad_mean,58.9465,55.911,1.0977,3,3.0355,1.8652
cell_14_02,2026-03,era5_temperature_mean,23.5051,22.2202,0.4712,3,1.2849,1.8393
cell_14_02,2026-03,era5_precipitation_total,27.401,39.4606,26.5335,3,-12.0596,-0.3066
cell_14_02,2026-03,era5_wind_speed_mean,2.4575,2.5074,0.3299,3,-0.0499,-0.102
cell_14_03,2026-03,ndvi_mean,0.3109,0.3338,0.0025,3,-0.0229,-6.1677
cell_14_03,2026-03,ndbi_mean,-0.0192,-0.048,0.0009,3,0.0288,21.6083
cell_14_03,2026-03,ndwi_mean,-0.3532,-0.3581,0.0048,3,0.0049,0.6871
cell_14_03,2026-03,viirs_avg_rad_mean,58.3183,59.0909,11.0157,3,-0.7726,-0.0473
cell_14_03,2026-03,era5_temperature_mean,23.5051,22.2202,0.4712,3,1.2849,1.8393
cell_14_03,2026-03,era5_precipitation_total,27.401,39.4606,26.5335,3,-12.0596,-0.3066
cell_14_03,2026-03,era5_wind_speed_mean,2.4575,2.5074,0.3299,3,-0.0499,-0.102
cell_14_04,2026-03,ndvi_mean,0.3637,0.3754,0.0061,3,-0.0117,-1.299
cell_14_04,2026-03,ndbi_mean,-0.0239,-0.0475,0.0029,3,0.0236,5.4804
cell_14_04,2026-03,ndwi_mean,-0.3988,-0.3979,0.0033,3,-0.0009,-0.1904
cell_14_04,2026-03,viirs_avg_rad_mean,54.2851,55.1545,8.4357,3,-0.8694,-0.0695
cell_14_04,2026-03,era5_temperature_mean,23.5051,22.2202,0.4712,3,1.2849,1.8393
cell_14_04,2026-03,era5_precipitation_total,27.401,39.4606,26.5335,3,-12.0596,-0.3066
cell_14_04,2026-03,era5_wind_speed_mean,2.4575,2.5074,0.3299,3,-0.0499,-0.102
cell_14_05,2026-03,ndvi_mean,0.4207,0.4417,0.0081,3,-0.021,-1.7458
cell_14_05,2026-03,ndbi_mean,-0.0259,-0.0516,0.0063,3,0.0257,2.7566
cell_14_05,2026-03,ndwi_mean,-0.44,-0.4428,0.005,3,0.0028,0.3804
cell_14_05,2026-03,viirs_avg_rad_mean,57.3632,42.9448,0.1397,3,14.4184,69.6142
cell_14_05,2026-03,era5_temperature_mean,23.5051,22.2202,0.4712,3,1.2849,1.8393
cell_14_05,2026-03,era5_precipitation_total,27.401,39.4606,26.5335,3,-12.0596,-0.3066
cell_14_05,2026-03,era5_wind_speed_mean,2.4575,2.5074,0.3299,3,-0.0499,-0.102
cell_14_06,2026-03,ndvi_mean,0.3624,0.3468,0.0057,3,0.0156,1.8434
cell_14_06,2026-03,ndbi_mean,0.0015,-0.0076,0.0015,3,0.0091,4.1035
cell_14_06,2026-03,ndwi_mean,-0.3974,-0.3756,0.0021,3,-0.0218,-6.9991
cell_14_06,2026-03,viirs_avg_rad_mean,60.6009,42.8285,1.6991,3,17.7724,7.0551
cell_14_06,2026-03,era5_temperature_mean,23.5051,22.2202,0.4712,3,1.2849,1.8393
cell_14_06,2026-03,era5_precipitation_total,27.401,39.4606,26.5335,3,-12.0596,-0.3066
cell_14_06,2026-03,era5_wind_speed_mean,2.4575,2.5074,0.3299,3,-0.0499,-0.102
cell_14_07,2026-03,ndvi_mean,0.3124,0.3177,0.0,3,-0.0053,
cell_14_07,2026-03,ndbi_mean,-0.0155,-0.0313,0.0026,3,0.0158,4.0881
cell_14_07,2026-03,ndwi_mean,-0.3532,-0.3469,0.0019,3,-0.0063,-2.2193
cell_14_07,2026-03,viirs_avg_rad_mean,51.3904,47.5507,0.7892,3,3.8397,3.2816
cell_14_07,2026-03,era5_temperature_mean,23.5051,22.2202,0.4712,3,1.2849,1.8393
cell_14_07,2026-03,era5_precipitation_total,27.401,39.4606,26.5335,3,-12.0596,-0.3066
cell_14_07,2026-03,era5_wind_speed_mean,2.4575,2.5074,0.3299,3,-0.0499,-0.102
cell_14_08,2026-03,ndvi_mean,0.2852,0.3057,0.0092,3,-0.0205,-1.4996
cell_14_08,2026-03,ndbi_mean,-0.014,-0.0396,0.0067,3,0.0256,2.5786
cell_14_08,2026-03,ndwi_mean,-0.3309,-0.3452,0.0,3,0.0143,
cell_14_08,2026-03,viirs_avg_rad_mean,45.3759,51.0903,0.1585,3,-5.7144,-24.3175
cell_14_08,2026-03,era5_temperature_mean,23.5051,22.2202,0.4712,3,1.2849,1.8393
cell_14_08,2026-03,era5_precipitation_total,27.401,39.4606,26.5335,3,-12.0596,-0.3066
cell_14_08,2026-03,era5_wind_speed_mean,2.4575,2.5074,0.3299,3,-0.0499,-0.102
cell_14_09,2026-03,ndvi_mean,-0.002,0.0439,0.0798,3,-0.0459,-0.3877
cell_14_09,2026-03,ndbi_mean,0.0637,-0.0411,0.1197,3,0.1048,0.5906
cell_14_09,2026-03,ndwi_mean,0.0087,-0.0109,0.0617,3,0.0196,0.2139
cell_14_09,2026-03,viirs_avg_rad_mean,24.4525,36.0427,2.5889,3,-11.5902,-3.0196
cell_14_09,2026-03,era5_temperature_mean,23.5051,22.2202,0.4712,3,1.2849,1.8393
cell_14_09,2026-03,era5_precipitation_total,27.401,39.4606,26.5335,3,-12.0596,-0.3066
cell_14_09,2026-03,era5_wind_speed_mean,2.4575,2.5074,0.3299,3,-0.0499,-0.102
cell_14_10,2026-03,ndvi_mean,0.1751,0.2529,0.0171,3,-0.0778,-3.0678
cell_14_10,2026-03,ndbi_mean,-0.1042,-0.1313,0.0771,3,0.0271,0.2368
cell_14_10,2026-03,ndwi_mean,-0.1358,-0.198,0.0705,3,0.0622,0.5947
cell_14_10,2026-03,viirs_avg_rad_mean,14.7556,12.4391,0.761,3,2.3165,2.0532
cell_14_10,2026-03,era5_temperature_mean,23.4861,22.2104,0.5112,3,1.2757,1.6833
cell_14_10,2026-03,era5_precipitation_total,25.6328,40.5181,26.2016,3,-14.8853,-0.3832
cell_14_10,2026-03,era5_wind_speed_mean,2.4442,2.5023,0.3197,3,-0.0581,-0.1225
cell_14_11,2026-03,ndvi_mean,0.1218,0.3175,0.0099,3,-0.1957,-13.3344
cell_14_11,2026-03,ndbi_mean,-0.1,-0.2871,0.0319,3,0.1871,3.9558
cell_14_11,2026-03,ndwi_mean,-0.0807,-0.2362,0.0235,3,0.1555,4.4623
cell_14_11,2026-03,viirs_avg_rad_mean,18.733,15.9607,0.6794,3,2.7723,2.7523
cell_14_11,2026-03,era5_temperature_mean,23.4861,22.2104,0.5112,3,1.2757,1.6833
cell_14_11,2026-03,era5_precipitation_total,25.6328,40.5181,26.2016,3,-14.8853,-0.3832
cell_14_11,2026-03,era5_wind_speed_mean,2.4442,2.5023,0.3197,3,-0.0581,-0.1225
cell_14_12,2026-03,ndvi_mean,-0.2412,0.0621,0.0441,3,-0.3033,-4.6384
cell_14_12,2026-03,ndbi_mean,0.3321,-0.0326,0.0433,3,0.3647,5.6817
cell_14_12,2026-03,ndwi_mean,0.2428,-0.0135,0.053,3,0.2563,3.262
cell_14_12,2026-03,viirs_avg_rad_mean,38.6747,28.9092,3.6422,3,9.7655,1.8085
cell_14_12,2026-03,era5_temperature_mean,23.4861,22.2104,0.5112,3,1.2757,1.6833
cell_14_12,2026-03,era5_precipitation_total,25.6328,40.5181,26.2016,3,-14.8853,-0.3832
cell_14_12,2026-03,era5_wind_speed_mean,2.4442,2.5023,0.3197,3,-0.0581,-0.1225
cell_14_13,2026-03,ndvi_mean,0.4871,0.4491,0.0279,3,0.038,0.9198
cell_14_13,2026-03,ndbi_mean,-0.0662,-0.0646,0.0085,3,-0.0016,-0.1249
cell_14_13,2026-03,ndwi_mean,-0.5077,-0.4596,0.0068,3,-0.0481,-4.7758
cell_14_13,2026-03,viirs_avg_rad_mean,47.3331,45.8275,6.2058,3,1.5056,0.1636
cell_14_13,2026-03,era5_temperature_mean,23.4861,22.2104,0.5112,3,1.2757,1.6833
cell_14_13,2026-03,era5_precipitation_total,25.6328,40.5181,26.2016,3,-14.8853,-0.3832
cell_14_13,2026-03,era5_wind_speed_mean,2.4442,2.5023,0.3197,3,-0.0581,-0.1225
cell_14_14,2026-03,ndvi_mean,0.2954,0.2842,0.0279,3,0.0112,0.2716
cell_14_14,2026-03,ndbi_mean,-0.0014,-0.0124,0.0185,3,0.011,0.4028
cell_14_14,2026-03,ndwi_mean,-0.3535,-0.3346,0.0172,3,-0.0189,-0.7407
cell_14_14,2026-03,viirs_avg_rad_mean,73.9231,67.2429,2.8688,3,6.6802,1.5706
cell_14_14,2026-03,era5_temperature_mean,23.4861,22.2104,0.5112,3,1.2757,1.6833
cell_14_14,2026-03,era5_precipitation_total,25.6328,40.5181,26.2016,3,-14.8853,-0.3832
cell_14_14,2026-03,era5_wind_speed_mean,2.4442,2.5023,0.3197,3,-0.0581,-0.1225
cell_14_15,2026-03,ndvi_mean,0.3062,0.3809,0.0235,3,-0.0747,-2.1438
cell_14_15,2026-03,ndbi_mean,0.0174,0.0071,0.019,3,0.0103,0.365
cell_14_15,2026-03,ndwi_mean,-0.3651,-0.4294,0.0036,3,0.0643,12.0498
cell_14_15,2026-03,viirs_avg_rad_mean,74.3851,64.8774,4.3214,3,9.5077,1.484
cell_14_15,2026-03,era5_temperature_mean,23.4861,22.2104,0.5112,3,1.2757,1.6833
cell_14_15,2026-03,era5_precipitation_total,25.6328,40.5181,26.2016,3,-14.8853,-0.3832
cell_14_15,2026-03,era5_wind_speed_mean,2.4442,2.5023,0.3197,3,-0.0581,-0.1225
cell_14_16,2026-03,ndvi_mean,0.1838,0.3368,0.0258,3,-0.153,-3.9997
cell_14_16,2026-03,ndbi_mean,0.0467,0.0197,0.0177,3,0.027,1.0288
cell_14_16,2026-03,ndwi_mean,-0.2495,-0.3766,0.023,3,0.1271,3.7262
cell_14_16,2026-03,viirs_avg_rad_mean,55.2721,50.959,2.2544,3,4.3131,1.2904
cell_14_16,2026-03,era5_temperature_mean,23.4861,22.2104,0.5112,3,1.2757,1.6833
cell_14_16,2026-03,era5_precipitation_total,25.6328,40.5181,26.2016,3,-14.8853,-0.3832
cell_14_16,2026-03,era5_wind_speed_mean,2.4442,2.5023,0.3197,3,-0.0581,-0.1225
cell_14_17,2026-03,ndvi_mean,0.2325,0.2624,0.0007,3,-0.0299,-28.8517
cell_14_17,2026-03,ndbi_mean,0.0235,-0.0082,0.004,3,0.0317,5.3491
cell_14_17,2026-03,ndwi_mean,-0.2963,-0.3085,0.0046,3,0.0122,1.7956
cell_14_17,2026-03,viirs_avg_rad_mean,64.7507,51.6472,4.4094,3,13.1035,2.0044
cell_14_17,2026-03,era5_temperature_mean,23.4861,22.2104,0.5112,3,1.2757,1.6833
cell_14_17,2026-03,era5_precipitation_total,25.6328,40.5181,26.2016,3,-14.8853,-0.3832
cell_14_17,2026-03,era5_wind_speed_mean,2.4442,2.5023,0.3197,3,-0.0581,-0.1225
cell_14_18,2026-03,ndvi_mean,0.4852,0.5396,0.037,3,-0.0544,-0.992
cell_14_18,2026-03,ndbi_mean,-0.0468,-0.1022,0.0,3,0.0554,
cell_14_18,2026-03,ndwi_mean,-0.4998,-0.5178,0.0166,3,0.018,0.7298
cell_14_18,2026-03,viirs_avg_rad_mean,59.0016,51.2857,5.4563,3,7.7159,0.9538
cell_14_18,2026-03,era5_temperature_mean,23.4861,22.2104,0.5112,3,1.2757,1.6833
cell_14_18,2026-03,era5_precipitation_total,25.6328,40.5181,26.2016,3,-14.8853,-0.3832
cell_14_18,2026-03,era5_wind_speed_mean,2.4442,2.5023,0.3197,3,-0.0581,-0.1225
cell_14_19,2026-03,ndvi_mean,0.3492,0.5525,0.033,3,-0.2033,-4.1559
cell_14_19,2026-03,ndbi_mean,-0.0147,-0.0977,0.0254,3,0.083,2.2054
cell_14_19,2026-03,ndwi_mean,-0.4039,-0.5438,0.0089,3,0.1399,10.5993
cell_14_19,2026-03,viirs_avg_rad_mean,48.2834,47.5297,4.4502,3,0.7537,0.1142
cell_14_19,2026-03,era5_temperature_mean,23.4861,22.2104,0.5112,3,1.2757,1.6833
cell_14_19,2026-03,era5_precipitation_total,25.6328,40.5181,26.2016,3,-14.8853,-0.3832
cell_14_19,2026-03,era5_wind_speed_mean,2.4442,2.5023,0.3197,3,-0.0581,-0.1225
cell_15_00,2026-03,ndvi_mean,0.3419,0.3309,0.0008,3,0.011,9.277
cell_15_00,2026-03,ndbi_mean,-0.0097,-0.0288,0.0013,3,0.0191,9.8951
cell_15_00,2026-03,ndwi_mean,-0.3911,-0.3646,0.0023,3,-0.0265,-7.7693
cell_15_00,2026-03,viirs_avg_rad_mean,66.8565,67.8814,11.6747,3,-1.0249,-0.0592
cell_15_00,2026-03,era5_temperature_mean,23.5051,22.2202,0.4712,3,1.2849,1.8393
cell_15_00,2026-03,era5_precipitation_total,27.401,39.4606,26.5335,3,-12.0596,-0.3066
cell_15_00,2026-03,era5_wind_speed_mean,2.4575,2.5074,0.3299,3,-0.0499,-0.102
cell_15_01,2026-03,ndvi_mean,0.3336,0.4093,0.0257,3,-0.0757,-1.9862
cell_15_01,2026-03,ndbi_mean,-0.01,-0.0623,0.0164,3,0.0523,2.1502
cell_15_01,2026-03,ndwi_mean,-0.3891,-0.4364,0.0031,3,0.0473,10.281
cell_15_01,2026-03,viirs_avg_rad_mean,60.7793,57.8673,8.8234,3,2.912,0.2226
cell_15_01,2026-03,era5_temperature_mean,23.5051,22.2202,0.4712,3,1.2849,1.8393
cell_15_01,2026-03,era5_precipitation_total,27.401,39.4606,26.5335,3,-12.0596,-0.3066
cell_15_01,2026-03,era5_wind_speed_mean,2.4575,2.5074,0.3299,3,-0.0499,-0.102
cell_15_02,2026-03,ndvi_mean,0.3948,0.3903,0.0084,3,0.0045,0.36
cell_15_02,2026-03,ndbi_mean,-0.0518,-0.0714,0.0121,3,0.0196,1.0909
cell_15_02,2026-03,ndwi_mean,-0.4213,-0.4061,0.0097,3,-0.0152,-1.06
cell_15_02,2026-03,viirs_avg_rad_mean,56.8057,51.5761,0.0388,3,5.2296,90.9094
cell_15_02,2026-03,era5_temperature_mean,23.5051,22.2202,0.4712,3,1.2849,1.8393
cell_15_02,2026-03,era5_precipitation_total,27.401,39.4606,26.5335,3,-12.0596,-0.3066
cell_15_02,2026-03,era5_wind_speed_mean,2.4575,2.5074,0.3299,3,-0.0499,-0.102
cell_15_03,2026-03,ndvi_mean,0.2796,0.277,0.0094,3,0.0026,0.1839
cell_15_03,2026-03,ndbi_mean,-0.016,-0.028,0.0042,3,0.012,1.92
cell_15_03,2026-03,ndwi_mean,-0.3211,-0.3128,0.009,3,-0.0083,-0.6193
cell_15_03,2026-03,viirs_avg_rad_mean,55.2009,43.7206,3.2088,3,11.4803,2.4132
cell_15_03,2026-03,era5_temperature_mean,23.5051,22.2202,0.4712,3,1.2849,1.8393
cell_15_03,2026-03,era5_precipitation_total,27.401,39.4606,26.5335,3,-12.0596,-0.3066
cell_15_03,2026-03,era5_wind_speed_mean,2.4575,2.5074,0.3299,3,-0.0499,-0.102
cell_15_04,2026-03,ndvi_mean,0.2182,0.2153,0.0006,3,0.0029,3.2961
cell_15_04,2026-03,ndbi_mean,0.0073,0.0014,0.0079,3,0.0059,0.5078
cell_15_04,2026-03,ndwi_mean,-0.2709,-0.2615,0.0025,3,-0.0094,-2.5414
cell_15_04,2026-03,viirs_avg_rad_mean,46.645,38.4682,0.825,3,8.1768,6.685
cell_15_04,2026-03,era5_temperature_mean,23.5051,22.2202,0.4712,3,1.2849,1.8393
cell_15_04,2026-03,era5_precipitation_total,27.401,39.4606,26.5335,3,-12.0596,-0.3066
cell_15_04,2026-03,era5_wind_speed_mean,2.4575,2.5074,0.3299,3,-0.0499,-0.102
cell_15_05,2026-03,ndvi_mean,0.2517,0.2306,0.0047,3,0.0211,3.0321
cell_15_05,2026-03,ndbi_mean,0.0124,0.0074,0.0073,3,0.005,0.4665
cell_15_05,2026-03,ndwi_mean,-0.3037,-0.2818,0.009,3,-0.0219,-1.6393
cell_15_05,2026-03,viirs_avg_rad_mean,44.4432,37.2225,2.013,3,7.2207,2.4194
cell_15_05,2026-03,era5_temperature_mean,23.5051,22.2202,0.4712,3,1.2849,1.8393
cell_15_05,2026-03,era5_precipitation_total,27.401,39.4606,26.5335,3,-12.0596,-0.3066
cell_15_05,2026-03,era5_wind_speed_mean,2.4575,2.5074,0.3299,3,-0.0499,-0.102
cell_15_06,2026-03,ndvi_mean,0.0661,0.0764,0.001,3,-0.0103,-6.9386
cell_15_06,2026-03,ndbi_mean,0.0716,0.0569,0.0069,3,0.0147,1.4398
cell_15_06,2026-03,ndwi_mean,-0.1334,-0.1374,0.0019,3,0.004,1.4339
cell_15_06,2026-03,viirs_avg_rad_mean,46.1454,41.1589,2.0396,3,4.9865,1.649
cell_15_06,2026-03,era5_temperature_mean,23.5051,22.2202,0.4712,3,1.2849,1.8393
cell_15_06,2026-03,era5_precipitation_total,27.401,39.4606,26.5335,3,-12.0596,-0.3066
cell_15_06,2026-03,era5_wind_speed_mean,2.4575,2.5074,0.3299,3,-0.0499,-0.102
cell_15_07,2026-03,ndvi_mean,0.0766,0.0914,0.0005,3,-0.0148,-19.9201
cell_15_07,2026-03,ndbi_mean,0.0652,0.045,0.0056,3,0.0202,2.4353
cell_15_07,2026-03,ndwi_mean,-0.1439,-0.1521,0.0007,3,0.0082,7.9337
cell_15_07,2026-03,viirs_avg_rad_mean,39.2801,43.6328,0.2106,3,-4.3527,-13.9404
cell_15_07,2026-03,era5_temperature_mean,23.5051,22.2202,0.4712,3,1.2849,1.8393
cell_15_07,2026-03,era5_precipitation_total,27.401,39.4606,26.5335,3,-12.0596,-0.3066
cell_15_07,2026-03,era5_wind_speed_mean,2.4575,2.5074,0.3299,3,-0.0499,-0.102
cell_15_08,2026-03,ndvi_mean,0.3572,0.3975,0.0259,3,-0.0403,-1.0503
cell_15_08,2026-03,ndbi_mean,-0.0567,-0.0951,0.0038,3,0.0384,6.8205
cell_15_08,2026-03,ndwi_mean,-0.3824,-0.4092,0.0203,3,0.0268,0.8898
cell_15_08,2026-03,viirs_avg_rad_mean,32.7296,45.6873,3.1027,3,-12.9577,-2.8169
cell_15_08,2026-03,era5_temperature_mean,23.5051,22.2202,0.4712,3,1.2849,1.8393
cell_15_08,2026-03,era5_precipitation_total,27.401,39.4606,26.5335,3,-12.0596,-0.3066
cell_15_08,2026-03,era5_wind_speed_mean,2.4575,2.5074,0.3299,3,-0.0499,-0.102
cell_15_09,2026-03,ndvi_mean,-0.5047,-0.2952,0.1252,3,-0.2095,-1.1288
cell_15_09,2026-03,ndbi_mean,0.4771,0.0524,0.0712,3,0.4247,4.0236
cell_15_09,2026-03,ndwi_mean,0.4891,0.3046,0.1259,3,0.1845,0.9884
cell_15_09,2026-03,viirs_avg_rad_mean,23.9591,28.8804,4.7179,3,-4.9213,-0.7036
cell_15_09,2026-03,era5_temperature_mean,23.5051,22.2202,0.4712,3,1.2849,1.8393
cell_15_09,2026-03,era5_precipitation_total,27.401,39.4606,26.5335,3,-12.0596,-0.3066
cell_15_09,2026-03,era5_wind_speed_mean,2.4575,2.5074,0.3299,3,-0.0499,-0.102
cell_15_10,2026-03,ndvi_mean,0.1066,0.2119,0.0945,3,-0.1053,-0.7513
cell_15_10,2026-03,ndbi_mean,0.1025,-0.0168,0.0886,3,0.1193,0.908
cell_15_10,2026-03,ndwi_mean,-0.1328,-0.2128,0.0796,3,0.08,0.6778
cell_15_10,2026-03,viirs_avg_rad_mean,17.4125,16.3491,0.0482,3,1.0634,14.8808
cell_15_10,2026-03,era5_temperature_mean,23.4861,22.2104,0.5112,3,1.2757,1.6833
cell_15_10,2026-03,era5_precipitation_total,25.6328,40.5181,26.2016,3,-14.8853,-0.3832
cell_15_10,2026-03,era5_wind_speed_mean,2.4442,2.5023,0.3197,3,-0.0581,-0.1225
cell_15_11,2026-03,ndvi_mean,0.2891,0.3393,0.0444,3,-0.0502,-0.7628
cell_15_11,2026-03,ndbi_mean,-0.0771,-0.1718,0.0761,3,0.0947,0.8397
cell_15_11,2026-03,ndwi_mean,-0.2454,-0.3004,0.0034,3,0.055,10.9108
cell_15_11,2026-03,viirs_avg_rad_mean,30.1807,27.5697,3.1167,3,2.611,0.565
cell_15_11,2026-03,era5_temperature_mean,23.4861,22.2104,0.5112,3,1.2757,1.6833
cell_15_11,2026-03,era5_precipitation_total,25.6328,40.5181,26.2016,3,-14.8853,-0.3832
cell_15_11,2026-03,era5_wind_speed_mean,2.4442,2.5023,0.3197,3,-0.0581,-0.1225
cell_15_12,2026-03,ndvi_mean,0.3356,0.3397,0.0026,3,-0.0041,-1.0556
cell_15_12,2026-03,ndbi_mean,-0.0363,-0.0661,0.0009,3,0.0298,22.3292
cell_15_12,2026-03,ndwi_mean,-0.3516,-0.3423,0.014,3,-0.0093,-0.447
cell_15_12,2026-03,viirs_avg_rad_mean,71.6554,57.0399,5.2181,3,14.6155,1.8892
cell_15_12,2026-03,era5_temperature_mean,23.4861,22.2104,0.5112,3,1.2757,1.6833
cell_15_12,2026-03,era5_precipitation_total,25.6328,40.5181,26.2016,3,-14.8853,-0.3832
cell_15_12,2026-03,era5_wind_speed_mean,2.4442,2.5023,0.3197,3,-0.0581,-0.1225
cell_15_13,2026-03,ndvi_mean,0.245,0.251,0.0023,3,-0.006,-1.7605
cell_15_13,2026-03,ndbi_mean,-0.0059,-0.0284,0.0048,3,0.0225,3.1654
cell_15_13,2026-03,ndwi_mean,-0.2918,-0.2865,0.0058,3,-0.0053,-0.6115
cell_15_13,2026-03,viirs_avg_rad_mean,90.5258,83.5723,2.6367,3,6.9535,1.7788
cell_15_13,2026-03,era5_temperature_mean,23.4861,22.2104,0.5112,3,1.2757,1.6833
cell_15_13,2026-03,era5_precipitation_total,25.6328,40.5181,26.2016,3,-14.8853,-0.3832
cell_15_13,2026-03,era5_wind_speed_mean,2.4442,2.5023,0.3197,3,-0.0581,-0.1225
cell_15_14,2026-03,ndvi_mean,0.2247,0.2179,0.0044,3,0.0068,1.0466
cell_15_14,2026-03,ndbi_mean,-0.0068,-0.0179,0.0032,3,0.0111,2.3363
cell_15_14,2026-03,ndwi_mean,-0.2723,-0.252,0.0002,3,-0.0203,-68.3895
cell_15_14,2026-03,viirs_avg_rad_mean,119.1094,105.5398,3.7531,3,13.5696,2.4387
cell_15_14,2026-03,era5_temperature_mean,23.4861,22.2104,0.5112,3,1.2757,1.6833
cell_15_14,2026-03,era5_precipitation_total,25.6328,40.5181,26.2016,3,-14.8853,-0.3832
cell_15_14,2026-03,era5_wind_speed_mean,2.4442,2.5023,0.3197,3,-0.0581,-0.1225
cell_15_15,2026-03,ndvi_mean,0.281,0.2795,0.0019,3,0.0015,0.5279
cell_15_15,2026-03,ndbi_mean,0.0229,0.004,0.0032,3,0.0189,3.9862
cell_15_15,2026-03,ndwi_mean,-0.3348,-0.3267,0.0035,3,-0.0081,-1.552
cell_15_15,2026-03,viirs_avg_rad_mean,105.7507,94.1815,5.5581,3,11.5692,1.404
cell_15_15,2026-03,era5_temperature_mean,23.4861,22.2104,0.5112,3,1.2757,1.6833
cell_15_15,2026-03,era5_precipitation_total,25.6328,40.5181,26.2016,3,-14.8853,-0.3832
cell_15_15,2026-03,era5_wind_speed_mean,2.4442,2.5023,0.3197,3,-0.0581,-0.1225
cell_15_16,2026-03,ndvi_mean,0.2753,0.2809,0.0106,3,-0.0056,-0.3573
cell_15_16,2026-03,ndbi_mean,-0.0061,-0.0212,0.0029,3,0.0151,3.5064
cell_15_16,2026-03,ndwi_mean,-0.3232,-0.3189,0.0025,3,-0.0043,-1.1557
cell_15_16,2026-03,viirs_avg_rad_mean,66.0034,73.2339,4.456,3,-7.2305,-1.0945
cell_15_16,2026-03,era5_temperature_mean,23.4861,22.2104,0.5112,3,1.2757,1.6833
cell_15_16,2026-03,era5_precipitation_total,25.6328,40.5181,26.2016,3,-14.8853,-0.3832
cell_15_16,2026-03,era5_wind_speed_mean,2.4442,2.5023,0.3197,3,-0.0581,-0.1225
cell_15_17,2026-03,ndvi_mean,0.2979,0.2942,0.0021,3,0.0037,1.1963
cell_15_17,2026-03,ndbi_mean,-0.0201,-0.0288,0.0001,3,0.0087,58.9115
cell_15_17,2026-03,ndwi_mean,-0.3481,-0.3267,0.0053,3,-0.0214,-2.7264
cell_15_17,2026-03,viirs_avg_rad_mean,64.1999,55.2753,5.7164,3,8.9246,1.053
cell_15_17,2026-03,era5_temperature_mean,23.4861,22.2104,0.5112,3,1.2757,1.6833
cell_15_17,2026-03,era5_precipitation_total,25.6328,40.5181,26.2016,3,-14.8853,-0.3832
cell_15_17,2026-03,era5_wind_speed_mean,2.4442,2.5023,0.3197,3,-0.0581,-0.1225
cell_15_18,2026-03,ndvi_mean,0.2928,0.3044,0.0024,3,-0.0116,-3.2545
cell_15_18,2026-03,ndbi_mean,-0.0128,-0.0331,0.0005,3,0.0203,27.4314
cell_15_18,2026-03,ndwi_mean,-0.3363,-0.3297,0.0014,3,-0.0066,-3.177
cell_15_18,2026-03,viirs_avg_rad_mean,57.7332,51.2209,5.1749,3,6.5123,0.8488
cell_15_18,2026-03,era5_temperature_mean,23.4861,22.2104,0.5112,3,1.2757,1.6833
cell_15_18,2026-03,era5_precipitation_total,25.6328,40.5181,26.2016,3,-14.8853,-0.3832
cell_15_18,2026-03,era5_wind_speed_mean,2.4442,2.5023,0.3197,3,-0.0581,-0.1225
cell_15_19,2026-03,ndvi_mean,0.3197,0.3713,0.0042,3,-0.0516,-8.294
cell_15_19,2026-03,ndbi_mean,-0.0271,-0.0669,0.0097,3,0.0398,2.765
cell_15_19,2026-03,ndwi_mean,-0.3602,-0.3827,0.0111,3,0.0225,1.3675
cell_15_19,2026-03,viirs_avg_rad_mean,53.1897,51.8307,0.6993,3,1.359,1.3107
cell_15_19,2026-03,era5_temperature_mean,23.4861,22.2104,0.5112,3,1.2757,1.6833
cell_15_19,2026-03,era5_precipitation_total,25.6328,40.5181,26.2016,3,-14.8853,-0.3832
cell_15_19,2026-03,era5_wind_speed_mean,2.4442,2.5023,0.3197,3,-0.0581,-0.1225
cell_16_00,2026-03,ndvi_mean,0.3521,0.3617,0.002,3,-0.0096,-3.2386
cell_16_00,2026-03,ndbi_mean,-0.0255,-0.0495,0.0001,3,0.024,161.6026
cell_16_00,2026-03,ndwi_mean,-0.3983,-0.3938,0.0059,3,-0.0045,-0.5179
cell_16_00,2026-03,viirs_avg_rad_mean,59.4092,55.2689,6.3527,3,4.1403,0.4396
cell_16_00,2026-03,era5_temperature_mean,23.5051,22.2202,0.4712,3,1.2849,1.8393
cell_16_00,2026-03,era5_precipitation_total,27.401,39.4606,26.5335,3,-12.0596,-0.3066
cell_16_00,2026-03,era5_wind_speed_mean,2.4575,2.5074,0.3299,3,-0.0499,-0.102
cell_16_01,2026-03,ndvi_mean,0.2564,0.2556,0.0117,3,0.0008,0.0442
cell_16_01,2026-03,ndbi_mean,0.0026,-0.0272,0.0057,3,0.0298,3.5217
cell_16_01,2026-03,ndwi_mean,-0.3125,-0.2984,0.0083,3,-0.0141,-1.1481
cell_16_01,2026-03,viirs_avg_rad_mean,59.899,56.8295,5.4925,3,3.0695,0.3769
cell_16_01,2026-03,era5_temperature_mean,23.5051,22.2202,0.4712,3,1.2849,1.8393
cell_16_01,2026-03,era5_precipitation_total,27.401,39.4606,26.5335,3,-12.0596,-0.3066
cell_16_01,2026-03,era5_wind_speed_mean,2.4575,2.5074,0.3299,3,-0.0499,-0.102
cell_16_02,2026-03,ndvi_mean,0.3621,0.3692,0.0071,3,-0.0071,-0.6783
cell_16_02,2026-03,ndbi_mean,-0.0555,-0.0718,0.0066,3,0.0163,1.6707
cell_16_02,2026-03,ndwi_mean,-0.3947,-0.3936,0.0029,3,-0.0011,-0.2627
cell_16_02,2026-03,viirs_avg_rad_mean,56.1176,51.3301,1.3496,3,4.7875,2.3927
cell_16_02,2026-03,era5_temperature_mean,23.5051,22.2202,0.4712,3,1.2849,1.8393
cell_16_02,2026-03,era5_precipitation_total,27.401,39.4606,26.5335,3,-12.0596,-0.3066
cell_16_02,2026-03,era5_wind_speed_mean,2.4575,2.5074,0.3299,3,-0.0499,-0.102
cell_16_03,2026-03,ndvi_mean,0.2726,0.2771,0.0021,3,-0.0045,-1.4421
cell_16_03,2026-03,ndbi_mean,-0.0036,-0.0195,0.008,3,0.0159,1.3443
cell_16_03,2026-03,ndwi_mean,-0.323,-0.3147,0.0024,3,-0.0083,-2.3426
cell_16_03,2026-03,viirs_avg_rad_mean,49.4755,43.1188,1.0949,3,6.3567,3.9159
cell_16_03,2026-03,era5_temperature_mean,23.5051,22.2202,0.4712,3,1.2849,1.8393
cell_16_03,2026-03,era5_precipitation_total,27.401,39.4606,26.5335,3,-12.0596,-0.3066
cell_16_03,2026-03,era5_wind_speed_mean,2.4575,2.5074,0.3299,3,-0.0499,-0.102
cell_16_04,2026-03,ndvi_mean,0.2081,0.2151,0.0033,3,-0.007,-1.4205
cell_16_04,2026-03,ndbi_mean,0.0195,0.0062,0.0054,3,0.0133,1.6601
cell_16_04,2026-03,ndwi_mean,-0.2706,-0.2674,0.0068,3,-0.0032,-0.3153
cell_16_04,2026-03,viirs_avg_rad_mean,41.1534,36.9599,0.6941,3,4.1935,4.0751
cell_16_04,2026-03,era5_temperature_mean,23.5051,22.2202,0.4712,3,1.2849,1.8393
cell_16_04,2026-03,era5_precipitation_total,27.401,39.4606,26.5335,3,-12.0596,-0.3066
cell_16_04,2026-03,era5_wind_speed_mean,2.4575,2.5074,0.3299,3,-0.0499,-0.102
cell_16_05,2026-03,ndvi_mean,0.4071,0.3958,0.0106,3,0.0113,0.7216
cell_16_05,2026-03,ndbi_mean,-0.0807,-0.0841,0.0064,3,0.0034,0.3549
cell_16_05,2026-03,ndwi_mean,-0.4328,-0.432,0.0161,3,-0.0008,-0.0324
cell_16_05,2026-03,viirs_avg_rad_mean,35.9538,29.5224,1.1008,3,6.4314,3.9407
cell_16_05,2026-03,era5_temperature_mean,23.5051,22.2202,0.4712,3,1.2849,1.8393
cell_16_05,2026-03,era5_precipitation_total,27.401,39.4606,26.5335,3,-12.0596,-0.3066
cell_16_05,2026-03,era5_wind_speed_mean,2.4575,2.5074,0.3299,3,-0.0499,-0.102
cell_16_06,2026-03,ndvi_mean,0.2816,0.3051,0.0088,3,-0.0235,-1.798
cell_16_06,2026-03,ndbi_mean,-0.051,-0.0712,0.0207,3,0.0202,0.6584
cell_16_06,2026-03,ndwi_mean,-0.3221,-0.3264,0.0054,3,0.0043,0.5431
cell_16_06,2026-03,viirs_avg_rad_mean,33.1257,26.9948,5.1367,3,6.1309,0.805
cell_16_06,2026-03,era5_temperature_mean,23.5051,22.2202,0.4712,3,1.2849,1.8393
cell_16_06,2026-03,era5_precipitation_total,27.401,39.4606,26.5335,3,-12.0596,-0.3066
cell_16_06,2026-03,era5_wind_speed_mean,2.4575,2.5074,0.3299,3,-0.0499,-0.102
cell_16_07,2026-03,ndvi_mean,0.1067,0.1055,0.0008,3,0.0012,1.0254
cell_16_07,2026-03,ndbi_mean,0.0359,0.0177,0.0039,3,0.0182,3.1452
cell_16_07,2026-03,ndwi_mean,-0.1808,-0.1695,0.0082,3,-0.0113,-0.9309
cell_16_07,2026-03,viirs_avg_rad_mean,30.7507,24.52,1.6346,3,6.2307,2.571
cell_16_07,2026-03,era5_temperature_mean,23.5051,22.2202,0.4712,3,1.2849,1.8393
cell_16_07,2026-03,era5_precipitation_total,27.401,39.4606,26.5335,3,-12.0596,-0.3066
cell_16_07,2026-03,era5_wind_speed_mean,2.4575,2.5074,0.3299,3,-0.0499,-0.102
cell_16_08,2026-03,ndvi_mean,0.3267,0.2946,0.0586,3,0.0321,0.3699
cell_16_08,2026-03,ndbi_mean,-0.0826,-0.1384,0.0172,3,0.0558,2.1892
cell_16_08,2026-03,ndwi_mean,-0.3301,-0.2904,0.0217,3,-0.0397,-1.2347
cell_16_08,2026-03,viirs_avg_rad_mean,25.7631,20.7963,2.7336,3,4.9668,1.2255
cell_16_08,2026-03,era5_temperature_mean,23.5051,22.2202,0.4712,3,1.2849,1.8393
cell_16_08,2026-03,era5_precipitation_total,27.401,39.4606,26.5335,3,-12.0596,-0.3066
cell_16_08,2026-03,era5_wind_speed_mean,2.4575,2.5074,0.3299,3,-0.0499,-0.102
cell_16_09,2026-03,ndvi_mean,0.1229,0.1484,0.0398,3,-0.0255,-0.4314
cell_16_09,2026-03,ndbi_mean,0.0359,0.0026,0.0188,3,0.0333,1.1964
cell_16_09,2026-03,ndwi_mean,-0.1123,-0.1229,0.0522,3,0.0106,0.1366
cell_16_09,2026-03,viirs_avg_rad_mean,18.6454,16.819,1.6267,3,1.8264,0.7573
cell_16_09,2026-03,era5_temperature_mean,23.5051,22.2202,0.4712,3,1.2849,1.8393
cell_16_09,2026-03,era5_precipitation_total,27.401,39.4606,26.5335,3,-12.0596,-0.3066
cell_16_09,2026-03,era5_wind_speed_mean,2.4575,2.5074,0.3299,3,-0.0499,-0.102
cell_16_10,2026-03,ndvi_mean,0.6467,0.6306,0.0118,3,0.0161,0.9188
cell_16_10,2026-03,ndbi_mean,-0.261,-0.2258,0.015,3,-0.0352,-1.5814
cell_16_10,2026-03,ndwi_mean,-0.5691,-0.5815,0.0005,3,0.0124,16.7166
cell_16_10,2026-03,viirs_avg_rad_mean,22.1172,24.2518,0.9545,3,-2.1346,-1.5084
cell_16_10,2026-03,era5_temperature_mean,23.4861,22.2104,0.5112,3,1.2757,1.6833
cell_16_10,2026-03,era5_precipitation_total,25.6328,40.5181,26.2016,3,-14.8853,-0.3832
cell_16_10,2026-03,era5_wind_speed_mean,2.4442,2.5023,0.3197,3,-0.0581,-0.1225
cell_16_11,2026-03,ndvi_mean,0.5692,0.5357,0.0199,3,0.0335,1.1342
cell_16_11,2026-03,ndbi_mean,-0.1635,-0.1545,0.0293,3,-0.009,-0.2061
cell_16_11,2026-03,ndwi_mean,-0.5461,-0.5233,0.0057,3,-0.0228,-2.7035
cell_16_11,2026-03,viirs_avg_rad_mean,48.3807,42.1566,6.4291,3,6.2241,0.653
cell_16_11,2026-03,era5_temperature_mean,23.4861,22.2104,0.5112,3,1.2757,1.6833
cell_16_11,2026-03,era5_precipitation_total,25.6328,40.5181,26.2016,3,-14.8853,-0.3832
cell_16_11,2026-03,era5_wind_speed_mean,2.4442,2.5023,0.3197,3,-0.0581,-0.1225
cell_16_12,2026-03,ndvi_mean,0.3861,0.3616,0.0036,3,0.0245,4.5837
cell_16_12,2026-03,ndbi_mean,-0.0368,-0.0434,0.0087,3,0.0066,0.5078
cell_16_12,2026-03,ndwi_mean,-0.41,-0.38,0.0119,3,-0.03,-1.7005
cell_16_12,2026-03,viirs_avg_rad_mean,78.473,73.2906,13.4637,3,5.1824,0.2596
cell_16_12,2026-03,era5_temperature_mean,23.4861,22.2104,0.5112,3,1.2757,1.6833
cell_16_12,2026-03,era5_precipitation_total,25.6328,40.5181,26.2016,3,-14.8853,-0.3832
cell_16_12,2026-03,era5_wind_speed_mean,2.4442,2.5023,0.3197,3,-0.0581,-0.1225
cell_16_13,2026-03,ndvi_mean,0.2832,0.3247,0.0104,3,-0.0415,-2.6938
cell_16_13,2026-03,ndbi_mean,0.0001,-0.0372,0.0023,3,0.0373,10.9524
cell_16_13,2026-03,ndwi_mean,-0.3332,-0.3594,0.0073,3,0.0262,2.4241
cell_16_13,2026-03,viirs_avg_rad_mean,103.2224,86.2535,12.6725,3,16.9689,0.9032
cell_16_13,2026-03,era5_temperature_mean,23.4861,22.2104,0.5112,3,1.2757,1.6833
cell_16_13,2026-03,era5_precipitation_total,25.6328,40.5181,26.2016,3,-14.8853,-0.3832
cell_16_13,2026-03,era5_wind_speed_mean,2.4442,2.5023,0.3197,3,-0.0581,-0.1225
cell_16_14,2026-03,ndvi_mean,0.2623,0.2286,0.0029,3,0.0337,7.8457
cell_16_14,2026-03,ndbi_mean,0.0209,0.0092,0.008,3,0.0117,0.9892
cell_16_14,2026-03,ndwi_mean,-0.3162,-0.2699,0.0009,3,-0.0463,-34.6668
cell_16_14,2026-03,viirs_avg_rad_mean,105.0404,85.0532,4.8308,3,19.9872,2.7907
cell_16_14,2026-03,era5_temperature_mean,23.4861,22.2104,0.5112,3,1.2757,1.6833
cell_16_14,2026-03,era5_precipitation_total,25.6328,40.5181,26.2016,3,-14.8853,-0.3832
cell_16_14,2026-03,era5_wind_speed_mean,2.4442,2.5023,0.3197,3,-0.0581,-0.1225
cell_16_15,2026-03,ndvi_mean,0.1957,0.1923,0.0025,3,0.0034,0.9198
cell_16_15,2026-03,ndbi_mean,0.0156,0.006,0.0005,3,0.0096,12.9498
cell_16_15,2026-03,ndwi_mean,-0.259,-0.2408,0.0024,3,-0.0182,-5.1249
cell_16_15,2026-03,viirs_avg_rad_mean,88.4403,79.702,10.4506,3,8.7383,0.564
cell_16_15,2026-03,era5_temperature_mean,23.4861,22.2104,0.5112,3,1.2757,1.6833
cell_16_15,2026-03,era5_precipitation_total,25.6328,40.5181,26.2016,3,-14.8853,-0.3832
cell_16_15,2026-03,era5_wind_speed_mean,2.4442,2.5023,0.3197,3,-0.0581,-0.1225
cell_16_16,2026-03,ndvi_mean,0.2906,0.3094,0.0005,3,-0.0188,-25.3524
cell_16_16,2026-03,ndbi_mean,-0.0201,-0.0381,0.001,3,0.018,12.132
cell_16_16,2026-03,ndwi_mean,-0.3374,-0.3416,0.0072,3,0.0042,0.3976
cell_16_16,2026-03,viirs_avg_rad_mean,67.2969,69.2115,8.9235,3,-1.9146,-0.1447
cell_16_16,2026-03,era5_temperature_mean,23.4861,22.2104,0.5112,3,1.2757,1.6833
cell_16_16,2026-03,era5_precipitation_total,25.6328,40.5181,26.2016,3,-14.8853,-0.3832
cell_16_16,2026-03,era5_wind_speed_mean,2.4442,2.5023,0.3197,3,-0.0581,-0.1225
cell_16_17,2026-03,ndvi_mean,0.2609,0.2614,0.0017,3,-0.0005,-0.2051
cell_16_17,2026-03,ndbi_mean,-0.009,-0.0198,0.0015,3,0.0108,4.8411
cell_16_17,2026-03,ndwi_mean,-0.3117,-0.3019,0.0017,3,-0.0098,-3.9023
cell_16_17,2026-03,viirs_avg_rad_mean,56.1245,53.7424,4.0355,3,2.3821,0.3981
cell_16_17,2026-03,era5_temperature_mean,23.4861,22.2104,0.5112,3,1.2757,1.6833
cell_16_17,2026-03,era5_precipitation_total,25.6328,40.5181,26.2016,3,-14.8853,-0.3832
cell_16_17,2026-03,era5_wind_speed_mean,2.4442,2.5023,0.3197,3,-0.0581,-0.1225
cell_16_18,2026-03,ndvi_mean,0.27,0.2768,0.0035,3,-0.0068,-1.3025
cell_16_18,2026-03,ndbi_mean,-0.0108,-0.0344,0.0027,3,0.0236,5.9002
cell_16_18,2026-03,ndwi_mean,-0.3193,-0.3116,0.0021,3,-0.0077,-2.4722
cell_16_18,2026-03,viirs_avg_rad_mean,54.4818,49.26,2.7174,3,5.2218,1.2961
cell_16_18,2026-03,era5_temperature_mean,23.4861,22.2104,0.5112,3,1.2757,1.6833
cell_16_18,2026-03,era5_precipitation_total,25.6328,40.5181,26.2016,3,-14.8853,-0.3832
cell_16_18,2026-03,era5_wind_speed_mean,2.4442,2.5023,0.3197,3,-0.0581,-0.1225
cell_16_19,2026-03,ndvi_mean,0.2531,0.2627,0.0006,3,-0.0096,-10.7842
cell_16_19,2026-03,ndbi_mean,-0.0101,-0.03,0.0022,3,0.0199,6.1112
cell_16_19,2026-03,ndwi_mean,-0.3011,-0.2964,0.0003,3,-0.0047,-10.5269
cell_16_19,2026-03,viirs_avg_rad_mean,57.6726,50.1643,1.492,3,7.5083,3.3943
cell_16_19,2026-03,era5_temperature_mean,23.4861,22.2104,0.5112,3,1.2757,1.6833
cell_16_19,2026-03,era5_precipitation_total,25.6328,40.5181,26.2016,3,-14.8853,-0.3832
cell_16_19,2026-03,era5_wind_speed_mean,2.4442,2.5023,0.3197,3,-0.0581,-0.1225
cell_17_00,2026-03,ndvi_mean,0.2879,0.2925,0.0074,3,-0.0046,-0.4198
cell_17_00,2026-03,ndbi_mean,0.0074,-0.0098,0.0054,3,0.0172,2.1516
cell_17_00,2026-03,ndwi_mean,-0.3631,-0.3482,0.0196,3,-0.0149,-0.5132
cell_17_00,2026-03,viirs_avg_rad_mean,58.8424,47.6064,2.4891,3,11.236,3.0447
cell_17_00,2026-03,era5_temperature_mean,23.5051,22.2202,0.4712,3,1.2849,1.8393
cell_17_00,2026-03,era5_precipitation_total,27.401,39.4606,26.5335,3,-12.0596,-0.3066
cell_17_00,2026-03,era5_wind_speed_mean,2.4575,2.5074,0.3299,3,-0.0499,-0.102
cell_17_01,2026-03,ndvi_mean,0.2133,0.2197,0.0081,3,-0.0064,-0.536
cell_17_01,2026-03,ndbi_mean,0.0159,-0.0055,0.0092,3,0.0214,1.5708
cell_17_01,2026-03,ndwi_mean,-0.2681,-0.2608,0.011,3,-0.0073,-0.4453
cell_17_01,2026-03,viirs_avg_rad_mean,60.7218,51.5121,0.0541,3,9.2097,114.8216
cell_17_01,2026-03,era5_temperature_mean,23.5051,22.2202,0.4712,3,1.2849,1.8393
cell_17_01,2026-03,era5_precipitation_total,27.401,39.4606,26.5335,3,-12.0596,-0.3066
cell_17_01,2026-03,era5_wind_speed_mean,2.4575,2.5074,0.3299,3,-0.0499,-0.102
cell_17_02,2026-03,ndvi_mean,0.2793,0.2956,0.003,3,-0.0163,-3.658
cell_17_02,2026-03,ndbi_mean,-0.0097,-0.0331,0.007,3,0.0234,2.2559
cell_17_02,2026-03,ndwi_mean,-0.3246,-0.33,0.0012,3,0.0054,3.0526
cell_17_02,2026-03,viirs_avg_rad_mean,59.785,52.8035,1.095,3,6.9815,4.3004
cell_17_02,2026-03,era5_temperature_mean,23.5051,22.2202,0.4712,3,1.2849,1.8393
cell_17_02,2026-03,era5_precipitation_total,27.401,39.4606,26.5335,3,-12.0596,-0.3066
cell_17_02,2026-03,era5_wind_speed_mean,2.4575,2.5074,0.3299,3,-0.0499,-0.102
cell_17_03,2026-03,ndvi_mean,0.4304,0.4343,0.0089,3,-0.0039,-0.2978
cell_17_03,2026-03,ndbi_mean,-0.0737,-0.0954,0.0067,3,0.0217,2.1851
cell_17_03,2026-03,ndwi_mean,-0.4261,-0.424,0.0103,3,-0.0021,-0.1346
cell_17_03,2026-03,viirs_avg_rad_mean,47.4634,45.5541,4.6648,3,1.9093,0.2761
cell_17_03,2026-03,era5_temperature_mean,23.5051,22.2202,0.4712,3,1.2849,1.8393
cell_17_03,2026-03,era5_precipitation_total,27.401,39.4606,26.5335,3,-12.0596,-0.3066
cell_17_03,2026-03,era5_wind_speed_mean,2.4575,2.5074,0.3299,3,-0.0499,-0.102
cell_17_04,2026-03,ndvi_mean,0.4799,0.4389,0.0339,3,0.041,0.815
cell_17_04,2026-03,ndbi_mean,-0.1064,-0.1641,0.0094,3,0.0577,4.1379
cell_17_04,2026-03,ndwi_mean,-0.508,-0.4086,0.0285,3,-0.0994,-2.3516
cell_17_04,2026-03,viirs_avg_rad_mean,32.1184,31.385,2.1358,3,0.7334,0.2316
cell_17_04,2026-03,era5_temperature_mean,23.5051,22.2202,0.4712,3,1.2849,1.8393
cell_17_04,2026-03,era5_precipitation_total,27.401,39.4606,26.5335,3,-12.0596,-0.3066
cell_17_04,2026-03,era5_wind_speed_mean,2.4575,2.5074,0.3299,3,-0.0499,-0.102
cell_17_05,2026-03,ndvi_mean,0.6019,0.6604,0.0285,3,-0.0585,-1.3852
cell_17_05,2026-03,ndbi_mean,-0.1126,-0.1887,0.045,3,0.0761,1.1399
cell_17_05,2026-03,ndwi_mean,-0.6289,-0.668,0.0033,3,0.0391,8.0014
cell_17_05,2026-03,viirs_avg_rad_mean,25.375,23.8245,2.2574,3,1.5505,0.4633
cell_17_05,2026-03,era5_temperature_mean,23.5051,22.2202,0.4712,3,1.2849,1.8393
cell_17_05,2026-03,era5_precipitation_total,27.401,39.4606,26.5335,3,-12.0596,-0.3066
cell_17_05,2026-03,era5_wind_speed_mean,2.4575,2.5074,0.3299,3,-0.0499,-0.102
cell_17_06,2026-03,ndvi_mean,0.5839,0.5396,0.0011,3,0.0443,27.1937
cell_17_06,2026-03,ndbi_mean,-0.1054,-0.0686,0.002,3,-0.0368,-12.4258
cell_17_06,2026-03,ndwi_mean,-0.5985,-0.5587,0.0022,3,-0.0398,-12.1931
cell_17_06,2026-03,viirs_avg_rad_mean,24.9078,22.6067,2.9668,3,2.3011,0.5231
cell_17_06,2026-03,era5_temperature_mean,23.5051,22.2202,0.4712,3,1.2849,1.8393
cell_17_06,2026-03,era5_precipitation_total,27.401,39.4606,26.5335,3,-12.0596,-0.3066
cell_17_06,2026-03,era5_wind_speed_mean,2.4575,2.5074,0.3299,3,-0.0499,-0.102
cell_17_07,2026-03,ndvi_mean,0.56,0.5108,0.0207,3,0.0492,1.6041
cell_17_07,2026-03,ndbi_mean,-0.1484,-0.1289,0.0264,3,-0.0195,-0.4986
cell_17_07,2026-03,ndwi_mean,-0.559,-0.5289,0.0023,3,-0.0301,-8.8331
cell_17_07,2026-03,viirs_avg_rad_mean,25.0501,20.0503,0.3735,3,4.9998,9.0289
cell_17_07,2026-03,era5_temperature_mean,23.5051,22.2202,0.4712,3,1.2849,1.8393
cell_17_07,2026-03,era5_precipitation_total,27.401,39.4606,26.5335,3,-12.0596,-0.3066
cell_17_07,2026-03,era5_wind_speed_mean,2.4575,2.5074,0.3299,3,-0.0499,-0.102
cell_17_08,2026-03,ndvi_mean,0.1147,0.1589,0.039,3,-0.0442,-0.764
cell_17_08,2026-03,ndbi_mean,0.0762,-0.0092,0.0674,3,0.0854,0.8549
cell_17_08,2026-03,ndwi_mean,-0.1261,-0.1837,0.0231,3,0.0576,1.6826
cell_17_08,2026-03,viirs_avg_rad_mean,20.1323,19.4547,0.6434,3,0.6776,0.7104
cell_17_08,2026-03,era5_temperature_mean,23.5051,22.2202,0.4712,3,1.2849,1.8393
cell_17_08,2026-03,era5_precipitation_total,27.401,39.4606,26.5335,3,-12.0596,-0.3066
cell_17_08,2026-03,era5_wind_speed_mean,2.4575,2.5074,0.3299,3,-0.0499,-0.102
cell_17_09,2026-03,ndvi_mean,0.455,0.4649,0.0013,3,-0.0099,-5.1325
cell_17_09,2026-03,ndbi_mean,-0.0744,-0.0827,0.0005,3,0.0083,11.2275
cell_17_09,2026-03,ndwi_mean,-0.4431,-0.4505,0.0095,3,0.0074,0.5276
cell_17_09,2026-03,viirs_avg_rad_mean,19.3528,20.5966,1.8973,3,-1.2438,-0.4422
cell_17_09,2026-03,era5_temperature_mean,23.5051,22.2202,0.4712,3,1.2849,1.8393
cell_17_09,2026-03,era5_precipitation_total,27.401,39.4606,26.5335,3,-12.0596,-0.3066
cell_17_09,2026-03,era5_wind_speed_mean,2.4575,2.5074,0.3299,3,-0.0499,-0.102
cell_17_10,2026-03,ndvi_mean,0.5513,0.5206,0.0014,3,0.0307,14.7881
cell_17_10,2026-03,ndbi_mean,-0.1833,-0.1776,0.0108,3,-0.0057,-0.3584
cell_17_10,2026-03,ndwi_mean,-0.5212,-0.5021,0.0022,3,-0.0191,-5.8479
cell_17_10,2026-03,viirs_avg_rad_mean,46.8824,40.1783,2.0295,3,6.7041,2.2281
cell_17_10,2026-03,era5_temperature_mean,23.4861,22.2104,0.5112,3,1.2757,1.6833
cell_17_10,2026-03,era5_precipitation_total,25.6328,40.5181,26.2016,3,-14.8853,-0.3832
cell_17_10,2026-03,era5_wind_speed_mean,2.4442,2.5023,0.3197,3,-0.0581,-0.1225
cell_17_11,2026-03,ndvi_mean,0.4155,0.4295,0.0013,3,-0.014,-7.2544
cell_17_11,2026-03,ndbi_mean,-0.0532,-0.0815,0.0014,3,0.0283,13.6404
cell_17_11,2026-03,ndwi_mean,-0.4446,-0.4342,0.0074,3,-0.0104,-0.9456
cell_17_11,2026-03,viirs_avg_rad_mean,66.6891,60.8744,7.5345,3,5.8147,0.5205
cell_17_11,2026-03,era5_temperature_mean,23.4861,22.2104,0.5112,3,1.2757,1.6833
cell_17_11,2026-03,era5_precipitation_total,25.6328,40.5181,26.2016,3,-14.8853,-0.3832
cell_17_11,2026-03,era5_wind_speed_mean,2.4442,2.5023,0.3197,3,-0.0581,-0.1225
cell_17_12,2026-03,ndvi_mean,0.1997,0.2674,0.0065,3,-0.0677,-7.0246
cell_17_12,2026-03,ndbi_mean,0.0391,0.002,0.0219,3,0.0371,1.1442
cell_17_12,2026-03,ndwi_mean,-0.2624,-0.2943,0.0149,3,0.0319,1.4434
cell_17_12,2026-03,viirs_avg_rad_mean,79.0523,71.0331,0.6833,3,8.0192,7.9158
cell_17_12,2026-03,era5_temperature_mean,23.4861,22.2104,0.5112,3,1.2757,1.6833
cell_17_12,2026-03,era5_precipitation_total,25.6328,40.5181,26.2016,3,-14.8853,-0.3832
cell_17_12,2026-03,era5_wind_speed_mean,2.4442,2.5023,0.3197,3,-0.0581,-0.1225
cell_17_13,2026-03,ndvi_mean,0.2908,0.3058,0.0073,3,-0.015,-1.3862
cell_17_13,2026-03,ndbi_mean,0.0109,-0.0104,0.0065,3,0.0213,2.2124
cell_17_13,2026-03,ndwi_mean,-0.3434,-0.34,0.008,3,-0.0034,-0.2826
cell_17_13,2026-03,viirs_avg_rad_mean,94.4987,79.3765,9.6996,3,15.1222,1.0516
cell_17_13,2026-03,era5_temperature_mean,23.4861,22.2104,0.5112,3,1.2757,1.6833
cell_17_13,2026-03,era5_precipitation_total,25.6328,40.5181,26.2016,3,-14.8853,-0.3832
cell_17_13,2026-03,era5_wind_speed_mean,2.4442,2.5023,0.3197,3,-0.0581,-0.1225
cell_17_14,2026-03,ndvi_mean,0.1958,0.2014,0.0033,3,-0.0056,-1.1448
cell_17_14,2026-03,ndbi_mean,0.0212,0.0088,0.0016,3,0.0124,5.2089
cell_17_14,2026-03,ndwi_mean,-0.2591,-0.2547,0.0012,3,-0.0044,-2.4827
cell_17_14,2026-03,viirs_avg_rad_mean,86.3561,73.7139,9.2119,3,12.6422,0.9257
cell_17_14,2026-03,era5_temperature_mean,23.4861,22.2104,0.5112,3,1.2757,1.6833
cell_17_14,2026-03,era5_precipitation_total,25.6328,40.5181,26.2016,3,-14.8853,-0.3832
cell_17_14,2026-03,era5_wind_speed_mean,2.4442,2.5023,0.3197,3,-0.0581,-0.1225
cell_17_15,2026-03,ndvi_mean,0.2097,0.2033,0.0065,3,0.0064,0.6667
cell_17_15,2026-03,ndbi_mean,0.0154,-0.0018,0.0044,3,0.0172,2.6406
cell_17_15,2026-03,ndwi_mean,-0.2689,-0.2482,0.0061,3,-0.0207,-2.2862
cell_17_15,2026-03,viirs_avg_rad_mean,74.2396,70.8171,8.5955,3,3.4225,0.2686
cell_17_15,2026-03,era5_temperature_mean,23.4861,22.2104,0.5112,3,1.2757,1.6833
cell_17_15,2026-03,era5_precipitation_total,25.6328,40.5181,26.2016,3,-14.8853,-0.3832
cell_17_15,2026-03,era5_wind_speed_mean,2.4442,2.5023,0.3197,3,-0.0581,-0.1225
cell_17_16,2026-03,ndvi_mean,0.2374,0.2415,0.0062,3,-0.0041,-0.4455
cell_17_16,2026-03,ndbi_mean,-0.0028,-0.0197,0.0013,3,0.0169,8.7863
cell_17_16,2026-03,ndwi_mean,-0.2899,-0.2782,0.0056,3,-0.0117,-1.4151
cell_17_16,2026-03,viirs_avg_rad_mean,65.3395,64.5861,8.6401,3,0.7534,0.0588
cell_17_16,2026-03,era5_temperature_mean,23.4861,22.2104,0.5112,3,1.2757,1.6833
cell_17_16,2026-03,era5_precipitation_total,25.6328,40.5181,26.2016,3,-14.8853,-0.3832
cell_17_16,2026-03,era5_wind_speed_mean,2.4442,2.5023,0.3197,3,-0.0581,-0.1225
cell_17_17,2026-03,ndvi_mean,0.2528,0.2572,0.0058,3,-0.0044,-0.5138
cell_17_17,2026-03,ndbi_mean,0.0215,-0.0198,0.001,3,0.0413,27.8244
cell_17_17,2026-03,ndwi_mean,-0.3081,-0.3015,0.0017,3,-0.0066,-2.6123
cell_17_17,2026-03,viirs_avg_rad_mean,56.793,55.7808,5.4894,3,1.0122,0.1244
cell_17_17,2026-03,era5_temperature_mean,23.4861,22.2104,0.5112,3,1.2757,1.6833
cell_17_17,2026-03,era5_precipitation_total,25.6328,40.5181,26.2016,3,-14.8853,-0.3832
cell_17_17,2026-03,era5_wind_speed_mean,2.4442,2.5023,0.3197,3,-0.0581,-0.1225
cell_17_18,2026-03,ndvi_mean,0.1573,0.1649,0.0031,3,-0.0076,-1.6629
cell_17_18,2026-03,ndbi_mean,0.0404,0.0271,0.0006,3,0.0133,15.0072
cell_17_18,2026-03,ndwi_mean,-0.2282,-0.2188,0.0007,3,-0.0094,-9.0206
cell_17_18,2026-03,viirs_avg_rad_mean,55.0598,51.388,2.7941,3,3.6718,0.8864
cell_17_18,2026-03,era5_temperature_mean,23.4861,22.2104,0.5112,3,1.2757,1.6833
cell_17_18,2026-03,era5_precipitation_total,25.6328,40.5181,26.2016,3,-14.8853,-0.3832
cell_17_18,2026-03,era5_wind_speed_mean,2.4442,2.5023,0.3197,3,-0.0581,-0.1225
cell_17_19,2026-03,ndvi_mean,0.2351,0.2436,0.0024,3,-0.0085,-2.4008
cell_17_19,2026-03,ndbi_mean,0.0047,-0.01,0.0044,3,0.0147,2.2569
cell_17_19,2026-03,ndwi_mean,-0.2905,-0.2891,0.0033,3,-0.0014,-0.2886
cell_17_19,2026-03,viirs_avg_rad_mean,63.1987,51.1633,1.6401,3,12.0354,4.9495
cell_17_19,2026-03,era5_temperature_mean,23.4861,22.2104,0.5112,3,1.2757,1.6833
cell_17_19,2026-03,era5_precipitation_total,25.6328,40.5181,26.2016,3,-14.8853,-0.3832
cell_17_19,2026-03,era5_wind_speed_mean,2.4442,2.5023,0.3197,3,-0.0581,-0.1225
cell_18_00,2026-03,ndvi_mean,0.2658,0.2912,0.0001,3,-0.0254,-171.0508
cell_18_00,2026-03,ndbi_mean,0.0135,-0.0211,0.0024,3,0.0346,9.7135
cell_18_00,2026-03,ndwi_mean,-0.3322,-0.3401,0.0072,3,0.0079,0.741
cell_18_00,2026-03,viirs_avg_rad_mean,59.9239,48.2333,0.2722,3,11.6906,28.9684
cell_18_00,2026-03,era5_temperature_mean,23.5051,22.2202,0.4712,3,1.2849,1.8393
cell_18_00,2026-03,era5_precipitation_total,27.401,39.4606,26.5335,3,-12.0596,-0.3066
cell_18_00,2026-03,era5_wind_speed_mean,2.4575,2.5074,0.3299,3,-0.0499,-0.102
cell_18_01,2026-03,ndvi_mean,0.2638,0.2836,0.0005,3,-0.0198,-26.7496
cell_18_01,2026-03,ndbi_mean,0.0066,-0.0164,0.0033,3,0.023,4.696
cell_18_01,2026-03,ndwi_mean,-0.3136,-0.3182,0.0041,3,0.0046,0.763
cell_18_01,2026-03,viirs_avg_rad_mean,67.547,54.8585,0.3219,3,12.6885,26.5869
cell_18_01,2026-03,era5_temperature_mean,23.5051,22.2202,0.4712,3,1.2849,1.8393
cell_18_01,2026-03,era5_precipitation_total,27.401,39.4606,26.5335,3,-12.0596,-0.3066
cell_18_01,2026-03,era5_wind_speed_mean,2.4575,2.5074,0.3299,3,-0.0499,-0.102
cell_18_02,2026-03,ndvi_mean,0.2089,0.2193,0.0031,3,-0.0104,-2.2736
cell_18_02,2026-03,ndbi_mean,0.027,0.0075,0.0017,3,0.0195,7.7218
cell_18_02,2026-03,ndwi_mean,-0.2657,-0.2674,0.0085,3,0.0017,0.1388
cell_18_02,2026-03,viirs_avg_rad_mean,63.3273,57.9031,9.2564,3,5.4242,0.3952
cell_18_02,2026-03,era5_temperature_mean,23.5051,22.2202,0.4712,3,1.2849,1.8393
cell_18_02,2026-03,era5_precipitation_total,27.401,39.4606,26.5335,3,-12.0596,-0.3066
cell_18_02,2026-03,era5_wind_speed_mean,2.4575,2.5074,0.3299,3,-0.0499,-0.102
cell_18_03,2026-03,ndvi_mean,0.3849,0.334,0.0078,3,0.0509,4.4
cell_18_03,2026-03,ndbi_mean,-0.0344,-0.0498,0.0022,3,0.0154,4.7347
cell_18_03,2026-03,ndwi_mean,-0.4105,-0.3588,0.0088,3,-0.0517,-3.9589
cell_18_03,2026-03,viirs_avg_rad_mean,48.7494,47.4144,11.6273,3,1.335,0.0774
cell_18_03,2026-03,era5_temperature_mean,23.5051,22.2202,0.4712,3,1.2849,1.8393
cell_18_03,2026-03,era5_precipitation_total,27.401,39.4606,26.5335,3,-12.0596,-0.3066
cell_18_03,2026-03,era5_wind_speed_mean,2.4575,2.5074,0.3299,3,-0.0499,-0.102
cell_18_04,2026-03,ndvi_mean,0.531,0.4289,0.0429,3,0.1021,1.6057
cell_18_04,2026-03,ndbi_mean,-0.1026,-0.0927,0.0077,3,-0.0099,-0.8675
cell_18_04,2026-03,ndwi_mean,-0.5267,-0.4279,0.0279,3,-0.0988,-2.3893
cell_18_04,2026-03,viirs_avg_rad_mean,36.1432,31.3534,7.424,3,4.7898,0.4352
cell_18_04,2026-03,era5_temperature_mean,23.5051,22.2202,0.4712,3,1.2849,1.8393
cell_18_04,2026-03,era5_precipitation_total,27.401,39.4606,26.5335,3,-12.0596,-0.3066
cell_18_04,2026-03,era5_wind_speed_mean,2.4575,2.5074,0.3299,3,-0.0499,-0.102
cell_18_05,2026-03,ndvi_mean,0.4674,0.3994,0.0313,3,0.068,1.4661
cell_18_05,2026-03,ndbi_mean,-0.0328,-0.0424,0.001,3,0.0096,6.4931
cell_18_05,2026-03,ndwi_mean,-0.4977,-0.4175,0.0268,3,-0.0802,-2.0195
cell_18_05,2026-03,viirs_avg_rad_mean,25.1844,21.8491,5.7968,3,3.3353,0.3881
cell_18_05,2026-03,era5_temperature_mean,23.5051,22.2202,0.4712,3,1.2849,1.8393
cell_18_05,2026-03,era5_precipitation_total,27.401,39.4606,26.5335,3,-12.0596,-0.3066
cell_18_05,2026-03,era5_wind_speed_mean,2.4575,2.5074,0.3299,3,-0.0499,-0.102
cell_18_06,2026-03,ndvi_mean,0.5269,0.436,0.0255,3,0.0909,2.4051
cell_18_06,2026-03,ndbi_mean,-0.0612,-0.0482,0.0121,3,-0.013,-0.725
cell_18_06,2026-03,ndwi_mean,-0.5443,-0.4732,0.0321,3,-0.0711,-1.4946
cell_18_06,2026-03,viirs_avg_rad_mean,19.7501,16.0861,1.0309,3,3.664,2.3973
cell_18_06,2026-03,era5_temperature_mean,23.5051,22.2202,0.4712,3,1.2849,1.8393
cell_18_06,2026-03,era5_precipitation_total,27.401,39.4606,26.5335,3,-12.0596,-0.3066
cell_18_06,2026-03,era5_wind_speed_mean,2.4575,2.5074,0.3299,3,-0.0499,-0.102
cell_18_07,2026-03,ndvi_mean,0.1269,0.1838,0.0071,3,-0.0569,-5.4053
cell_18_07,2026-03,ndbi_mean,0.1357,0.0385,0.0433,3,0.0972,1.514
cell_18_07,2026-03,ndwi_mean,-0.1423,-0.1956,0.0019,3,0.0533,18.9272
cell_18_07,2026-03,viirs_avg_rad_mean,20.1456,15.9406,1.7551,3,4.205,1.616
cell_18_07,2026-03,era5_temperature_mean,23.5051,22.2202,0.4712,3,1.2849,1.8393
cell_18_07,2026-03,era5_precipitation_total,27.401,39.4606,26.5335,3,-12.0596,-0.3066
cell_18_07,2026-03,era5_wind_speed_mean,2.4575,2.5074,0.3299,3,-0.0499,-0.102
cell_18_08,2026-03,ndvi_mean,0.2919,0.286,0.0301,3,0.0059,0.1322
cell_18_08,2026-03,ndbi_mean,0.0198,-0.009,0.0246,3,0.0288,0.7888
cell_18_08,2026-03,ndwi_mean,-0.3054,-0.2947,0.0115,3,-0.0107,-0.6265
cell_18_08,2026-03,viirs_avg_rad_mean,23.2456,22.8497,3.6877,3,0.3959,0.0724
cell_18_08,2026-03,era5_temperature_mean,23.5051,22.2202,0.4712,3,1.2849,1.8393
cell_18_08,2026-03,era5_precipitation_total,27.401,39.4606,26.5335,3,-12.0596,-0.3066
cell_18_08,2026-03,era5_wind_speed_mean,2.4575,2.5074,0.3299,3,-0.0499,-0.102
cell_18_09,2026-03,ndvi_mean,0.4844,0.4959,0.0099,3,-0.0115,-0.7828
cell_18_09,2026-03,ndbi_mean,-0.1124,-0.131,0.0229,3,0.0186,0.5472
cell_18_09,2026-03,ndwi_mean,-0.4852,-0.4848,0.0143,3,-0.0004,-0.0176
cell_18_09,2026-03,viirs_avg_rad_mean,27.3729,24.1267,0.9262,3,3.2462,2.364
cell_18_09,2026-03,era5_temperature_mean,23.5051,22.2202,0.4712,3,1.2849,1.8393
cell_18_09,2026-03,era5_precipitation_total,27.401,39.4606,26.5335,3,-12.0596,-0.3066
cell_18_09,2026-03,era5_wind_speed_mean,2.4575,2.5074,0.3299,3,-0.0499,-0.102
cell_18_10,2026-03,ndvi_mean,0.447,0.43,0.0081,3,0.017,1.4139
cell_18_10,2026-03,ndbi_mean,-0.0704,-0.0933,0.0132,3,0.0229,1.1712
cell_18_10,2026-03,ndwi_mean,-0.4626,-0.4294,0.0017,3,-0.0332,-13.1873
cell_18_10,2026-03,viirs_avg_rad_mean,63.8085,49.1607,2.3431,3,14.6478,4.2166
cell_18_10,2026-03,era5_temperature_mean,23.4861,22.2104,0.5112,3,1.2757,1.6833
cell_18_10,2026-03,era5_precipitation_total,25.6328,40.5181,26.2016,3,-14.8853,-0.3832
cell_18_10,2026-03,era5_wind_speed_mean,2.4442,2.5023,0.3197,3,-0.0581,-0.1225
cell_18_11,2026-03,ndvi_mean,0.2903,0.3268,0.0156,3,-0.0365,-1.5793
cell_18_11,2026-03,ndbi_mean,-0.0124,-0.0387,0.0109,3,0.0263,1.6245
cell_18_11,2026-03,ndwi_mean,-0.3363,-0.3548,0.0059,3,0.0185,2.1195
cell_18_11,2026-03,viirs_avg_rad_mean,64.4987,61.0973,2.354,3,3.4014,0.9746
cell_18_11,2026-03,era5_temperature_mean,23.4861,22.2104,0.5112,3,1.2757,1.6833
cell_18_11,2026-03,era5_precipitation_total,25.6328,40.5181,26.2016,3,-14.8853,-0.3832
cell_18_11,2026-03,era5_wind_speed_mean,2.4442,2.5023,0.3197,3,-0.0581,-0.1225
cell_18_12,2026-03,ndvi_mean,0.1729,0.2074,0.0005,3,-0.0345,-46.5632
cell_18_12,2026-03,ndbi_mean,0.0477,0.0158,0.0154,3,0.0319,1.3967
cell_18_12,2026-03,ndwi_mean,-0.2452,-0.2508,0.0062,3,0.0056,0.6145
cell_18_12,2026-03,viirs_avg_rad_mean,72.8345,63.6745,0.1309,3,9.16,47.1987
cell_18_12,2026-03,era5_temperature_mean,23.4861,22.2104,0.5112,3,1.2757,1.6833
cell_18_12,2026-03,era5_precipitation_total,25.6328,40.5181,26.2016,3,-14.8853,-0.3832
cell_18_12,2026-03,era5_wind_speed_mean,2.4442,2.5023,0.3197,3,-0.0581,-0.1225
cell_18_13,2026-03,ndvi_mean,0.162,0.1754,0.0003,3,-0.0134,-30.0565
cell_18_13,2026-03,ndbi_mean,0.0564,0.0398,0.0003,3,0.0166,37.3206
cell_18_13,2026-03,ndwi_mean,-0.2263,-0.226,0.0005,3,-0.0003,-0.467
cell_18_13,2026-03,viirs_avg_rad_mean,81.5746,72.6191,2.2345,3,8.9555,2.7032
cell_18_13,2026-03,era5_temperature_mean,23.4861,22.2104,0.5112,3,1.2757,1.6833
cell_18_13,2026-03,era5_precipitation_total,25.6328,40.5181,26.2016,3,-14.8853,-0.3832
cell_18_13,2026-03,era5_wind_speed_mean,2.4442,2.5023,0.3197,3,-0.0581,-0.1225
cell_18_14,2026-03,ndvi_mean,0.177,0.1878,0.0006,3,-0.0108,-12.1444
cell_18_14,2026-03,ndbi_mean,0.0468,0.0344,0.0044,3,0.0124,1.9008
cell_18_14,2026-03,ndwi_mean,-0.2382,-0.2367,0.0021,3,-0.0015,-0.4821
cell_18_14,2026-03,viirs_avg_rad_mean,78.8412,69.7851,3.3088,3,9.0561,1.8461
cell_18_14,2026-03,era5_temperature_mean,23.4861,22.2104,0.5112,3,1.2757,1.6833
cell_18_14,2026-03,era5_precipitation_total,25.6328,40.5181,26.2016,3,-14.8853,-0.3832
cell_18_14,2026-03,era5_wind_speed_mean,2.4442,2.5023,0.3197,3,-0.0581,-0.1225
cell_18_15,2026-03,ndvi_mean,0.2131,0.215,0.0024,3,-0.0019,-0.542
cell_18_15,2026-03,ndbi_mean,0.0184,0.0029,0.0015,3,0.0155,6.9834
cell_18_15,2026-03,ndwi_mean,-0.2728,-0.2584,0.0094,3,-0.0144,-1.0357
cell_18_15,2026-03,viirs_avg_rad_mean,68.3537,67.5508,7.7268,3,0.8029,0.0701
cell_18_15,2026-03,era5_temperature_mean,23.4861,22.2104,0.5112,3,1.2757,1.6833
cell_18_15,2026-03,era5_precipitation_total,25.6328,40.5181,26.2016,3,-14.8853,-0.3832
cell_18_15,2026-03,era5_wind_speed_mean,2.4442,2.5023,0.3197,3,-0.0581,-0.1225
cell_18_16,2026-03,ndvi_mean,0.2257,0.2206,0.0017,3,0.0051,2.0254
cell_18_16,2026-03,ndbi_mean,0.0052,-0.0058,0.0006,3,0.011,12.3242
cell_18_16,2026-03,ndwi_mean,-0.2838,-0.2649,0.008,3,-0.0189,-1.595
cell_18_16,2026-03,viirs_avg_rad_mean,60.429,61.8803,8.347,3,-1.4513,-0.1173
cell_18_16,2026-03,era5_temperature_mean,23.4861,22.2104,0.5112,3,1.2757,1.6833
cell_18_16,2026-03,era5_precipitation_total,25.6328,40.5181,26.2016,3,-14.8853,-0.3832
cell_18_16,2026-03,era5_wind_speed_mean,2.4442,2.5023,0.3197,3,-0.0581,-0.1225
cell_18_17,2026-03,ndvi_mean,0.2291,0.23,0.005,3,-0.0009,-0.1167
cell_18_17,2026-03,ndbi_mean,0.0025,-0.0121,0.0038,3,0.0146,2.5988
cell_18_17,2026-03,ndwi_mean,-0.2814,-0.2702,0.0048,3,-0.0112,-1.5762
cell_18_17,2026-03,viirs_avg_rad_mean,55.0213,53.6896,2.2083,3,1.3317,0.4067
cell_18_17,2026-03,era5_temperature_mean,23.4861,22.2104,0.5112,3,1.2757,1.6833
cell_18_17,2026-03,era5_precipitation_total,25.6328,40.5181,26.2016,3,-14.8853,-0.3832
cell_18_17,2026-03,era5_wind_speed_mean,2.4442,2.5023,0.3197,3,-0.0581,-0.1225
cell_18_18,2026-03,ndvi_mean,0.1896,0.1965,0.0005,3,-0.0069,-9.2649
cell_18_18,2026-03,ndbi_mean,0.0315,0.0129,0.0103,3,0.0186,1.2185
cell_18_18,2026-03,ndwi_mean,-0.2551,-0.2454,0.0026,3,-0.0097,-2.5144
cell_18_18,2026-03,viirs_avg_rad_mean,57.4219,53.3778,4.3455,3,4.0441,0.6277
cell_18_18,2026-03,era5_temperature_mean,23.4861,22.2104,0.5112,3,1.2757,1.6833
cell_18_18,2026-03,era5_precipitation_total,25.6328,40.5181,26.2016,3,-14.8853,-0.3832
cell_18_18,2026-03,era5_wind_speed_mean,2.4442,2.5023,0.3197,3,-0.0581,-0.1225
cell_18_19,2026-03,ndvi_mean,0.2842,0.2534,0.0003,3,0.0308,69.2344
cell_18_19,2026-03,ndbi_mean,0.0266,0.0401,0.0065,3,-0.0135,-1.3985
cell_18_19,2026-03,ndwi_mean,-0.3347,-0.3211,0.0053,3,-0.0136,-1.7365
cell_18_19,2026-03,viirs_avg_rad_mean,70.1738,58.0296,0.8328,3,12.1442,9.8357
cell_18_19,2026-03,era5_temperature_mean,23.4861,22.2104,0.5112,3,1.2757,1.6833
cell_18_19,2026-03,era5_precipitation_total,25.6328,40.5181,26.2016,3,-14.8853,-0.3832
cell_18_19,2026-03,era5_wind_speed_mean,2.4442,2.5023,0.3197,3,-0.0581,-0.1225
cell_19_00,2026-03,ndvi_mean,0.2553,0.2773,0.0023,3,-0.022,-6.4483
cell_19_00,2026-03,ndbi_mean,0.0083,-0.0216,0.005,3,0.0299,4.0383
cell_19_00,2026-03,ndwi_mean,-0.3125,-0.3198,0.0003,3,0.0073,16.4777
cell_19_00,2026-03,viirs_avg_rad_mean,63.5396,63.5571,3.0677,3,-0.0175,-0.0038
cell_19_00,2026-03,era5_temperature_mean,23.5051,22.2202,0.4712,3,1.2849,1.8393
cell_19_00,2026-03,era5_precipitation_total,27.401,39.4606,26.5335,3,-12.0596,-0.3066
cell_19_00,2026-03,era5_wind_speed_mean,2.4575,2.5074,0.3299,3,-0.0499,-0.102
cell_19_01,2026-03,ndvi_mean,0.1524,0.1636,0.0068,3,-0.0112,-1.108
cell_19_01,2026-03,ndbi_mean,0.0516,0.0425,0.0004,3,0.0091,15.3916
cell_19_01,2026-03,ndwi_mean,-0.2238,-0.2304,0.0053,3,0.0066,0.8367
cell_19_01,2026-03,viirs_avg_rad_mean,72.1012,73.2585,3.5824,3,-1.1573,-0.2179
cell_19_01,2026-03,era5_temperature_mean,23.5051,22.2202,0.4712,3,1.2849,1.8393
cell_19_01,2026-03,era5_precipitation_total,27.401,39.4606,26.5335,3,-12.0596,-0.3066
cell_19_01,2026-03,era5_wind_speed_mean,2.4575,2.5074,0.3299,3,-0.0499,-0.102
cell_19_02,2026-03,ndvi_mean,0.4314,0.4148,0.0171,3,0.0166,0.6548
cell_19_02,2026-03,ndbi_mean,-0.0507,-0.057,0.008,3,0.0063,0.5318
cell_19_02,2026-03,ndwi_mean,-0.4522,-0.4362,0.015,3,-0.016,-0.7201
cell_19_02,2026-03,viirs_avg_rad_mean,65.3346,59.5077,1.6621,3,5.8269,2.3646
cell_19_02,2026-03,era5_temperature_mean,23.5051,22.2202,0.4712,3,1.2849,1.8393
cell_19_02,2026-03,era5_precipitation_total,27.401,39.4606,26.5335,3,-12.0596,-0.3066
cell_19_02,2026-03,era5_wind_speed_mean,2.4575,2.5074,0.3299,3,-0.0499,-0.102
cell_19_03,2026-03,ndvi_mean,0.3998,0.3644,0.0129,3,0.0354,1.8505
cell_19_03,2026-03,ndbi_mean,-0.0363,-0.0481,0.0031,3,0.0118,2.5617
cell_19_03,2026-03,ndwi_mean,-0.4307,-0.3925,0.013,3,-0.0382,-1.9826
cell_19_03,2026-03,viirs_avg_rad_mean,42.9372,36.4608,2.3763,3,6.4764,1.8383
cell_19_03,2026-03,era5_temperature_mean,23.5051,22.2202,0.4712,3,1.2849,1.8393
cell_19_03,2026-03,era5_precipitation_total,27.401,39.4606,26.5335,3,-12.0596,-0.3066
cell_19_03,2026-03,era5_wind_speed_mean,2.4575,2.5074,0.3299,3,-0.0499,-0.102
cell_19_04,2026-03,ndvi_mean,0.6125,0.5266,0.0209,3,0.0859,2.7723
cell_19_04,2026-03,ndbi_mean,-0.1622,-0.1451,0.0007,3,-0.0171,-16.4799
cell_19_04,2026-03,ndwi_mean,-0.5849,-0.5025,0.0139,3,-0.0824,-3.9974
cell_19_04,2026-03,viirs_avg_rad_mean,27.3666,21.1673,1.366,3,6.1993,3.0611
cell_19_04,2026-03,era5_temperature_mean,23.5051,22.2202,0.4712,3,1.2849,1.8393
cell_19_04,2026-03,era5_precipitation_total,27.401,39.4606,26.5335,3,-12.0596,-0.3066
cell_19_04,2026-03,era5_wind_speed_mean,2.4575,2.5074,0.3299,3,-0.0499,-0.102
cell_19_05,2026-03,ndvi_mean,0.4724,0.4681,0.0236,3,0.0043,0.1221
cell_19_05,2026-03,ndbi_mean,-0.0642,-0.0947,0.0158,3,0.0305,1.302
cell_19_05,2026-03,ndwi_mean,-0.459,-0.4325,0.0018,3,-0.0265,-9.9224
cell_19_05,2026-03,viirs_avg_rad_mean,18.3057,14.8507,1.7275,3,3.455,1.349
cell_19_05,2026-03,era5_temperature_mean,23.5051,22.2202,0.4712,3,1.2849,1.8393
cell_19_05,2026-03,era5_precipitation_total,27.401,39.4606,26.5335,3,-12.0596,-0.3066
cell_19_05,2026-03,era5_wind_speed_mean,2.4575,2.5074,0.3299,3,-0.0499,-0.102
cell_19_06,2026-03,ndvi_mean,-0.3985,0.001,0.0669,3,-0.3995,-4.0278
cell_19_06,2026-03,ndbi_mean,0.4831,0.0588,0.0068,3,0.4243,42.087
cell_19_06,2026-03,ndwi_mean,0.3976,0.0193,0.0959,3,0.3783,2.6607
cell_19_06,2026-03,viirs_avg_rad_mean,15.1558,13.0356,2.948,3,2.1202,0.4851
cell_19_06,2026-03,era5_temperature_mean,23.5051,22.2202,0.4712,3,1.2849,1.8393
cell_19_06,2026-03,era5_precipitation_total,27.401,39.4606,26.5335,3,-12.0596,-0.3066
cell_19_06,2026-03,era5_wind_speed_mean,2.4575,2.5074,0.3299,3,-0.0499,-0.102
cell_19_07,2026-03,ndvi_mean,-0.2364,0.1751,0.0258,3,-0.4115,-10.7585
cell_19_07,2026-03,ndbi_mean,0.3439,0.0051,0.0828,3,0.3388,2.7601
cell_19_07,2026-03,ndwi_mean,0.2425,-0.1906,0.0122,3,0.4331,23.9468
cell_19_07,2026-03,viirs_avg_rad_mean,16.6473,12.2725,2.5916,3,4.3748,1.1386
cell_19_07,2026-03,era5_temperature_mean,23.5051,22.2202,0.4712,3,1.2849,1.8393
cell_19_07,2026-03,era5_precipitation_total,27.401,39.4606,26.5335,3,-12.0596,-0.3066
cell_19_07,2026-03,era5_wind_speed_mean,2.4575,2.5074,0.3299,3,-0.0499,-0.102
cell_19_08,2026-03,ndvi_mean,0.4176,0.3531,0.0028,3,0.0645,15.5255
cell_19_08,2026-03,ndbi_mean,-0.085,-0.0338,0.0279,3,-0.0512,-1.2375
cell_19_08,2026-03,ndwi_mean,-0.409,-0.3964,0.0039,3,-0.0126,-2.1798
cell_19_08,2026-03,viirs_avg_rad_mean,18.1854,19.0222,4.9216,3,-0.8368,-0.1147
cell_19_08,2026-03,era5_temperature_mean,23.5051,22.2202,0.4712,3,1.2849,1.8393
cell_19_08,2026-03,era5_precipitation_total,27.401,39.4606,26.5335,3,-12.0596,-0.3066
cell_19_08,2026-03,era5_wind_speed_mean,2.4575,2.5074,0.3299,3,-0.0499,-0.102
cell_19_09,2026-03,ndvi_mean,0.5882,0.5261,0.0061,3,0.0621,6.8638
cell_19_09,2026-03,ndbi_mean,-0.2343,-0.2008,0.0306,3,-0.0335,-0.7379
cell_19_09,2026-03,ndwi_mean,-0.5423,-0.4954,0.0157,3,-0.0469,-2.0141
cell_19_09,2026-03,viirs_avg_rad_mean,38.2014,34.1353,5.2972,3,4.0661,0.5177
cell_19_09,2026-03,era5_temperature_mean,23.5051,22.2202,0.4712,3,1.2849,1.8393
cell_19_09,2026-03,era5_precipitation_total,27.401,39.4606,26.5335,3,-12.0596,-0.3066
cell_19_09,2026-03,era5_wind_speed_mean,2.4575,2.5074,0.3299,3,-0.0499,-0.102
cell_19_10,2026-03,ndvi_mean,0.3707,0.3712,0.0058,3,-0.0005,-0.054
cell_19_10,2026-03,ndbi_mean,-0.0195,-0.0423,0.005,3,0.0228,3.0792
cell_19_10,2026-03,ndwi_mean,-0.4127,-0.402,0.0074,3,-0.0107,-0.9716
cell_19_10,2026-03,viirs_avg_rad_mean,71.6756,67.7987,6.052,3,3.8769,0.4321
cell_19_10,2026-03,era5_temperature_mean,23.4861,22.2104,0.5112,3,1.2757,1.6833
cell_19_10,2026-03,era5_precipitation_total,25.6328,40.5181,26.2016,3,-14.8853,-0.3832
cell_19_10,2026-03,era5_wind_speed_mean,2.4442,2.5023,0.3197,3,-0.0581,-0.1225
cell_19_11,2026-03,ndvi_mean,0.2424,0.2551,0.0053,3,-0.0127,-1.6104
cell_19_11,2026-03,ndbi_mean,-0.0008,-0.0233,0.0029,3,0.0225,5.2334
cell_19_11,2026-03,ndwi_mean,-0.2977,-0.296,0.0025,3,-0.0017,-0.4662
cell_19_11,2026-03,viirs_avg_rad_mean,66.68,60.9993,2.3849,3,5.6807,1.6066
cell_19_11,2026-03,era5_temperature_mean,23.4861,22.2104,0.5112,3,1.2757,1.6833
cell_19_11,2026-03,era5_precipitation_total,25.6328,40.5181,26.2016,3,-14.8853,-0.3832
cell_19_11,2026-03,era5_wind_speed_mean,2.4442,2.5023,0.3197,3,-0.0581,-0.1225
cell_19_12,2026-03,ndvi_mean,0.2055,0.1976,0.005,3,0.0079,1.0687
cell_19_12,2026-03,ndbi_mean,0.0386,0.029,0.0018,3,0.0096,3.6015
cell_19_12,2026-03,ndwi_mean,-0.2662,-0.2467,0.0059,3,-0.0195,-2.2278
cell_19_12,2026-03,viirs_avg_rad_mean,79.6216,68.0787,0.657,3,11.5429,11.8502
cell_19_12,2026-03,era5_temperature_mean,23.4861,22.2104,0.5112,3,1.2757,1.6833
cell_19_12,2026-03,era5_precipitation_total,25.6328,40.5181,26.2016,3,-14.8853,-0.3832
cell_19_12,2026-03,era5_wind_speed_mean,2.4442,2.5023,0.3197,3,-0.0581,-0.1225
cell_19_13,2026-03,ndvi_mean,0.1505,0.1583,0.0001,3,-0.0078,-52.7308
cell_19_13,2026-03,ndbi_mean,0.0739,0.0565,0.0018,3,0.0174,6.5352
cell_19_13,2026-03,ndwi_mean,-0.2197,-0.2147,0.0012,3,-0.005,-2.824
cell_19_13,2026-03,viirs_avg_rad_mean,76.3704,68.3338,4.4328,3,8.0366,1.2228
cell_19_13,2026-03,era5_temperature_mean,23.4861,22.2104,0.5112,3,1.2757,1.6833
cell_19_13,2026-03,era5_precipitation_total,25.6328,40.5181,26.2016,3,-14.8853,-0.3832
cell_19_13,2026-03,era5_wind_speed_mean,2.4442,2.5023,0.3197,3,-0.0581,-0.1225
cell_19_14,2026-03,ndvi_mean,0.1417,0.1546,0.0071,3,-0.0129,-1.2248
cell_19_14,2026-03,ndbi_mean,0.085,0.0719,0.0012,3,0.0131,7.3623
cell_19_14,2026-03,ndwi_mean,-0.215,-0.2178,0.0019,3,0.0028,1.0063
cell_19_14,2026-03,viirs_avg_rad_mean,67.5502,60.7339,0.1412,3,6.8163,32.5602
cell_19_14,2026-03,era5_temperature_mean,23.4861,22.2104,0.5112,3,1.2757,1.6833
cell_19_14,2026-03,era5_precipitation_total,25.6328,40.5181,26.2016,3,-14.8853,-0.3832
cell_19_14,2026-03,era5_wind_speed_mean,2.4442,2.5023,0.3197,3,-0.0581,-0.1225
cell_19_15,2026-03,ndvi_mean,0.1863,0.1905,0.0047,3,-0.0042,-0.5975
cell_19_15,2026-03,ndbi_mean,0.0583,0.0439,0.0001,3,0.0144,97.3574
cell_19_15,2026-03,ndwi_mean,-0.2544,-0.2384,0.0031,3,-0.016,-3.4871
cell_19_15,2026-03,viirs_avg_rad_mean,62.6279,59.1873,3.8327,3,3.4406,0.6055
cell_19_15,2026-03,era5_temperature_mean,23.4861,22.2104,0.5112,3,1.2757,1.6833
cell_19_15,2026-03,era5_precipitation_total,25.6328,40.5181,26.2016,3,-14.8853,-0.3832
cell_19_15,2026-03,era5_wind_speed_mean,2.4442,2.5023,0.3197,3,-0.0581,-0.1225
cell_19_16,2026-03,ndvi_mean,0.3117,0.292,0.01,3,0.0197,1.3279
cell_19_16,2026-03,ndbi_mean,-0.0023,-0.0211,0.0005,3,0.0188,25.3063
cell_19_16,2026-03,ndwi_mean,-0.3631,-0.3297,0.0084,3,-0.0334,-2.6845
cell_19_16,2026-03,viirs_avg_rad_mean,58.209,57.8745,7.2957,3,0.3345,0.0309
cell_19_16,2026-03,era5_temperature_mean,23.4861,22.2104,0.5112,3,1.2757,1.6833
cell_19_16,2026-03,era5_precipitation_total,25.6328,40.5181,26.2016,3,-14.8853,-0.3832
cell_19_16,2026-03,era5_wind_speed_mean,2.4442,2.5023,0.3197,3,-0.0581,-0.1225
cell_19_17,2026-03,ndvi_mean,0.2861,0.2922,0.0055,3,-0.0061,-0.7508
cell_19_17,2026-03,ndbi_mean,-0.0154,-0.0259,0.001,3,0.0105,7.061
cell_19_17,2026-03,ndwi_mean,-0.3293,-0.3217,0.0104,3,-0.0076,-0.49
cell_19_17,2026-03,viirs_avg_rad_mean,53.4427,54.2086,4.8133,3,-0.7659,-0.1073
cell_19_17,2026-03,era5_temperature_mean,23.4861,22.2104,0.5112,3,1.2757,1.6833
cell_19_17,2026-03,era5_precipitation_total,25.6328,40.5181,26.2016,3,-14.8853,-0.3832
cell_19_17,2026-03,era5_wind_speed_mean,2.4442,2.5023,0.3197,3,-0.0581,-0.1225
cell_19_18,2026-03,ndvi_mean,0.359,0.2512,0.0002,3,0.1078,363.6411
cell_19_18,2026-03,ndbi_mean,-0.0125,0.0113,0.0002,3,-0.0238,-80.2557
cell_19_18,2026-03,ndwi_mean,-0.4069,-0.3072,0.001,3,-0.0997,-67.2521
cell_19_18,2026-03,viirs_avg_rad_mean,57.5853,57.7448,5.1344,3,-0.1595,-0.021
cell_19_18,2026-03,era5_temperature_mean,23.4861,22.2104,0.5112,3,1.2757,1.6833
cell_19_18,2026-03,era5_precipitation_total,25.6328,40.5181,26.2016,3,-14.8853,-0.3832
cell_19_18,2026-03,era5_wind_speed_mean,2.4442,2.5023,0.3197,3,-0.0581,-0.1225
cell_19_19,2026-03,ndvi_mean,0.3316,0.2801,0.0074,3,0.0515,4.6922
cell_19_19,2026-03,ndbi_mean,-0.0044,0.0327,0.0072,3,-0.0371,-3.4718
cell_19_19,2026-03,ndwi_mean,-0.3768,-0.3465,0.0036,3,-0.0303,-5.6762
cell_19_19,2026-03,viirs_avg_rad_mean,67.628,62.2152,0.8185,3,5.4128,4.4604
cell_19_19,2026-03,era5_temperature_mean,23.4861,22.2104,0.5112,3,1.2757,1.6833
cell_19_19,2026-03,era5_precipitation_total,25.6328,40.5181,26.2016,3,-14.8853,-0.3832
cell_19_19,2026-03,era5_wind_speed_mean,2.4442,2.5023,0.3197,3,-0.0581,-0.1225
cell_20_00,2026-03,ndvi_mean,0.2965,0.2933,0.0083,3,0.0032,0.2577
cell_20_00,2026-03,ndbi_mean,-0.0014,-0.0142,0.0095,3,0.0128,0.9102
cell_20_00,2026-03,ndwi_mean,-0.3357,-0.3153,0.0034,3,-0.0204,-4.0566
cell_20_00,2026-03,viirs_avg_rad_mean,62.6995,61.2908,4.4836,3,1.4087,0.2119
cell_20_00,2026-03,era5_temperature_mean,23.5051,22.2202,0.4712,3,1.2849,1.8393
cell_20_00,2026-03,era5_precipitation_total,27.401,39.4606,26.5335,3,-12.0596,-0.3066
cell_20_00,2026-03,era5_wind_speed_mean,2.4575,2.5074,0.3299,3,-0.0499,-0.102
cell_20_01,2026-03,ndvi_mean,0.2009,0.2138,0.0005,3,-0.0129,-17.4348
cell_20_01,2026-03,ndbi_mean,0.0112,-0.0103,0.0005,3,0.0215,29.0165
cell_20_01,2026-03,ndwi_mean,-0.2569,-0.2561,0.002,3,-0.0008,-0.2844
cell_20_01,2026-03,viirs_avg_rad_mean,68.9323,72.3086,5.2502,3,-3.3763,-0.4338
cell_20_01,2026-03,era5_temperature_mean,23.5051,22.2202,0.4712,3,1.2849,1.8393
cell_20_01,2026-03,era5_precipitation_total,27.401,39.4606,26.5335,3,-12.0596,-0.3066
cell_20_01,2026-03,era5_wind_speed_mean,2.4575,2.5074,0.3299,3,-0.0499,-0.102
cell_20_02,2026-03,ndvi_mean,0.5255,0.4891,0.0341,3,0.0364,0.7205
cell_20_02,2026-03,ndbi_mean,-0.0882,-0.1196,0.0047,3,0.0314,4.5052
cell_20_02,2026-03,ndwi_mean,-0.5247,-0.4976,0.0289,3,-0.0271,-0.6332
cell_20_02,2026-03,viirs_avg_rad_mean,56.2374,49.531,0.4495,3,6.7064,10.0632
cell_20_02,2026-03,era5_temperature_mean,23.5051,22.2202,0.4712,3,1.2849,1.8393
cell_20_02,2026-03,era5_precipitation_total,27.401,39.4606,26.5335,3,-12.0596,-0.3066
cell_20_02,2026-03,era5_wind_speed_mean,2.4575,2.5074,0.3299,3,-0.0499,-0.102
cell_20_03,2026-03,ndvi_mean,0.3726,0.3701,0.0029,3,0.0025,0.5844
cell_20_03,2026-03,ndbi_mean,-0.0288,-0.0411,0.0098,3,0.0123,0.848
cell_20_03,2026-03,ndwi_mean,-0.4028,-0.4071,0.0037,3,0.0043,0.7921
cell_20_03,2026-03,viirs_avg_rad_mean,32.5305,23.9385,1.2182,3,8.592,4.7572
cell_20_03,2026-03,era5_temperature_mean,23.5051,22.2202,0.4712,3,1.2849,1.8393
cell_20_03,2026-03,era5_precipitation_total,27.401,39.4606,26.5335,3,-12.0596,-0.3066
cell_20_03,2026-03,era5_wind_speed_mean,2.4575,2.5074,0.3299,3,-0.0499,-0.102
cell_20_04,2026-03,ndvi_mean,0.1193,0.3355,0.011,3,-0.2162,-13.254
cell_20_04,2026-03,ndbi_mean,0.1458,-0.0706,0.0065,3,0.2164,22.4537
cell_20_04,2026-03,ndwi_mean,-0.1279,-0.3291,0.0307,3,0.2012,4.42
cell_20_04,2026-03,viirs_avg_rad_mean,20.3843,16.6229,1.6832,3,3.7614,1.5073
cell_20_04,2026-03,era5_temperature_mean,23.5051,22.2202,0.4712,3,1.2849,1.8393
cell_20_04,2026-03,era5_precipitation_total,27.401,39.4606,26.5335,3,-12.0596,-0.3066
cell_20_04,2026-03,era5_wind_speed_mean,2.4575,2.5074,0.3299,3,-0.0499,-0.102
cell_20_05,2026-03,ndvi_mean,-0.3256,0.0094,0.0684,3,-0.335,-3.3038
cell_20_05,2026-03,ndbi_mean,0.3929,0.0118,0.058,3,0.3811,4.4313
cell_20_05,2026-03,ndwi_mean,0.3154,0.0139,0.0802,3,0.3015,2.5355
cell_20_05,2026-03,viirs_avg_rad_mean,14.6426,12.0395,2.0835,3,2.6031,0.8427
cell_20_05,2026-03,era5_temperature_mean,23.5051,22.2202,0.4712,3,1.2849,1.8393
cell_20_05,2026-03,era5_precipitation_total,27.401,39.4606,26.5335,3,-12.0596,-0.3066
cell_20_05,2026-03,era5_wind_speed_mean,2.4575,2.5074,0.3299,3,-0.0499,-0.102
cell_20_06,2026-03,ndvi_mean,0.0698,0.3443,0.0461,3,-0.2745,-4.0159
cell_20_06,2026-03,ndbi_mean,0.1102,-0.0721,0.0275,3,0.1823,4.4705
cell_20_06,2026-03,ndwi_mean,-0.0622,-0.3511,0.011,3,0.2889,17.7147
cell_20_06,2026-03,viirs_avg_rad_mean,13.3774,9.8419,0.737,3,3.5355,3.2356
cell_20_06,2026-03,era5_temperature_mean,23.5051,22.2202,0.4712,3,1.2849,1.8393
cell_20_06,2026-03,era5_precipitation_total,27.401,39.4606,26.5335,3,-12.0596,-0.3066
cell_20_06,2026-03,era5_wind_speed_mean,2.4575,2.5074,0.3299,3,-0.0499,-0.102
cell_20_07,2026-03,ndvi_mean,0.4926,0.4912,0.0115,3,0.0014,0.0795
cell_20_07,2026-03,ndbi_mean,-0.1377,-0.1354,0.0076,3,-0.0023,-0.202
cell_20_07,2026-03,ndwi_mean,-0.4819,-0.4905,0.0064,3,0.0086,0.903
cell_20_07,2026-03,viirs_avg_rad_mean,14.5037,10.9446,1.3358,3,3.5591,1.7971
cell_20_07,2026-03,era5_temperature_mean,23.5051,22.2202,0.4712,3,1.2849,1.8393
cell_20_07,2026-03,era5_precipitation_total,27.401,39.4606,26.5335,3,-12.0596,-0.3066
cell_20_07,2026-03,era5_wind_speed_mean,2.4575,2.5074,0.3299,3,-0.0499,-0.102
cell_20_08,2026-03,ndvi_mean,0.5675,0.4961,0.0131,3,0.0714,3.6776
cell_20_08,2026-03,ndbi_mean,-0.1286,-0.1113,0.002,3,-0.0173,-5.8327
cell_20_08,2026-03,ndwi_mean,-0.5347,-0.492,0.0038,3,-0.0427,-7.5822
cell_20_08,2026-03,viirs_avg_rad_mean,17.5252,16.0737,1.3711,3,1.4515,0.714
cell_20_08,2026-03,era5_temperature_mean,23.5051,22.2202,0.4712,3,1.2849,1.8393
cell_20_08,2026-03,era5_precipitation_total,27.401,39.4606,26.5335,3,-12.0596,-0.3066
cell_20_08,2026-03,era5_wind_speed_mean,2.4575,2.5074,0.3299,3,-0.0499,-0.102
cell_20_09,2026-03,ndvi_mean,0.3952,0.3841,0.0154,3,0.0111,0.4849
cell_20_09,2026-03,ndbi_mean,-0.0686,-0.086,0.01,3,0.0174,1.1737
cell_20_09,2026-03,ndwi_mean,-0.4099,-0.3837,0.001,3,-0.0262,-17.673
cell_20_09,2026-03,viirs_avg_rad_mean,50.8259,54.3595,3.8786,3,-3.5336,-0.6145
cell_20_09,2026-03,era5_temperature_mean,23.5051,22.2202,0.4712,3,1.2849,1.8393
cell_20_09,2026-03,era5_precipitation_total,27.401,39.4606,26.5335,3,-12.0596,-0.3066
cell_20_09,2026-03,era5_wind_speed_mean,2.4575,2.5074,0.3299,3,-0.0499,-0.102
cell_20_10,2026-03,ndvi_mean,0.2443,0.2621,0.0239,3,-0.0178,-0.5017
cell_20_10,2026-03,ndbi_mean,0.0156,-0.0062,0.0042,3,0.0218,3.5072
cell_20_10,2026-03,ndwi_mean,-0.2905,-0.298,0.0223,3,0.0075,0.2255
cell_20_10,2026-03,viirs_avg_rad_mean,64.3418,53.3647,0.2804,3,10.9771,26.405
cell_20_10,2026-03,era5_temperature_mean,23.4861,22.2104,0.5112,3,1.2757,1.6833
cell_20_10,2026-03,era5_precipitation_total,25.6328,40.5181,26.2016,3,-14.8853,-0.3832
cell_20_10,2026-03,era5_wind_speed_mean,2.4442,2.5023,0.3197,3,-0.0581,-0.1225
cell_20_11,2026-03,ndvi_mean,0.1206,0.1248,0.0018,3,-0.0042,-1.5649
cell_20_11,2026-03,ndbi_mean,0.0421,0.0316,0.0012,3,0.0105,5.9258
cell_20_11,2026-03,ndwi_mean,-0.1887,-0.1841,0.0014,3,-0.0046,-2.2278
cell_20_11,2026-03,viirs_avg_rad_mean,53.2803,53.6065,0.4216,3,-0.3262,-0.5218
cell_20_11,2026-03,era5_temperature_mean,23.4861,22.2104,0.5112,3,1.2757,1.6833
cell_20_11,2026-03,era5_precipitation_total,25.6328,40.5181,26.2016,3,-14.8853,-0.3832
cell_20_11,2026-03,era5_wind_speed_mean,2.4442,2.5023,0.3197,3,-0.0581,-0.1225
cell_20_12,2026-03,ndvi_mean,0.2335,0.2511,0.001,3,-0.0176,-11.8778
cell_20_12,2026-03,ndbi_mean,0.0382,0.0015,0.0004,3,0.0367,61.9375
cell_20_12,2026-03,ndwi_mean,-0.2949,-0.2884,0.0021,3,-0.0065,-2.102
cell_20_12,2026-03,viirs_avg_rad_mean,76.1378,64.9745,1.7053,3,11.1633,4.4154
cell_20_12,2026-03,era5_temperature_mean,23.4861,22.2104,0.5112,3,1.2757,1.6833
cell_20_12,2026-03,era5_precipitation_total,25.6328,40.5181,26.2016,3,-14.8853,-0.3832
cell_20_12,2026-03,era5_wind_speed_mean,2.4442,2.5023,0.3197,3,-0.0581,-0.1225
cell_20_13,2026-03,ndvi_mean,0.1349,0.1405,0.005,3,-0.0056,-0.7532
cell_20_13,2026-03,ndbi_mean,0.0776,0.0621,0.0006,3,0.0155,17.4448
cell_20_13,2026-03,ndwi_mean,-0.2058,-0.1992,0.0072,3,-0.0066,-0.6195
cell_20_13,2026-03,viirs_avg_rad_mean,70.2813,59.4938,5.03,3,10.7875,1.4465
cell_20_13,2026-03,era5_temperature_mean,23.4861,22.2104,0.5112,3,1.2757,1.6833
cell_20_13,2026-03,era5_precipitation_total,25.6328,40.5181,26.2016,3,-14.8853,-0.3832
cell_20_13,2026-03,era5_wind_speed_mean,2.4442,2.5023,0.3197,3,-0.0581,-0.1225
cell_20_14,2026-03,ndvi_mean,0.1532,0.1705,0.0086,3,-0.0173,-1.3552
cell_20_14,2026-03,ndbi_mean,0.0855,0.0701,0.0004,3,0.0154,25.9031
cell_20_14,2026-03,ndwi_mean,-0.2182,-0.2245,0.0084,3,0.0063,0.504
cell_20_14,2026-03,viirs_avg_rad_mean,58.0788,53.1784,0.1784,3,4.9004,18.5273
cell_20_14,2026-03,era5_temperature_mean,23.4861,22.2104,0.5112,3,1.2757,1.6833
cell_20_14,2026-03,era5_precipitation_total,25.6328,40.5181,26.2016,3,-14.8853,-0.3832
cell_20_14,2026-03,era5_wind_speed_mean,2.4442,2.5023,0.3197,3,-0.0581,-0.1225
cell_20_15,2026-03,ndvi_mean,0.1265,0.1398,0.0068,3,-0.0133,-1.3219
cell_20_15,2026-03,ndbi_mean,0.0923,0.0768,0.0022,3,0.0155,4.7615
cell_20_15,2026-03,ndwi_mean,-0.2164,-0.2168,0.0016,3,0.0004,0.1662
cell_20_15,2026-03,viirs_avg_rad_mean,57.3769,53.4677,2.8457,3,3.9092,0.9266
cell_20_15,2026-03,era5_temperature_mean,23.4861,22.2104,0.5112,3,1.2757,1.6833
cell_20_15,2026-03,era5_precipitation_total,25.6328,40.5181,26.2016,3,-14.8853,-0.3832
cell_20_15,2026-03,era5_wind_speed_mean,2.4442,2.5023,0.3197,3,-0.0581,-0.1225
cell_20_16,2026-03,ndvi_mean,0.1677,0.1727,0.0023,3,-0.005,-1.4565
cell_20_16,2026-03,ndbi_mean,0.0618,0.0446,0.0035,3,0.0172,3.3235
cell_20_16,2026-03,ndwi_mean,-0.2463,-0.2287,0.0014,3,-0.0176,-8.4824
cell_20_16,2026-03,viirs_avg_rad_mean,59.5855,57.2844,5.9725,3,2.3011,0.2599
cell_20_16,2026-03,era5_temperature_mean,23.4861,22.2104,0.5112,3,1.2757,1.6833
cell_20_16,2026-03,era5_precipitation_total,25.6328,40.5181,26.2016,3,-14.8853,-0.3832
cell_20_16,2026-03,era5_wind_speed_mean,2.4442,2.5023,0.3197,3,-0.0581,-0.1225
cell_20_17,2026-03,ndvi_mean,0.2819,0.2833,0.0017,3,-0.0014,-0.5513
cell_20_17,2026-03,ndbi_mean,0.0222,0.0077,0.0035,3,0.0145,2.8017
cell_20_17,2026-03,ndwi_mean,-0.3273,-0.3158,0.0031,3,-0.0115,-2.5026
cell_20_17,2026-03,viirs_avg_rad_mean,58.0994,63.5026,11.3353,3,-5.4032,-0.3215
cell_20_17,2026-03,era5_temperature_mean,23.4861,22.2104,0.5112,3,1.2757,1.6833
cell_20_17,2026-03,era5_precipitation_total,25.6328,40.5181,26.2016,3,-14.8853,-0.3832
cell_20_17,2026-03,era5_wind_speed_mean,2.4442,2.5023,0.3197,3,-0.0581,-0.1225
cell_20_18,2026-03,ndvi_mean,0.3317,0.305,0.0021,3,0.0267,8.5863
cell_20_18,2026-03,ndbi_mean,0.008,0.0085,0.001,3,-0.0005,-0.3291
cell_20_18,2026-03,ndwi_mean,-0.3761,-0.3391,0.0014,3,-0.037,-17.8169
cell_20_18,2026-03,viirs_avg_rad_mean,57.8293,67.2594,12.0847,3,-9.4301,-0.5263
cell_20_18,2026-03,era5_temperature_mean,23.4861,22.2104,0.5112,3,1.2757,1.6833
cell_20_18,2026-03,era5_precipitation_total,25.6328,40.5181,26.2016,3,-14.8853,-0.3832
cell_20_18,2026-03,era5_wind_speed_mean,2.4442,2.5023,0.3197,3,-0.0581,-0.1225
cell_20_19,2026-03,ndvi_mean,0.2886,0.3086,0.0003,3,-0.02,-45.0215
cell_20_19,2026-03,ndbi_mean,0.0135,-0.0122,0.0042,3,0.0257,4.1293
cell_20_19,2026-03,ndwi_mean,-0.3367,-0.3448,0.0018,3,0.0081,3.0317
cell_20_19,2026-03,viirs_avg_rad_mean,59.0144,62.536,1.9976,3,-3.5216,-1.1891
cell_20_19,2026-03,era5_temperature_mean,23.4861,22.2104,0.5112,3,1.2757,1.6833
cell_20_19,2026-03,era5_precipitation_total,25.6328,40.5181,26.2016,3,-14.8853,-0.3832
cell_20_19,2026-03,era5_wind_speed_mean,2.4442,2.5023,0.3197,3,-0.0581,-0.1225
cell_21_00,2026-03,ndvi_mean,0.4279,0.4306,0.005,3,-0.0027,-0.3633
cell_21_00,2026-03,ndbi_mean,-0.0317,-0.0607,0.0096,3,0.029,2.0358
cell_21_00,2026-03,ndwi_mean,-0.4691,-0.4615,0.0049,3,-0.0076,-1.0521
cell_21_00,2026-03,viirs_avg_rad_mean,48.4309,45.4618,2.3124,3,2.9691,0.866
cell_21_00,2026-03,era5_temperature_mean,23.5051,22.2202,0.4712,3,1.2849,1.8393
cell_21_00,2026-03,era5_precipitation_total,27.401,39.4606,26.5335,3,-12.0596,-0.3066
cell_21_00,2026-03,era5_wind_speed_mean,2.4575,2.5074,0.3299,3,-0.0499,-0.102
cell_21_01,2026-03,ndvi_mean,0.3382,0.323,0.0195,3,0.0152,0.5249
cell_21_01,2026-03,ndbi_mean,0.0079,-0.0176,0.0101,3,0.0255,1.7009
cell_21_01,2026-03,ndwi_mean,-0.3637,-0.3446,0.007,3,-0.0191,-1.8382
cell_21_01,2026-03,viirs_avg_rad_mean,53.4647,59.1048,7.6951,3,-5.6401,-0.4944
cell_21_01,2026-03,era5_temperature_mean,23.5051,22.2202,0.4712,3,1.2849,1.8393
cell_21_01,2026-03,era5_precipitation_total,27.401,39.4606,26.5335,3,-12.0596,-0.3066
cell_21_01,2026-03,era5_wind_speed_mean,2.4575,2.5074,0.3299,3,-0.0499,-0.102
cell_21_02,2026-03,ndvi_mean,0.5756,0.5423,0.0239,3,0.0333,0.9404
cell_21_02,2026-03,ndbi_mean,-0.0942,-0.1133,0.0008,3,0.0191,16.1451
cell_21_02,2026-03,ndwi_mean,-0.5522,-0.537,0.0096,3,-0.0152,-1.0713
cell_21_02,2026-03,viirs_avg_rad_mean,39.3042,42.5961,7.9705,3,-3.2919,-0.2786
cell_21_02,2026-03,era5_temperature_mean,23.5051,22.2202,0.4712,3,1.2849,1.8393
cell_21_02,2026-03,era5_precipitation_total,27.401,39.4606,26.5335,3,-12.0596,-0.3066
cell_21_02,2026-03,era5_wind_speed_mean,2.4575,2.5074,0.3299,3,-0.0499,-0.102
cell_21_03,2026-03,ndvi_mean,-0.1523,0.1369,0.0567,3,-0.2892,-3.4402
cell_21_03,2026-03,ndbi_mean,0.3662,0.086,0.0133,3,0.2802,14.208
cell_21_03,2026-03,ndwi_mean,0.1352,-0.1273,0.0463,3,0.2625,3.8235
cell_21_03,2026-03,viirs_avg_rad_mean,20.0783,20.8758,3.6908,3,-0.7975,-0.1457
cell_21_03,2026-03,era5_temperature_mean,23.5051,22.2202,0.4712,3,1.2849,1.8393
cell_21_03,2026-03,era5_precipitation_total,27.401,39.4606,26.5335,3,-12.0596,-0.3066
cell_21_03,2026-03,era5_wind_speed_mean,2.4575,2.5074,0.3299,3,-0.0499,-0.102
cell_21_04,2026-03,ndvi_mean,-0.0202,0.1531,0.0113,3,-0.1733,-10.3448
cell_21_04,2026-03,ndbi_mean,0.1709,-0.0097,0.0203,3,0.1806,5.9995
cell_21_04,2026-03,ndwi_mean,-0.0048,-0.1542,0.0445,3,0.1494,2.2644
cell_21_04,2026-03,viirs_avg_rad_mean,16.6545,15.8746,2.1418,3,0.7799,0.2456
cell_21_04,2026-03,era5_temperature_mean,23.5051,22.2202,0.4712,3,1.2849,1.8393
cell_21_04,2026-03,era5_precipitation_total,27.401,39.4606,26.5335,3,-12.0596,-0.3066
cell_21_04,2026-03,era5_wind_speed_mean,2.4575,2.5074,0.3299,3,-0.0499,-0.102
cell_21_05,2026-03,ndvi_mean,0.4307,0.4259,0.0227,3,0.0048,0.1437
cell_21_05,2026-03,ndbi_mean,-0.1106,-0.1103,0.001,3,-0.0003,-0.1721
cell_21_05,2026-03,ndwi_mean,-0.434,-0.4241,0.0248,3,-0.0099,-0.269
cell_21_05,2026-03,viirs_avg_rad_mean,14.9098,12.8369,2.6749,3,2.0729,0.5227
cell_21_05,2026-03,era5_temperature_mean,23.5051,22.2202,0.4712,3,1.2849,1.8393
cell_21_05,2026-03,era5_precipitation_total,27.401,39.4606,26.5335,3,-12.0596,-0.3066
cell_21_05,2026-03,era5_wind_speed_mean,2.4575,2.5074,0.3299,3,-0.0499,-0.102
cell_21_06,2026-03,ndvi_mean,0.4067,0.4167,0.0001,3,-0.01,-67.3771
cell_21_06,2026-03,ndbi_mean,-0.1265,-0.1207,0.0127,3,-0.0058,-0.3098
cell_21_06,2026-03,ndwi_mean,-0.4185,-0.4214,0.0068,3,0.0029,0.2903
cell_21_06,2026-03,viirs_avg_rad_mean,13.6131,10.4312,0.1792,3,3.1819,11.9765
cell_21_06,2026-03,era5_temperature_mean,23.5051,22.2202,0.4712,3,1.2849,1.8393
cell_21_06,2026-03,era5_precipitation_total,27.401,39.4606,26.5335,3,-12.0596,-0.3066
cell_21_06,2026-03,era5_wind_speed_mean,2.4575,2.5074,0.3299,3,-0.0499,-0.102
cell_21_07,2026-03,ndvi_mean,0.4347,0.4348,0.0069,3,-0.0001,-0.0058
cell_21_07,2026-03,ndbi_mean,-0.1417,-0.1546,0.0137,3,0.0129,0.634
cell_21_07,2026-03,ndwi_mean,-0.4471,-0.4406,0.0016,3,-0.0065,-2.7456
cell_21_07,2026-03,viirs_avg_rad_mean,14.1439,12.9181,0.4167,3,1.2258,1.9842
cell_21_07,2026-03,era5_temperature_mean,23.5051,22.2202,0.4712,3,1.2849,1.8393
cell_21_07,2026-03,era5_precipitation_total,27.401,39.4606,26.5335,3,-12.0596,-0.3066
cell_21_07,2026-03,era5_wind_speed_mean,2.4575,2.5074,0.3299,3,-0.0499,-0.102
cell_21_08,2026-03,ndvi_mean,0.4581,0.4046,0.0661,3,0.0535,0.5457
cell_21_08,2026-03,ndbi_mean,-0.1152,-0.1005,0.0213,3,-0.0147,-0.464
cell_21_08,2026-03,ndwi_mean,-0.4615,-0.423,0.0569,3,-0.0385,-0.456
cell_21_08,2026-03,viirs_avg_rad_mean,21.9164,24.0092,0.9744,3,-2.0928,-1.4487
cell_21_08,2026-03,era5_temperature_mean,23.5051,22.2202,0.4712,3,1.2849,1.8393
cell_21_08,2026-03,era5_precipitation_total,27.401,39.4606,26.5335,3,-12.0596,-0.3066
cell_21_08,2026-03,era5_wind_speed_mean,2.4575,2.5074,0.3299,3,-0.0499,-0.102
cell_21_09,2026-03,ndvi_mean,0.2869,0.28,0.0023,3,0.0069,2.0286
cell_21_09,2026-03,ndbi_mean,0.0123,0.0082,0.0037,3,0.0041,0.7555
cell_21_09,2026-03,ndwi_mean,-0.3397,-0.3274,0.0042,3,-0.0123,-1.9703
cell_21_09,2026-03,viirs_avg_rad_mean,57.3289,51.2084,2.3081,3,6.1205,1.7886
cell_21_09,2026-03,era5_temperature_mean,23.5051,22.2202,0.4712,3,1.2849,1.8393
cell_21_09,2026-03,era5_precipitation_total,27.401,39.4606,26.5335,3,-12.0596,-0.3066
cell_21_09,2026-03,era5_wind_speed_mean,2.4575,2.5074,0.3299,3,-0.0499,-0.102
cell_21_10,2026-03,ndvi_mean,0.384,0.3771,0.0131,3,0.0069,0.3537
cell_21_10,2026-03,ndbi_mean,-0.0548,-0.0674,0.0033,3,0.0126,2.5724
cell_21_10,2026-03,ndwi_mean,-0.3986,-0.3865,0.0114,3,-0.0121,-0.7185
cell_21_10,2026-03,viirs_avg_rad_mean,49.4375,48.3163,0.0033,3,1.1212,229.1651
cell_21_10,2026-03,era5_temperature_mean,23.4861,22.2104,0.5112,3,1.2757,1.6833
cell_21_10,2026-03,era5_precipitation_total,25.6328,40.5181,26.2016,3,-14.8853,-0.3832
cell_21_10,2026-03,era5_wind_speed_mean,2.4442,2.5023,0.3197,3,-0.0581,-0.1225
cell_21_11,2026-03,ndvi_mean,0.1013,0.1024,0.0035,3,-0.0011,-0.2161
cell_21_11,2026-03,ndbi_mean,0.0359,0.021,0.0032,3,0.0149,3.1401
cell_21_11,2026-03,ndwi_mean,-0.1689,-0.1558,0.0029,3,-0.0131,-3.0531
cell_21_11,2026-03,viirs_avg_rad_mean,42.8925,42.0124,1.6902,3,0.8801,0.3512
cell_21_11,2026-03,era5_temperature_mean,23.4861,22.2104,0.5112,3,1.2757,1.6833
cell_21_11,2026-03,era5_precipitation_total,25.6328,40.5181,26.2016,3,-14.8853,-0.3832
cell_21_11,2026-03,era5_wind_speed_mean,2.4442,2.5023,0.3197,3,-0.0581,-0.1225
cell_21_12,2026-03,ndvi_mean,0.1302,0.1556,0.0042,3,-0.0254,-4.0738
cell_21_12,2026-03,ndbi_mean,0.0814,0.0415,0.0036,3,0.0399,7.4793
cell_21_12,2026-03,ndwi_mean,-0.1997,-0.2129,0.001,3,0.0132,8.8949
cell_21_12,2026-03,viirs_avg_rad_mean,59.7648,50.0419,2.2697,3,9.7229,2.8894
cell_21_12,2026-03,era5_temperature_mean,23.4861,22.2104,0.5112,3,1.2757,1.6833
cell_21_12,2026-03,era5_precipitation_total,25.6328,40.5181,26.2016,3,-14.8853,-0.3832
cell_21_12,2026-03,era5_wind_speed_mean,2.4442,2.5023,0.3197,3,-0.0581,-0.1225
cell_21_13,2026-03,ndvi_mean,0.1874,0.2021,0.0001,3,-0.0147,-99.0714
cell_21_13,2026-03,ndbi_mean,0.0676,0.05,0.0004,3,0.0176,29.6132
cell_21_13,2026-03,ndwi_mean,-0.2446,-0.2441,0.0034,3,-0.0005,-0.0993
cell_21_13,2026-03,viirs_avg_rad_mean,61.7157,49.4923,0.848,3,12.2234,9.7224
cell_21_13,2026-03,era5_temperature_mean,23.4861,22.2104,0.5112,3,1.2757,1.6833
cell_21_13,2026-03,era5_precipitation_total,25.6328,40.5181,26.2016,3,-14.8853,-0.3832
cell_21_13,2026-03,era5_wind_speed_mean,2.4442,2.5023,0.3197,3,-0.0581,-0.1225
cell_21_14,2026-03,ndvi_mean,0.1629,0.1802,0.0005,3,-0.0173,-23.3787
cell_21_14,2026-03,ndbi_mean,0.087,0.0635,0.002,3,0.0235,7.9246
cell_21_14,2026-03,ndwi_mean,-0.2285,-0.233,0.0015,3,0.0045,2.027
cell_21_14,2026-03,viirs_avg_rad_mean,59.1058,52.4238,0.0531,3,6.682,84.8761
cell_21_14,2026-03,era5_temperature_mean,23.4861,22.2104,0.5112,3,1.2757,1.6833
cell_21_14,2026-03,era5_precipitation_total,25.6328,40.5181,26.2016,3,-14.8853,-0.3832
cell_21_14,2026-03,era5_wind_speed_mean,2.4442,2.5023,0.3197,3,-0.0581,-0.1225
cell_21_15,2026-03,ndvi_mean,0.1361,0.1419,0.0077,3,-0.0058,-0.5067
cell_21_15,2026-03,ndbi_mean,0.1022,0.0904,0.0002,3,0.0118,39.6642
cell_21_15,2026-03,ndwi_mean,-0.2197,-0.2128,0.0023,3,-0.0069,-2.012
cell_21_15,2026-03,viirs_avg_rad_mean,59.5796,55.1244,1.87,3,4.4552,1.607
cell_21_15,2026-03,era5_temperature_mean,23.4861,22.2104,0.5112,3,1.2757,1.6833
cell_21_15,2026-03,era5_precipitation_total,25.6328,40.5181,26.2016,3,-14.8853,-0.3832
cell_21_15,2026-03,era5_wind_speed_mean,2.4442,2.5023,0.3197,3,-0.0581,-0.1225
cell_21_16,2026-03,ndvi_mean,0.1527,0.1603,0.0052,3,-0.0076,-0.9922
cell_21_16,2026-03,ndbi_mean,0.0752,0.0575,0.0022,3,0.0177,5.4303
cell_21_16,2026-03,ndwi_mean,-0.2275,-0.211,0.0018,3,-0.0165,-6.1653
cell_21_16,2026-03,viirs_avg_rad_mean,58.8673,58.6578,5.576,3,0.2095,0.0253
cell_21_16,2026-03,era5_temperature_mean,23.4861,22.2104,0.5112,3,1.2757,1.6833
cell_21_16,2026-03,era5_precipitation_total,25.6328,40.5181,26.2016,3,-14.8853,-0.3832
cell_21_16,2026-03,era5_wind_speed_mean,2.4442,2.5023,0.3197,3,-0.0581,-0.1225
cell_21_17,2026-03,ndvi_mean,0.266,0.2777,0.0054,3,-0.0117,-1.4653
cell_21_17,2026-03,ndbi_mean,0.0035,-0.0194,0.0048,3,0.0229,3.2229
cell_21_17,2026-03,ndwi_mean,-0.3178,-0.3139,0.0052,3,-0.0039,-0.5049
cell_21_17,2026-03,viirs_avg_rad_mean,58.7258,63.7677,10.4744,3,-5.0419,-0.3247
cell_21_17,2026-03,era5_temperature_mean,23.4861,22.2104,0.5112,3,1.2757,1.6833
cell_21_17,2026-03,era5_precipitation_total,25.6328,40.5181,26.2016,3,-14.8853,-0.3832
cell_21_17,2026-03,era5_wind_speed_mean,2.4442,2.5023,0.3197,3,-0.0581,-0.1225
cell_21_18,2026-03,ndvi_mean,0.1785,0.2047,0.0013,3,-0.0262,-13.6115
cell_21_18,2026-03,ndbi_mean,0.0325,0.022,0.0018,3,0.0105,3.9525
cell_21_18,2026-03,ndwi_mean,-0.2433,-0.2498,0.0068,3,0.0065,0.6414
cell_21_18,2026-03,viirs_avg_rad_mean,55.1162,65.3132,11.8324,3,-10.197,-0.5813
cell_21_18,2026-03,era5_temperature_mean,23.4861,22.2104,0.5112,3,1.2757,1.6833
cell_21_18,2026-03,era5_precipitation_total,25.6328,40.5181,26.2016,3,-14.8853,-0.3832
cell_21_18,2026-03,era5_wind_speed_mean,2.4442,2.5023,0.3197,3,-0.0581,-0.1225
cell_21_19,2026-03,ndvi_mean,0.1414,0.153,0.0008,3,-0.0116,-9.7715
cell_21_19,2026-03,ndbi_mean,0.0562,0.0406,0.0074,3,0.0156,1.4191
cell_21_19,2026-03,ndwi_mean,-0.2056,-0.2076,0.0028,3,0.002,0.4919
cell_21_19,2026-03,viirs_avg_rad_mean,49.8201,57.6847,3.5162,3,-7.8646,-1.5086
cell_21_19,2026-03,era5_temperature_mean,23.4861,22.2104,0.5112,3,1.2757,1.6833
cell_21_19,2026-03,era5_precipitation_total,25.6328,40.5181,26.2016,3,-14.8853,-0.3832
cell_21_19,2026-03,era5_wind_speed_mean,2.4442,2.5023,0.3197,3,-0.0581,-0.1225
cell_22_00,2026-03,ndvi_mean,0.4725,0.4611,0.0,3,0.0114,
cell_22_00,2026-03,ndbi_mean,-0.0726,-0.0959,0.0066,3,0.0233,2.3852
cell_22_00,2026-03,ndwi_mean,-0.492,-0.4799,0.0004,3,-0.0121,-20.3345
cell_22_00,2026-03,viirs_avg_rad_mean,42.8082,33.939,4.2734,3,8.8692,1.3999
cell_22_00,2026-03,era5_temperature_mean,23.5051,22.2202,0.4712,3,1.2849,1.8393
cell_22_00,2026-03,era5_precipitation_total,27.401,39.4606,26.5335,3,-12.0596,-0.3066
cell_22_00,2026-03,era5_wind_speed_mean,2.4575,2.5074,0.3299,3,-0.0499,-0.102
cell_22_01,2026-03,ndvi_mean,0.2919,0.2392,0.0041,3,0.0527,8.6695
cell_22_01,2026-03,ndbi_mean,0.0151,0.007,0.0124,3,0.0081,0.4403
cell_22_01,2026-03,ndwi_mean,-0.3401,-0.2827,0.0048,3,-0.0574,-8.0611
cell_22_01,2026-03,viirs_avg_rad_mean,45.274,41.5848,2.7371,3,3.6892,0.9091
cell_22_01,2026-03,era5_temperature_mean,23.5051,22.2202,0.4712,3,1.2849,1.8393
cell_22_01,2026-03,era5_precipitation_total,27.401,39.4606,26.5335,3,-12.0596,-0.3066
cell_22_01,2026-03,era5_wind_speed_mean,2.4575,2.5074,0.3299,3,-0.0499,-0.102
cell_22_02,2026-03,ndvi_mean,0.3283,0.3767,0.0181,3,-0.0484,-1.8022
cell_22_02,2026-03,ndbi_mean,0.0232,-0.0373,0.008,3,0.0605,5.1046
cell_22_02,2026-03,ndwi_mean,-0.3338,-0.3681,0.0058,3,0.0343,3.9844
cell_22_02,2026-03,viirs_avg_rad_mean,35.4154,32.8447,0.0257,3,2.5707,67.4673
cell_22_02,2026-03,era5_temperature_mean,23.5051,22.2202,0.4712,3,1.2849,1.8393
cell_22_02,2026-03,era5_precipitation_total,27.401,39.4606,26.5335,3,-12.0596,-0.3066
cell_22_02,2026-03,era5_wind_speed_mean,2.4575,2.5074,0.3299,3,-0.0499,-0.102
cell_22_03,2026-03,ndvi_mean,0.229,0.2911,0.0087,3,-0.0621,-4.8149
cell_22_03,2026-03,ndbi_mean,0.025,-0.0251,0.038,3,0.0501,0.8887
cell_22_03,2026-03,ndwi_mean,-0.2086,-0.2674,0.0037,3,0.0588,10.7267
cell_22_03,2026-03,viirs_avg_rad_mean,19.418,19.0385,0.5566,3,0.3795,0.4599
cell_22_03,2026-03,era5_temperature_mean,23.5051,22.2202,0.4712,3,1.2849,1.8393
cell_22_03,2026-03,era5_precipitation_total,27.401,39.4606,26.5335,3,-12.0596,-0.3066
cell_22_03,2026-03,era5_wind_speed_mean,2.4575,2.5074,0.3299,3,-0.0499,-0.102
cell_22_04,2026-03,ndvi_mean,0.4462,0.4624,0.0298,3,-0.0162,-0.3671
cell_22_04,2026-03,ndbi_mean,-0.1057,-0.1209,0.0117,3,0.0152,0.876
cell_22_04,2026-03,ndwi_mean,-0.4385,-0.4552,0.0278,3,0.0167,0.4051
cell_22_04,2026-03,viirs_avg_rad_mean,17.0423,15.4566,0.8742,3,1.5857,1.2234
cell_22_04,2026-03,era5_temperature_mean,23.5051,22.2202,0.4712,3,1.2849,1.8393
cell_22_04,2026-03,era5_precipitation_total,27.401,39.4606,26.5335,3,-12.0596,-0.3066
cell_22_04,2026-03,era5_wind_speed_mean,2.4575,2.5074,0.3299,3,-0.0499,-0.102
cell_22_05,2026-03,ndvi_mean,0.3949,0.3423,0.0253,3,0.0526,1.403
cell_22_05,2026-03,ndbi_mean,-0.0978,-0.0634,0.0028,3,-0.0344,-8.2833
cell_22_05,2026-03,ndwi_mean,-0.4005,-0.3659,0.0168,3,-0.0346,-1.3898
cell_22_05,2026-03,viirs_avg_rad_mean,15.7959,12.3443,1.5912,3,3.4516,1.4631
cell_22_05,2026-03,era5_temperature_mean,23.5051,22.2202,0.4712,3,1.2849,1.8393
cell_22_05,2026-03,era5_precipitation_total,27.401,39.4606,26.5335,3,-12.0596,-0.3066
cell_22_05,2026-03,era5_wind_speed_mean,2.4575,2.5074,0.3299,3,-0.0499,-0.102
cell_22_06,2026-03,ndvi_mean,0.4946,0.448,0.0131,3,0.0466,2.3996
cell_22_06,2026-03,ndbi_mean,-0.1648,-0.144,0.0064,3,-0.0208,-2.1921
cell_22_06,2026-03,ndwi_mean,-0.4923,-0.4545,0.013,3,-0.0378,-1.9617
cell_22_06,2026-03,viirs_avg_rad_mean,14.8467,10.8692,0.3782,3,3.9775,7.0936
cell_22_06,2026-03,era5_temperature_mean,23.5051,22.2202,0.4712,3,1.2849,1.8393
cell_22_06,2026-03,era5_precipitation_total,27.401,39.4606,26.5335,3,-12.0596,-0.3066
cell_22_06,2026-03,era5_wind_speed_mean,2.4575,2.5074,0.3299,3,-0.0499,-0.102
cell_22_07,2026-03,ndvi_mean,0.4251,0.3965,0.0261,3,0.0286,0.738
cell_22_07,2026-03,ndbi_mean,-0.1154,-0.1206,0.0187,3,0.0052,0.1893
cell_22_07,2026-03,ndwi_mean,-0.4316,-0.4159,0.0203,3,-0.0157,-0.5211
cell_22_07,2026-03,viirs_avg_rad_mean,16.0392,14.7748,1.2413,3,1.2644,0.687
cell_22_07,2026-03,era5_temperature_mean,23.5051,22.2202,0.4712,3,1.2849,1.8393
cell_22_07,2026-03,era5_precipitation_total,27.401,39.4606,26.5335,3,-12.0596,-0.3066
cell_22_07,2026-03,era5_wind_speed_mean,2.4575,2.5074,0.3299,3,-0.0499,-0.102
cell_22_08,2026-03,ndvi_mean,0.4027,0.3569,0.0058,3,0.0458,5.3307
cell_22_08,2026-03,ndbi_mean,-0.0822,-0.0713,0.0155,3,-0.0109,-0.4728
cell_22_08,2026-03,ndwi_mean,-0.4232,-0.3706,0.0005,3,-0.0526,-70.9443
cell_22_08,2026-03,viirs_avg_rad_mean,29.2444,32.5037,4.2946,3,-3.2593,-0.5119
cell_22_08,2026-03,era5_temperature_mean,23.5051,22.2202,0.4712,3,1.2849,1.8393
cell_22_08,2026-03,era5_precipitation_total,27.401,39.4606,26.5335,3,-12.0596,-0.3066
cell_22_08,2026-03,era5_wind_speed_mean,2.4575,2.5074,0.3299,3,-0.0499,-0.102
cell_22_09,2026-03,ndvi_mean,0.2812,0.2821,0.0076,3,-0.0009,-0.0801
cell_22_09,2026-03,ndbi_mean,0.0097,-0.0154,0.0072,3,0.0251,2.3489
cell_22_09,2026-03,ndwi_mean,-0.3283,-0.3161,0.0066,3,-0.0122,-1.2466
cell_22_09,2026-03,viirs_avg_rad_mean,50.3921,48.4373,1.0646,3,1.9548,1.2385
cell_22_09,2026-03,era5_temperature_mean,23.5051,22.2202,0.4712,3,1.2849,1.8393
cell_22_09,2026-03,era5_precipitation_total,27.401,39.4606,26.5335,3,-12.0596,-0.3066
cell_22_09,2026-03,era5_wind_speed_mean,2.4575,2.5074,0.3299,3,-0.0499,-0.102
cell_22_10,2026-03,ndvi_mean,0.3875,0.3617,0.0078,3,0.0258,2.2293
cell_22_10,2026-03,ndbi_mean,-0.0346,-0.0486,0.0031,3,0.014,3.0412
cell_22_10,2026-03,ndwi_mean,-0.41,-0.3821,0.0082,3,-0.0279,-2.2908
cell_22_10,2026-03,viirs_avg_rad_mean,45.5906,43.899,0.2168,3,1.6916,5.2629
cell_22_10,2026-03,era5_temperature_mean,23.4861,22.2104,0.5112,3,1.2757,1.6833
cell_22_10,2026-03,era5_precipitation_total,25.6328,40.5181,26.2016,3,-14.8853,-0.3832
cell_22_10,2026-03,era5_wind_speed_mean,2.4442,2.5023,0.3197,3,-0.0581,-0.1225
cell_22_11,2026-03,ndvi_mean,0.3638,0.3907,0.0164,3,-0.0269,-1.1062
cell_22_11,2026-03,ndbi_mean,-0.0727,-0.0976,0.0054,3,0.0249,3.1077
cell_22_11,2026-03,ndwi_mean,-0.3862,-0.3932,0.029,3,0.007,0.1634
cell_22_11,2026-03,viirs_avg_rad_mean,36.1383,37.2528,0.4615,3,-1.1145,-1.6289
cell_22_11,2026-03,era5_temperature_mean,23.4861,22.2104,0.5112,3,1.2757,1.6833
cell_22_11,2026-03,era5_precipitation_total,25.6328,40.5181,26.2016,3,-14.8853,-0.3832
cell_22_11,2026-03,era5_wind_speed_mean,2.4442,2.5023,0.3197,3,-0.0581,-0.1225
cell_22_12,2026-03,ndvi_mean,0.1761,0.1859,0.0019,3,-0.0098,-3.4965
cell_22_12,2026-03,ndbi_mean,0.0315,0.0085,0.0031,3,0.023,4.9954
cell_22_12,2026-03,ndwi_mean,-0.2441,-0.2352,0.0012,3,-0.0089,-4.983
cell_22_12,2026-03,viirs_avg_rad_mean,45.5077,39.942,1.0068,3,5.5657,3.7287
cell_22_12,2026-03,era5_temperature_mean,23.4861,22.2104,0.5112,3,1.2757,1.6833
cell_22_12,2026-03,era5_precipitation_total,25.6328,40.5181,26.2016,3,-14.8853,-0.3832
cell_22_12,2026-03,era5_wind_speed_mean,2.4442,2.5023,0.3197,3,-0.0581,-0.1225
cell_22_13,2026-03,ndvi_mean,0.2521,0.264,0.0032,3,-0.0119,-2.5052
cell_22_13,2026-03,ndbi_mean,0.0217,-0.0,0.0023,3,0.0217,6.3663
cell_22_13,2026-03,ndwi_mean,-0.309,-0.3052,0.0053,3,-0.0038,-0.4868
cell_22_13,2026-03,viirs_avg_rad_mean,51.7605,45.8176,0.5223,3,5.9429,7.6745
cell_22_13,2026-03,era5_temperature_mean,23.4861,22.2104,0.5112,3,1.2757,1.6833
cell_22_13,2026-03,era5_precipitation_total,25.6328,40.5181,26.2016,3,-14.8853,-0.3832
cell_22_13,2026-03,era5_wind_speed_mean,2.4442,2.5023,0.3197,3,-0.0581,-0.1225
cell_22_14,2026-03,ndvi_mean,0.2992,0.287,0.0008,3,0.0122,10.2898
cell_22_14,2026-03,ndbi_mean,0.0176,0.006,0.0066,3,0.0116,1.1899
cell_22_14,2026-03,ndwi_mean,-0.3494,-0.3281,0.0062,3,-0.0213,-2.32
cell_22_14,2026-03,viirs_avg_rad_mean,58.1767,52.6059,0.884,3,5.5708,4.2505
cell_22_14,2026-03,era5_temperature_mean,23.4861,22.2104,0.5112,3,1.2757,1.6833
cell_22_14,2026-03,era5_precipitation_total,25.6328,40.5181,26.2016,3,-14.8853,-0.3832
cell_22_14,2026-03,era5_wind_speed_mean,2.4442,2.5023,0.3197,3,-0.0581,-0.1225
cell_22_15,2026-03,ndvi_mean,0.297,0.285,0.0095,3,0.012,0.8542
cell_22_15,2026-03,ndbi_mean,0.0399,0.0217,0.0005,3,0.0182,24.6135
cell_22_15,2026-03,ndwi_mean,-0.3484,-0.321,0.011,3,-0.0274,-1.6803
cell_22_15,2026-03,viirs_avg_rad_mean,60.5712,55.0299,1.3807,3,5.5413,2.707
cell_22_15,2026-03,era5_temperature_mean,23.4861,22.2104,0.5112,3,1.2757,1.6833
cell_22_15,2026-03,era5_precipitation_total,25.6328,40.5181,26.2016,3,-14.8853,-0.3832
cell_22_15,2026-03,era5_wind_speed_mean,2.4442,2.5023,0.3197,3,-0.0581,-0.1225
cell_22_16,2026-03,ndvi_mean,0.1445,0.1562,0.0049,3,-0.0117,-1.605
cell_22_16,2026-03,ndbi_mean,0.0719,0.0558,0.0083,3,0.0161,1.3053
cell_22_16,2026-03,ndwi_mean,-0.2094,-0.2189,0.0011,3,0.0095,5.8223
cell_22_16,2026-03,viirs_avg_rad_mean,57.1414,56.6915,3.5645,3,0.4499,0.0851
cell_22_16,2026-03,era5_temperature_mean,23.4861,22.2104,0.5112,3,1.2757,1.6833
cell_22_16,2026-03,era5_precipitation_total,25.6328,40.5181,26.2016,3,-14.8853,-0.3832
cell_22_16,2026-03,era5_wind_speed_mean,2.4442,2.5023,0.3197,3,-0.0581,-0.1225
cell_22_17,2026-03,ndvi_mean,0.2109,0.215,0.0005,3,-0.0041,-5.5106
cell_22_17,2026-03,ndbi_mean,0.0215,-0.0002,0.0008,3,0.0217,18.3052
cell_22_17,2026-03,ndwi_mean,-0.2777,-0.2704,0.0008,3,-0.0073,-6.1587
cell_22_17,2026-03,viirs_avg_rad_mean,55.4825,56.5799,4.8208,3,-1.0974,-0.1535
cell_22_17,2026-03,era5_temperature_mean,23.4861,22.2104,0.5112,3,1.2757,1.6833
cell_22_17,2026-03,era5_precipitation_total,25.6328,40.5181,26.2016,3,-14.8853,-0.3832
cell_22_17,2026-03,era5_wind_speed_mean,2.4442,2.5023,0.3197,3,-0.0581,-0.1225
cell_22_18,2026-03,ndvi_mean,0.2513,0.2597,0.001,3,-0.0084,-5.6703
cell_22_18,2026-03,ndbi_mean,0.0054,-0.0183,0.0008,3,0.0237,20.0091
cell_22_18,2026-03,ndwi_mean,-0.3096,-0.298,0.0027,3,-0.0116,-2.8916
cell_22_18,2026-03,viirs_avg_rad_mean,53.8447,58.0308,7.0839,3,-4.1861,-0.3986
cell_22_18,2026-03,era5_temperature_mean,23.4861,22.2104,0.5112,3,1.2757,1.6833
cell_22_18,2026-03,era5_precipitation_total,25.6328,40.5181,26.2016,3,-14.8853,-0.3832
cell_22_18,2026-03,era5_wind_speed_mean,2.4442,2.5023,0.3197,3,-0.0581,-0.1225
cell_22_19,2026-03,ndvi_mean,0.1822,0.1929,0.0017,3,-0.0107,-4.2456
cell_22_19,2026-03,ndbi_mean,0.0353,0.0102,0.0077,3,0.0251,2.1943
cell_22_19,2026-03,ndwi_mean,-0.2441,-0.2409,0.0033,3,-0.0032,-0.6632
cell_22_19,2026-03,viirs_avg_rad_mean,50.9059,56.3036,3.5698,3,-5.3977,-1.0199
cell_22_19,2026-03,era5_temperature_mean,23.4861,22.2104,0.5112,3,1.2757,1.6833
cell_22_19,2026-03,era5_precipitation_total,25.6328,40.5181,26.2016,3,-14.8853,-0.3832
cell_22_19,2026-03,era5_wind_speed_mean,2.4442,2.5023,0.3197,3,-0.0581,-0.1225
