{
  "type": "FeatureCollection",
  "name": "study_area_500m_grid",
  "crs": {
    "type": "name",
    "properties": {
      "name": "urn:ogc:def:crs:OGC:1.3:CRS84"
    }
  },
  "metadata": {
    "num_rows": 23,
    "num_cols": 20,
    "total_cells": 460,
    "cell_size_meters": 500,
    "bbox": {
      "min_lon": 77.25,
      "min_lat": 28.5,
      "max_lon": 77.35,
      "max_lat": 28.6
    }
  },
  "features": [
    {
      "type": "Feature",
      "id": "cell_00_00",
      "properties": {
        "cell_id": "cell_00_00",
        "row": 0,
        "col": 0,
        "index": 0,
        "centroid_lon": 77.2525,
        "centroid_lat": 28.502174,
        "min_lon": 77.25,
        "min_lat": 28.5,
        "max_lon": 77.255,
        "max_lat": 28.504348,
        "approx_width_m": 488.4,
        "approx_height_m": 483.5
      },
      "geometry": {
        "type": "Polygon",
        "coordinates": [
          [
            [
              77.25,
              28.5
            ],
            [
              77.255,
              28.5
            ],
            [
              77.255,
              28.504348
            ],
            [
              77.25,
              28.504348
            ],
            [
              77.25,
              28.5
            ]
          ]
        ]
      }
    },
    {
      "type": "Feature",
      "id": "cell_00_01",
      "properties": {
        "cell_id": "cell_00_01",
        "row": 0,
        "col": 1,
        "index": 1,
        "centroid_lon": 77.2575,
        "centroid_lat": 28.502174,
        "min_lon": 77.255,
        "min_lat": 28.5,
        "max_lon": 77.26,
        "max_lat": 28.504348,
        "approx_width_m": 488.4,
        "approx_height_m": 483.5
      },
      "geometry": {
        "type": "Polygon",
        "coordinates": [
          [
            [
              77.255,
              28.5
            ],
            [
              77.26,
              28.5
            ],
            [
              77.26,
              28.504348
            ],
            [
              77.255,
              28.504348
            ],
            [
              77.255,
              28.5
            ]
          ]
        ]
      }
    },
    {
      "type": "Feature",
      "id": "cell_00_02",
      "properties": {
        "cell_id": "cell_00_02",
        "row": 0,
        "col": 2,
        "index": 2,
        "centroid_lon": 77.2625,
        "centroid_lat": 28.502174,
        "min_lon": 77.26,
        "min_lat": 28.5,
        "max_lon": 77.265,
        "max_lat": 28.504348,
        "approx_width_m": 488.4,
        "approx_height_m": 483.5
      },
      "geometry": {
        "type": "Polygon",
        "coordinates": [
          [
            [
              77.26,
              28.5
            ],
            [
              77.265,
              28.5
            ],
            [
              77.265,
              28.504348
            ],
            [
              77.26,
              28.504348
            ],
            [
              77.26,
              28.5
            ]
          ]
        ]
      }
    },
    {
      "type": "Feature",
      "id": "cell_00_03",
      "properties": {
        "cell_id": "cell_00_03",
        "row": 0,
        "col": 3,
        "index": 3,
        "centroid_lon": 77.2675,
        "centroid_lat": 28.502174,
        "min_lon": 77.265,
        "min_lat": 28.5,
        "max_lon": 77.27,
        "max_lat": 28.504348,
        "approx_width_m": 488.4,
        "approx_height_m": 483.5
      },
      "geometry": {
        "type": "Polygon",
        "coordinates": [
          [
            [
              77.265,
              28.5
            ],
            [
              77.27,
              28.5
            ],
            [
              77.27,
              28.504348
            ],
            [
              77.265,
              28.504348
            ],
            [
              77.265,
              28.5
            ]
          ]
        ]
      }
    },
    {
      "type": "Feature",
      "id": "cell_00_04",
      "properties": {
        "cell_id": "cell_00_04",
        "row": 0,
        "col": 4,
        "index": 4,
        "centroid_lon": 77.2725,
        "centroid_lat": 28.502174,
        "min_lon": 77.27,
        "min_lat": 28.5,
        "max_lon": 77.275,
        "max_lat": 28.504348,
        "approx_width_m": 488.4,
        "approx_height_m": 483.5
      },
      "geometry": {
        "type": "Polygon",
        "coordinates": [
          [
            [
              77.27,
              28.5
            ],
            [
              77.275,
              28.5
            ],
            [
              77.275,
              28.504348
            ],
            [
              77.27,
              28.504348
            ],
            [
              77.27,
              28.5
            ]
          ]
        ]
      }
    },
    {
      "type": "Feature",
      "id": "cell_00_05",
      "properties": {
        "cell_id": "cell_00_05",
        "row": 0,
        "col": 5,
        "index": 5,
        "centroid_lon": 77.2775,
        "centroid_lat": 28.502174,
        "min_lon": 77.275,
        "min_lat": 28.5,
        "max_lon": 77.28,
        "max_lat": 28.504348,
        "approx_width_m": 488.4,
        "approx_height_m": 483.5
      },
      "geometry": {
        "type": "Polygon",
        "coordinates": [
          [
            [
              77.275,
              28.5
            ],
            [
              77.28,
              28.5
            ],
            [
              77.28,
              28.504348
            ],
            [
              77.275,
              28.504348
            ],
            [
              77.275,
              28.5
            ]
          ]
        ]
      }
    },
    {
      "type": "Feature",
      "id": "cell_00_06",
      "properties": {
        "cell_id": "cell_00_06",
        "row": 0,
        "col": 6,
        "index": 6,
        "centroid_lon": 77.2825,
        "centroid_lat": 28.502174,
        "min_lon": 77.28,
        "min_lat": 28.5,
        "max_lon": 77.285,
        "max_lat": 28.504348,
        "approx_width_m": 488.4,
        "approx_height_m": 483.5
      },
      "geometry": {
        "type": "Polygon",
        "coordinates": [
          [
            [
              77.28,
              28.5
            ],
            [
              77.285,
              28.5
            ],
            [
              77.285,
              28.504348
            ],
            [
              77.28,
              28.504348
            ],
            [
              77.28,
              28.5
            ]
          ]
        ]
      }
    },
    {
      "type": "Feature",
      "id": "cell_00_07",
      "properties": {
        "cell_id": "cell_00_07",
        "row": 0,
        "col": 7,
        "index": 7,
        "centroid_lon": 77.2875,
        "centroid_lat": 28.502174,
        "min_lon": 77.285,
        "min_lat": 28.5,
        "max_lon": 77.29,
        "max_lat": 28.504348,
        "approx_width_m": 488.4,
        "approx_height_m": 483.5
      },
      "geometry": {
        "type": "Polygon",
        "coordinates": [
          [
            [
              77.285,
              28.5
            ],
            [
              77.29,
              28.5
            ],
            [
              77.29,
              28.504348
            ],
            [
              77.285,
              28.504348
            ],
            [
              77.285,
              28.5
            ]
          ]
        ]
      }
    },
    {
      "type": "Feature",
      "id": "cell_00_08",
      "properties": {
        "cell_id": "cell_00_08",
        "row": 0,
        "col": 8,
        "index": 8,
        "centroid_lon": 77.2925,
        "centroid_lat": 28.502174,
        "min_lon": 77.29,
        "min_lat": 28.5,
        "max_lon": 77.295,
        "max_lat": 28.504348,
        "approx_width_m": 488.4,
        "approx_height_m": 483.5
      },
      "geometry": {
        "type": "Polygon",
        "coordinates": [
          [
            [
              77.29,
              28.5
            ],
            [
              77.295,
              28.5
            ],
            [
              77.295,
              28.504348
            ],
            [
              77.29,
              28.504348
            ],
            [
              77.29,
              28.5
            ]
          ]
        ]
      }
    },
    {
      "type": "Feature",
      "id": "cell_00_09",
      "properties": {
        "cell_id": "cell_00_09",
        "row": 0,
        "col": 9,
        "index": 9,
        "centroid_lon": 77.2975,
        "centroid_lat": 28.502174,
        "min_lon": 77.295,
        "min_lat": 28.5,
        "max_lon": 77.3,
        "max_lat": 28.504348,
        "approx_width_m": 488.4,
        "approx_height_m": 483.5
      },
      "geometry": {
        "type": "Polygon",
        "coordinates": [
          [
            [
              77.295,
              28.5
            ],
            [
              77.3,
              28.5
            ],
            [
              77.3,
              28.504348
            ],
            [
              77.295,
              28.504348
            ],
            [
              77.295,
              28.5
            ]
          ]
        ]
      }
    },
    {
      "type": "Feature",
      "id": "cell_00_10",
      "properties": {
        "cell_id": "cell_00_10",
        "row": 0,
        "col": 10,
        "index": 10,
        "centroid_lon": 77.3025,
        "centroid_lat": 28.502174,
        "min_lon": 77.3,
        "min_lat": 28.5,
        "max_lon": 77.305,
        "max_lat": 28.504348,
        "approx_width_m": 488.4,
        "approx_height_m": 483.5
      },
      "geometry": {
        "type": "Polygon",
        "coordinates": [
          [
            [
              77.3,
              28.5
            ],
            [
              77.305,
              28.5
            ],
            [
              77.305,
              28.504348
            ],
            [
              77.3,
              28.504348
            ],
            [
              77.3,
              28.5
            ]
          ]
        ]
      }
    },
    {
      "type": "Feature",
      "id": "cell_00_11",
      "properties": {
        "cell_id": "cell_00_11",
        "row": 0,
        "col": 11,
        "index": 11,
        "centroid_lon": 77.3075,
        "centroid_lat": 28.502174,
        "min_lon": 77.305,
        "min_lat": 28.5,
        "max_lon": 77.31,
        "max_lat": 28.504348,
        "approx_width_m": 488.4,
        "approx_height_m": 483.5
      },
      "geometry": {
        "type": "Polygon",
        "coordinates": [
          [
            [
              77.305,
              28.5
            ],
            [
              77.31,
              28.5
            ],
            [
              77.31,
              28.504348
            ],
            [
              77.305,
              28.504348
            ],
            [
              77.305,
              28.5
            ]
          ]
        ]
      }
    },
    {
      "type": "Feature",
      "id": "cell_00_12",
      "properties": {
        "cell_id": "cell_00_12",
        "row": 0,
        "col": 12,
        "index": 12,
        "centroid_lon": 77.3125,
        "centroid_lat": 28.502174,
        "min_lon": 77.31,
        "min_lat": 28.5,
        "max_lon": 77.315,
        "max_lat": 28.504348,
        "approx_width_m": 488.4,
        "approx_height_m": 483.5
      },
      "geometry": {
        "type": "Polygon",
        "coordinates": [
          [
            [
              77.31,
              28.5
            ],
            [
              77.315,
              28.5
            ],
            [
              77.315,
              28.504348
            ],
            [
              77.31,
              28.504348
            ],
            [
              77.31,
              28.5
            ]
          ]
        ]
      }
    },
    {
      "type": "Feature",
      "id": "cell_00_13",
      "properties": {
        "cell_id": "cell_00_13",
        "row": 0,
        "col": 13,
        "index": 13,
        "centroid_lon": 77.3175,
        "centroid_lat": 28.502174,
        "min_lon": 77.315,
        "min_lat": 28.5,
        "max_lon": 77.32,
        "max_lat": 28.504348,
        "approx_width_m": 488.4,
        "approx_height_m": 483.5
      },
      "geometry": {
        "type": "Polygon",
        "coordinates": [
          [
            [
              77.315,
              28.5
            ],
            [
              77.32,
              28.5
            ],
            [
              77.32,
              28.504348
            ],
            [
              77.315,
              28.504348
            ],
            [
              77.315,
              28.5
            ]
          ]
        ]
      }
    },
    {
      "type": "Feature",
      "id": "cell_00_14",
      "properties": {
        "cell_id": "cell_00_14",
        "row": 0,
        "col": 14,
        "index": 14,
        "centroid_lon": 77.3225,
        "centroid_lat": 28.502174,
        "min_lon": 77.32,
        "min_lat": 28.5,
        "max_lon": 77.325,
        "max_lat": 28.504348,
        "approx_width_m": 488.4,
        "approx_height_m": 483.5
      },
      "geometry": {
        "type": "Polygon",
        "coordinates": [
          [
            [
              77.32,
              28.5
            ],
            [
              77.325,
              28.5
            ],
            [
              77.325,
              28.504348
            ],
            [
              77.32,
              28.504348
            ],
            [
              77.32,
              28.5
            ]
          ]
        ]
      }
    },
    {
      "type": "Feature",
      "id": "cell_00_15",
      "properties": {
        "cell_id": "cell_00_15",
        "row": 0,
        "col": 15,
        "index": 15,
        "centroid_lon": 77.3275,
        "centroid_lat": 28.502174,
        "min_lon": 77.325,
        "min_lat": 28.5,
        "max_lon": 77.33,
        "max_lat": 28.504348,
        "approx_width_m": 488.4,
        "approx_height_m": 483.5
      },
      "geometry": {
        "type": "Polygon",
        "coordinates": [
          [
            [
              77.325,
              28.5
            ],
            [
              77.33,
              28.5
            ],
            [
              77.33,
              28.504348
            ],
            [
              77.325,
              28.504348
            ],
            [
              77.325,
              28.5
            ]
          ]
        ]
      }
    },
    {
      "type": "Feature",
      "id": "cell_00_16",
      "properties": {
        "cell_id": "cell_00_16",
        "row": 0,
        "col": 16,
        "index": 16,
        "centroid_lon": 77.3325,
        "centroid_lat": 28.502174,
        "min_lon": 77.33,
        "min_lat": 28.5,
        "max_lon": 77.335,
        "max_lat": 28.504348,
        "approx_width_m": 488.4,
        "approx_height_m": 483.5
      },
      "geometry": {
        "type": "Polygon",
        "coordinates": [
          [
            [
              77.33,
              28.5
            ],
            [
              77.335,
              28.5
            ],
            [
              77.335,
              28.504348
            ],
            [
              77.33,
              28.504348
            ],
            [
              77.33,
              28.5
            ]
          ]
        ]
      }
    },
    {
      "type": "Feature",
      "id": "cell_00_17",
      "properties": {
        "cell_id": "cell_00_17",
        "row": 0,
        "col": 17,
        "index": 17,
        "centroid_lon": 77.3375,
        "centroid_lat": 28.502174,
        "min_lon": 77.335,
        "min_lat": 28.5,
        "max_lon": 77.34,
        "max_lat": 28.504348,
        "approx_width_m": 488.4,
        "approx_height_m": 483.5
      },
      "geometry": {
        "type": "Polygon",
        "coordinates": [
          [
            [
              77.335,
              28.5
            ],
            [
              77.34,
              28.5
            ],
            [
              77.34,
              28.504348
            ],
            [
              77.335,
              28.504348
            ],
            [
              77.335,
              28.5
            ]
          ]
        ]
      }
    },
    {
      "type": "Feature",
      "id": "cell_00_18",
      "properties": {
        "cell_id": "cell_00_18",
        "row": 0,
        "col": 18,
        "index": 18,
        "centroid_lon": 77.3425,
        "centroid_lat": 28.502174,
        "min_lon": 77.34,
        "min_lat": 28.5,
        "max_lon": 77.345,
        "max_lat": 28.504348,
        "approx_width_m": 488.4,
        "approx_height_m": 483.5
      },
      "geometry": {
        "type": "Polygon",
        "coordinates": [
          [
            [
              77.34,
              28.5
            ],
            [
              77.345,
              28.5
            ],
            [
              77.345,
              28.504348
            ],
            [
              77.34,
              28.504348
            ],
            [
              77.34,
              28.5
            ]
          ]
        ]
      }
    },
    {
      "type": "Feature",
      "id": "cell_00_19",
      "properties": {
        "cell_id": "cell_00_19",
        "row": 0,
        "col": 19,
        "index": 19,
        "centroid_lon": 77.3475,
        "centroid_lat": 28.502174,
        "min_lon": 77.345,
        "min_lat": 28.5,
        "max_lon": 77.35,
        "max_lat": 28.504348,
        "approx_width_m": 488.4,
        "approx_height_m": 483.5
      },
      "geometry": {
        "type": "Polygon",
        "coordinates": [
          [
            [
              77.345,
              28.5
            ],
            [
              77.35,
              28.5
            ],
            [
              77.35,
              28.504348
            ],
            [
              77.345,
              28.504348
            ],
            [
              77.345,
              28.5
            ]
          ]
        ]
      }
    },
    {
      "type": "Feature",
      "id": "cell_01_00",
      "properties": {
        "cell_id": "cell_01_00",
        "row": 1,
        "col": 0,
        "index": 20,
        "centroid_lon": 77.2525,
        "centroid_lat": 28.506522,
        "min_lon": 77.25,
        "min_lat": 28.504348,
        "max_lon": 77.255,
        "max_lat": 28.508696,
        "approx_width_m": 488.4,
        "approx_height_m": 483.5
      },
      "geometry": {
        "type": "Polygon",
        "coordinates": [
          [
            [
              77.25,
              28.504348
            ],
            [
              77.255,
              28.504348
            ],
            [
              77.255,
              28.508696
            ],
            [
              77.25,
              28.508696
            ],
            [
              77.25,
              28.504348
            ]
          ]
        ]
      }
    },
    {
      "type": "Feature",
      "id": "cell_01_01",
      "properties": {
        "cell_id": "cell_01_01",
        "row": 1,
        "col": 1,
        "index": 21,
        "centroid_lon": 77.2575,
        "centroid_lat": 28.506522,
        "min_lon": 77.255,
        "min_lat": 28.504348,
        "max_lon": 77.26,
        "max_lat": 28.508696,
        "approx_width_m": 488.4,
        "approx_height_m": 483.5
      },
      "geometry": {
        "type": "Polygon",
        "coordinates": [
          [
            [
              77.255,
              28.504348
            ],
            [
              77.26,
              28.504348
            ],
            [
              77.26,
              28.508696
            ],
            [
              77.255,
              28.508696
            ],
            [
              77.255,
              28.504348
            ]
          ]
        ]
      }
    },
    {
      "type": "Feature",
      "id": "cell_01_02",
      "properties": {
        "cell_id": "cell_01_02",
        "row": 1,
        "col": 2,
        "index": 22,
        "centroid_lon": 77.2625,
        "centroid_lat": 28.506522,
        "min_lon": 77.26,
        "min_lat": 28.504348,
        "max_lon": 77.265,
        "max_lat": 28.508696,
        "approx_width_m": 488.4,
        "approx_height_m": 483.5
      },
      "geometry": {
        "type": "Polygon",
        "coordinates": [
          [
            [
              77.26,
              28.504348
            ],
            [
              77.265,
              28.504348
            ],
            [
              77.265,
              28.508696
            ],
            [
              77.26,
              28.508696
            ],
            [
              77.26,
              28.504348
            ]
          ]
        ]
      }
    },
    {
      "type": "Feature",
      "id": "cell_01_03",
      "properties": {
        "cell_id": "cell_01_03",
        "row": 1,
        "col": 3,
        "index": 23,
        "centroid_lon": 77.2675,
        "centroid_lat": 28.506522,
        "min_lon": 77.265,
        "min_lat": 28.504348,
        "max_lon": 77.27,
        "max_lat": 28.508696,
        "approx_width_m": 488.4,
        "approx_height_m": 483.5
      },
      "geometry": {
        "type": "Polygon",
        "coordinates": [
          [
            [
              77.265,
              28.504348
            ],
            [
              77.27,
              28.504348
            ],
            [
              77.27,
              28.508696
            ],
            [
              77.265,
              28.508696
            ],
            [
              77.265,
              28.504348
            ]
          ]
        ]
      }
    },
    {
      "type": "Feature",
      "id": "cell_01_04",
      "properties": {
        "cell_id": "cell_01_04",
        "row": 1,
        "col": 4,
        "index": 24,
        "centroid_lon": 77.2725,
        "centroid_lat": 28.506522,
        "min_lon": 77.27,
        "min_lat": 28.504348,
        "max_lon": 77.275,
        "max_lat": 28.508696,
        "approx_width_m": 488.4,
        "approx_height_m": 483.5
      },
      "geometry": {
        "type": "Polygon",
        "coordinates": [
          [
            [
              77.27,
              28.504348
            ],
            [
              77.275,
              28.504348
            ],
            [
              77.275,
              28.508696
            ],
            [
              77.27,
              28.508696
            ],
            [
              77.27,
              28.504348
            ]
          ]
        ]
      }
    },
    {
      "type": "Feature",
      "id": "cell_01_05",
      "properties": {
        "cell_id": "cell_01_05",
        "row": 1,
        "col": 5,
        "index": 25,
        "centroid_lon": 77.2775,
        "centroid_lat": 28.506522,
        "min_lon": 77.275,
        "min_lat": 28.504348,
        "max_lon": 77.28,
        "max_lat": 28.508696,
        "approx_width_m": 488.4,
        "approx_height_m": 483.5
      },
      "geometry": {
        "type": "Polygon",
        "coordinates": [
          [
            [
              77.275,
              28.504348
            ],
            [
              77.28,
              28.504348
            ],
            [
              77.28,
              28.508696
            ],
            [
              77.275,
              28.508696
            ],
            [
              77.275,
              28.504348
            ]
          ]
        ]
      }
    },
    {
      "type": "Feature",
      "id": "cell_01_06",
      "properties": {
        "cell_id": "cell_01_06",
        "row": 1,
        "col": 6,
        "index": 26,
        "centroid_lon": 77.2825,
        "centroid_lat": 28.506522,
        "min_lon": 77.28,
        "min_lat": 28.504348,
        "max_lon": 77.285,
        "max_lat": 28.508696,
        "approx_width_m": 488.4,
        "approx_height_m": 483.5
      },
      "geometry": {
        "type": "Polygon",
        "coordinates": [
          [
            [
              77.28,
              28.504348
            ],
            [
              77.285,
              28.504348
            ],
            [
              77.285,
              28.508696
            ],
            [
              77.28,
              28.508696
            ],
            [
              77.28,
              28.504348
            ]
          ]
        ]
      }
    },
    {
      "type": "Feature",
      "id": "cell_01_07",
      "properties": {
        "cell_id": "cell_01_07",
        "row": 1,
        "col": 7,
        "index": 27,
        "centroid_lon": 77.2875,
        "centroid_lat": 28.506522,
        "min_lon": 77.285,
        "min_lat": 28.504348,
        "max_lon": 77.29,
        "max_lat": 28.508696,
        "approx_width_m": 488.4,
        "approx_height_m": 483.5
      },
      "geometry": {
        "type": "Polygon",
        "coordinates": [
          [
            [
              77.285,
              28.504348
            ],
            [
              77.29,
              28.504348
            ],
            [
              77.29,
              28.508696
            ],
            [
              77.285,
              28.508696
            ],
            [
              77.285,
              28.504348
            ]
          ]
        ]
      }
    },
    {
      "type": "Feature",
      "id": "cell_01_08",
      "properties": {
        "cell_id": "cell_01_08",
        "row": 1,
        "col": 8,
        "index": 28,
        "centroid_lon": 77.2925,
        "centroid_lat": 28.506522,
        "min_lon": 77.29,
        "min_lat": 28.504348,
        "max_lon": 77.295,
        "max_lat": 28.508696,
        "approx_width_m": 488.4,
        "approx_height_m": 483.5
      },
      "geometry": {
        "type": "Polygon",
        "coordinates": [
          [
            [
              77.29,
              28.504348
            ],
            [
              77.295,
              28.504348
            ],
            [
              77.295,
              28.508696
            ],
            [
              77.29,
              28.508696
            ],
            [
              77.29,
              28.504348
            ]
          ]
        ]
      }
    },
    {
      "type": "Feature",
      "id": "cell_01_09",
      "properties": {
        "cell_id": "cell_01_09",
        "row": 1,
        "col": 9,
        "index": 29,
        "centroid_lon": 77.2975,
        "centroid_lat": 28.506522,
        "min_lon": 77.295,
        "min_lat": 28.504348,
        "max_lon": 77.3,
        "max_lat": 28.508696,
        "approx_width_m": 488.4,
        "approx_height_m": 483.5
      },
      "geometry": {
        "type": "Polygon",
        "coordinates": [
          [
            [
              77.295,
              28.504348
            ],
            [
              77.3,
              28.504348
            ],
            [
              77.3,
              28.508696
            ],
            [
              77.295,
              28.508696
            ],
            [
              77.295,
              28.504348
            ]
          ]
        ]
      }
    },
    {
      "type": "Feature",
      "id": "cell_01_10",
      "properties": {
        "cell_id": "cell_01_10",
        "row": 1,
        "col": 10,
        "index": 30,
        "centroid_lon": 77.3025,
        "centroid_lat": 28.506522,
        "min_lon": 77.3,
        "min_lat": 28.504348,
        "max_lon": 77.305,
        "max_lat": 28.508696,
        "approx_width_m": 488.4,
        "approx_height_m": 483.5
      },
      "geometry": {
        "type": "Polygon",
        "coordinates": [
          [
            [
              77.3,
              28.504348
            ],
            [
              77.305,
              28.504348
            ],
            [
              77.305,
              28.508696
            ],
            [
              77.3,
              28.508696
            ],
            [
              77.3,
              28.504348
            ]
          ]
        ]
      }
    },
    {
      "type": "Feature",
      "id": "cell_01_11",
      "properties": {
        "cell_id": "cell_01_11",
        "row": 1,
        "col": 11,
        "index": 31,
        "centroid_lon": 77.3075,
        "centroid_lat": 28.506522,
        "min_lon": 77.305,
        "min_lat": 28.504348,
        "max_lon": 77.31,
        "max_lat": 28.508696,
        "approx_width_m": 488.4,
        "approx_height_m": 483.5
      },
      "geometry": {
        "type": "Polygon",
        "coordinates": [
          [
            [
              77.305,
              28.504348
            ],
            [
              77.31,
              28.504348
            ],
            [
              77.31,
              28.508696
            ],
            [
              77.305,
              28.508696
            ],
            [
              77.305,
              28.504348
            ]
          ]
        ]
      }
    },
    {
      "type": "Feature",
      "id": "cell_01_12",
      "properties": {
        "cell_id": "cell_01_12",
        "row": 1,
        "col": 12,
        "index": 32,
        "centroid_lon": 77.3125,
        "centroid_lat": 28.506522,
        "min_lon": 77.31,
        "min_lat": 28.504348,
        "max_lon": 77.315,
        "max_lat": 28.508696,
        "approx_width_m": 488.4,
        "approx_height_m": 483.5
      },
      "geometry": {
        "type": "Polygon",
        "coordinates": [
          [
            [
              77.31,
              28.504348
            ],
            [
              77.315,
              28.504348
            ],
            [
              77.315,
              28.508696
            ],
            [
              77.31,
              28.508696
            ],
            [
              77.31,
              28.504348
            ]
          ]
        ]
      }
    },
    {
      "type": "Feature",
      "id": "cell_01_13",
      "properties": {
        "cell_id": "cell_01_13",
        "row": 1,
        "col": 13,
        "index": 33,
        "centroid_lon": 77.3175,
        "centroid_lat": 28.506522,
        "min_lon": 77.315,
        "min_lat": 28.504348,
        "max_lon": 77.32,
        "max_lat": 28.508696,
        "approx_width_m": 488.4,
        "approx_height_m": 483.5
      },
      "geometry": {
        "type": "Polygon",
        "coordinates": [
          [
            [
              77.315,
              28.504348
            ],
            [
              77.32,
              28.504348
            ],
            [
              77.32,
              28.508696
            ],
            [
              77.315,
              28.508696
            ],
            [
              77.315,
              28.504348
            ]
          ]
        ]
      }
    },
    {
      "type": "Feature",
      "id": "cell_01_14",
      "properties": {
        "cell_id": "cell_01_14",
        "row": 1,
        "col": 14,
        "index": 34,
        "centroid_lon": 77.3225,
        "centroid_lat": 28.506522,
        "min_lon": 77.32,
        "min_lat": 28.504348,
        "max_lon": 77.325,
        "max_lat": 28.508696,
        "approx_width_m": 488.4,
        "approx_height_m": 483.5
      },
      "geometry": {
        "type": "Polygon",
        "coordinates": [
          [
            [
              77.32,
              28.504348
            ],
            [
              77.325,
              28.504348
            ],
            [
              77.325,
              28.508696
            ],
            [
              77.32,
              28.508696
            ],
            [
              77.32,
              28.504348
            ]
          ]
        ]
      }
    },
    {
      "type": "Feature",
      "id": "cell_01_15",
      "properties": {
        "cell_id": "cell_01_15",
        "row": 1,
        "col": 15,
        "index": 35,
        "centroid_lon": 77.3275,
        "centroid_lat": 28.506522,
        "min_lon": 77.325,
        "min_lat": 28.504348,
        "max_lon": 77.33,
        "max_lat": 28.508696,
        "approx_width_m": 488.4,
        "approx_height_m": 483.5
      },
      "geometry": {
        "type": "Polygon",
        "coordinates": [
          [
            [
              77.325,
              28.504348
            ],
            [
              77.33,
              28.504348
            ],
            [
              77.33,
              28.508696
            ],
            [
              77.325,
              28.508696
            ],
            [
              77.325,
              28.504348
            ]
          ]
        ]
      }
    },
    {
      "type": "Feature",
      "id": "cell_01_16",
      "properties": {
        "cell_id": "cell_01_16",
        "row": 1,
        "col": 16,
        "index": 36,
        "centroid_lon": 77.3325,
        "centroid_lat": 28.506522,
        "min_lon": 77.33,
        "min_lat": 28.504348,
        "max_lon": 77.335,
        "max_lat": 28.508696,
        "approx_width_m": 488.4,
        "approx_height_m": 483.5
      },
      "geometry": {
        "type": "Polygon",
        "coordinates": [
          [
            [
              77.33,
              28.504348
            ],
            [
              77.335,
              28.504348
            ],
            [
              77.335,
              28.508696
            ],
            [
              77.33,
              28.508696
            ],
            [
              77.33,
              28.504348
            ]
          ]
        ]
      }
    },
    {
      "type": "Feature",
      "id": "cell_01_17",
      "properties": {
        "cell_id": "cell_01_17",
        "row": 1,
        "col": 17,
        "index": 37,
        "centroid_lon": 77.3375,
        "centroid_lat": 28.506522,
        "min_lon": 77.335,
        "min_lat": 28.504348,
        "max_lon": 77.34,
        "max_lat": 28.508696,
        "approx_width_m": 488.4,
        "approx_height_m": 483.5
      },
      "geometry": {
        "type": "Polygon",
        "coordinates": [
          [
            [
              77.335,
              28.504348
            ],
            [
              77.34,
              28.504348
            ],
            [
              77.34,
              28.508696
            ],
            [
              77.335,
              28.508696
            ],
            [
              77.335,
              28.504348
            ]
          ]
        ]
      }
    },
    {
      "type": "Feature",
      "id": "cell_01_18",
      "properties": {
        "cell_id": "cell_01_18",
        "row": 1,
        "col": 18,
        "index": 38,
        "centroid_lon": 77.3425,
        "centroid_lat": 28.506522,
        "min_lon": 77.34,
        "min_lat": 28.504348,
        "max_lon": 77.345,
        "max_lat": 28.508696,
        "approx_width_m": 488.4,
        "approx_height_m": 483.5
      },
      "geometry": {
        "type": "Polygon",
        "coordinates": [
          [
            [
              77.34,
              28.504348
            ],
            [
              77.345,
              28.504348
            ],
            [
              77.345,
              28.508696
            ],
            [
              77.34,
              28.508696
            ],
            [
              77.34,
              28.504348
            ]
          ]
        ]
      }
    },
    {
      "type": "Feature",
      "id": "cell_01_19",
      "properties": {
        "cell_id": "cell_01_19",
        "row": 1,
        "col": 19,
        "index": 39,
        "centroid_lon": 77.3475,
        "centroid_lat": 28.506522,
        "min_lon": 77.345,
        "min_lat": 28.504348,
        "max_lon": 77.35,
        "max_lat": 28.508696,
        "approx_width_m": 488.4,
        "approx_height_m": 483.5
      },
      "geometry": {
        "type": "Polygon",
        "coordinates": [
          [
            [
              77.345,
              28.504348
            ],
            [
              77.35,
              28.504348
            ],
            [
              77.35,
              28.508696
            ],
            [
              77.345,
              28.508696
            ],
            [
              77.345,
              28.504348
            ]
          ]
        ]
      }
    },
    {
      "type": "Feature",
      "id": "cell_02_00",
      "properties": {
        "cell_id": "cell_02_00",
        "row": 2,
        "col": 0,
        "index": 40,
        "centroid_lon": 77.2525,
        "centroid_lat": 28.51087,
        "min_lon": 77.25,
        "min_lat": 28.508696,
        "max_lon": 77.255,
        "max_lat": 28.513043,
        "approx_width_m": 488.4,
        "approx_height_m": 483.5
      },
      "geometry": {
        "type": "Polygon",
        "coordinates": [
          [
            [
              77.25,
              28.508696
            ],
            [
              77.255,
              28.508696
            ],
            [
              77.255,
              28.513043
            ],
            [
              77.25,
              28.513043
            ],
            [
              77.25,
              28.508696
            ]
          ]
        ]
      }
    },
    {
      "type": "Feature",
      "id": "cell_02_01",
      "properties": {
        "cell_id": "cell_02_01",
        "row": 2,
        "col": 1,
        "index": 41,
        "centroid_lon": 77.2575,
        "centroid_lat": 28.51087,
        "min_lon": 77.255,
        "min_lat": 28.508696,
        "max_lon": 77.26,
        "max_lat": 28.513043,
        "approx_width_m": 488.4,
        "approx_height_m": 483.5
      },
      "geometry": {
        "type": "Polygon",
        "coordinates": [
          [
            [
              77.255,
              28.508696
            ],
            [
              77.26,
              28.508696
            ],
            [
              77.26,
              28.513043
            ],
            [
              77.255,
              28.513043
            ],
            [
              77.255,
              28.508696
            ]
          ]
        ]
      }
    },
    {
      "type": "Feature",
      "id": "cell_02_02",
      "properties": {
        "cell_id": "cell_02_02",
        "row": 2,
        "col": 2,
        "index": 42,
        "centroid_lon": 77.2625,
        "centroid_lat": 28.51087,
        "min_lon": 77.26,
        "min_lat": 28.508696,
        "max_lon": 77.265,
        "max_lat": 28.513043,
        "approx_width_m": 488.4,
        "approx_height_m": 483.5
      },
      "geometry": {
        "type": "Polygon",
        "coordinates": [
          [
            [
              77.26,
              28.508696
            ],
            [
              77.265,
              28.508696
            ],
            [
              77.265,
              28.513043
            ],
            [
              77.26,
              28.513043
            ],
            [
              77.26,
              28.508696
            ]
          ]
        ]
      }
    },
    {
      "type": "Feature",
      "id": "cell_02_03",
      "properties": {
        "cell_id": "cell_02_03",
        "row": 2,
        "col": 3,
        "index": 43,
        "centroid_lon": 77.2675,
        "centroid_lat": 28.51087,
        "min_lon": 77.265,
        "min_lat": 28.508696,
        "max_lon": 77.27,
        "max_lat": 28.513043,
        "approx_width_m": 488.4,
        "approx_height_m": 483.5
      },
      "geometry": {
        "type": "Polygon",
        "coordinates": [
          [
            [
              77.265,
              28.508696
            ],
            [
              77.27,
              28.508696
            ],
            [
              77.27,
              28.513043
            ],
            [
              77.265,
              28.513043
            ],
            [
              77.265,
              28.508696
            ]
          ]
        ]
      }
    },
    {
      "type": "Feature",
      "id": "cell_02_04",
      "properties": {
        "cell_id": "cell_02_04",
        "row": 2,
        "col": 4,
        "index": 44,
        "centroid_lon": 77.2725,
        "centroid_lat": 28.51087,
        "min_lon": 77.27,
        "min_lat": 28.508696,
        "max_lon": 77.275,
        "max_lat": 28.513043,
        "approx_width_m": 488.4,
        "approx_height_m": 483.5
      },
      "geometry": {
        "type": "Polygon",
        "coordinates": [
          [
            [
              77.27,
              28.508696
            ],
            [
              77.275,
              28.508696
            ],
            [
              77.275,
              28.513043
            ],
            [
              77.27,
              28.513043
            ],
            [
              77.27,
              28.508696
            ]
          ]
        ]
      }
    },
    {
      "type": "Feature",
      "id": "cell_02_05",
      "properties": {
        "cell_id": "cell_02_05",
        "row": 2,
        "col": 5,
        "index": 45,
        "centroid_lon": 77.2775,
        "centroid_lat": 28.51087,
        "min_lon": 77.275,
        "min_lat": 28.508696,
        "max_lon": 77.28,
        "max_lat": 28.513043,
        "approx_width_m": 488.4,
        "approx_height_m": 483.5
      },
      "geometry": {
        "type": "Polygon",
        "coordinates": [
          [
            [
              77.275,
              28.508696
            ],
            [
              77.28,
              28.508696
            ],
            [
              77.28,
              28.513043
            ],
            [
              77.275,
              28.513043
            ],
            [
              77.275,
              28.508696
            ]
          ]
        ]
      }
    },
    {
      "type": "Feature",
      "id": "cell_02_06",
      "properties": {
        "cell_id": "cell_02_06",
        "row": 2,
        "col": 6,
        "index": 46,
        "centroid_lon": 77.2825,
        "centroid_lat": 28.51087,
        "min_lon": 77.28,
        "min_lat": 28.508696,
        "max_lon": 77.285,
        "max_lat": 28.513043,
        "approx_width_m": 488.4,
        "approx_height_m": 483.5
      },
      "geometry": {
        "type": "Polygon",
        "coordinates": [
          [
            [
              77.28,
              28.508696
            ],
            [
              77.285,
              28.508696
            ],
            [
              77.285,
              28.513043
            ],
            [
              77.28,
              28.513043
            ],
            [
              77.28,
              28.508696
            ]
          ]
        ]
      }
    },
    {
      "type": "Feature",
      "id": "cell_02_07",
      "properties": {
        "cell_id": "cell_02_07",
        "row": 2,
        "col": 7,
        "index": 47,
        "centroid_lon": 77.2875,
        "centroid_lat": 28.51087,
        "min_lon": 77.285,
        "min_lat": 28.508696,
        "max_lon": 77.29,
        "max_lat": 28.513043,
        "approx_width_m": 488.4,
        "approx_height_m": 483.5
      },
      "geometry": {
        "type": "Polygon",
        "coordinates": [
          [
            [
              77.285,
              28.508696
            ],
            [
              77.29,
              28.508696
            ],
            [
              77.29,
              28.513043
            ],
            [
              77.285,
              28.513043
            ],
            [
              77.285,
              28.508696
            ]
          ]
        ]
      }
    },
    {
      "type": "Feature",
      "id": "cell_02_08",
      "properties": {
        "cell_id": "cell_02_08",
        "row": 2,
        "col": 8,
        "index": 48,
        "centroid_lon": 77.2925,
        "centroid_lat": 28.51087,
        "min_lon": 77.29,
        "min_lat": 28.508696,
        "max_lon": 77.295,
        "max_lat": 28.513043,
        "approx_width_m": 488.4,
        "approx_height_m": 483.5
      },
      "geometry": {
        "type": "Polygon",
        "coordinates": [
          [
            [
              77.29,
              28.508696
            ],
            [
              77.295,
              28.508696
            ],
            [
              77.295,
              28.513043
            ],
            [
              77.29,
              28.513043
            ],
            [
              77.29,
              28.508696
            ]
          ]
        ]
      }
    },
    {
      "type": "Feature",
      "id": "cell_02_09",
      "properties": {
        "cell_id": "cell_02_09",
        "row": 2,
        "col": 9,
        "index": 49,
        "centroid_lon": 77.2975,
        "centroid_lat": 28.51087,
        "min_lon": 77.295,
        "min_lat": 28.508696,
        "max_lon": 77.3,
        "max_lat": 28.513043,
        "approx_width_m": 488.4,
        "approx_height_m": 483.5
      },
      "geometry": {
        "type": "Polygon",
        "coordinates": [
          [
            [
              77.295,
              28.508696
            ],
            [
              77.3,
              28.508696
            ],
            [
              77.3,
              28.513043
            ],
            [
              77.295,
              28.513043
            ],
            [
              77.295,
              28.508696
            ]
          ]
        ]
      }
    },
    {
      "type": "Feature",
      "id": "cell_02_10",
      "properties": {
        "cell_id": "cell_02_10",
        "row": 2,
        "col": 10,
        "index": 50,
        "centroid_lon": 77.3025,
        "centroid_lat": 28.51087,
        "min_lon": 77.3,
        "min_lat": 28.508696,
        "max_lon": 77.305,
        "max_lat": 28.513043,
        "approx_width_m": 488.4,
        "approx_height_m": 483.5
      },
      "geometry": {
        "type": "Polygon",
        "coordinates": [
          [
            [
              77.3,
              28.508696
            ],
            [
              77.305,
              28.508696
            ],
            [
              77.305,
              28.513043
            ],
            [
              77.3,
              28.513043
            ],
            [
              77.3,
              28.508696
            ]
          ]
        ]
      }
    },
    {
      "type": "Feature",
      "id": "cell_02_11",
      "properties": {
        "cell_id": "cell_02_11",
        "row": 2,
        "col": 11,
        "index": 51,
        "centroid_lon": 77.3075,
        "centroid_lat": 28.51087,
        "min_lon": 77.305,
        "min_lat": 28.508696,
        "max_lon": 77.31,
        "max_lat": 28.513043,
        "approx_width_m": 488.4,
        "approx_height_m": 483.5
      },
      "geometry": {
        "type": "Polygon",
        "coordinates": [
          [
            [
              77.305,
              28.508696
            ],
            [
              77.31,
              28.508696
            ],
            [
              77.31,
              28.513043
            ],
            [
              77.305,
              28.513043
            ],
            [
              77.305,
              28.508696
            ]
          ]
        ]
      }
    },
    {
      "type": "Feature",
      "id": "cell_02_12",
      "properties": {
        "cell_id": "cell_02_12",
        "row": 2,
        "col": 12,
        "index": 52,
        "centroid_lon": 77.3125,
        "centroid_lat": 28.51087,
        "min_lon": 77.31,
        "min_lat": 28.508696,
        "max_lon": 77.315,
        "max_lat": 28.513043,
        "approx_width_m": 488.4,
        "approx_height_m": 483.5
      },
      "geometry": {
        "type": "Polygon",
        "coordinates": [
          [
            [
              77.31,
              28.508696
            ],
            [
              77.315,
              28.508696
            ],
            [
              77.315,
              28.513043
            ],
            [
              77.31,
              28.513043
            ],
            [
              77.31,
              28.508696
            ]
          ]
        ]
      }
    },
    {
      "type": "Feature",
      "id": "cell_02_13",
      "properties": {
        "cell_id": "cell_02_13",
        "row": 2,
        "col": 13,
        "index": 53,
        "centroid_lon": 77.3175,
        "centroid_lat": 28.51087,
        "min_lon": 77.315,
        "min_lat": 28.508696,
        "max_lon": 77.32,
        "max_lat": 28.513043,
        "approx_width_m": 488.4,
        "approx_height_m": 483.5
      },
      "geometry": {
        "type": "Polygon",
        "coordinates": [
          [
            [
              77.315,
              28.508696
            ],
            [
              77.32,
              28.508696
            ],
            [
              77.32,
              28.513043
            ],
            [
              77.315,
              28.513043
            ],
            [
              77.315,
              28.508696
            ]
          ]
        ]
      }
    },
    {
      "type": "Feature",
      "id": "cell_02_14",
      "properties": {
        "cell_id": "cell_02_14",
        "row": 2,
        "col": 14,
        "index": 54,
        "centroid_lon": 77.3225,
        "centroid_lat": 28.51087,
        "min_lon": 77.32,
        "min_lat": 28.508696,
        "max_lon": 77.325,
        "max_lat": 28.513043,
        "approx_width_m": 488.4,
        "approx_height_m": 483.5
      },
      "geometry": {
        "type": "Polygon",
        "coordinates": [
          [
            [
              77.32,
              28.508696
            ],
            [
              77.325,
              28.508696
            ],
            [
              77.325,
              28.513043
            ],
            [
              77.32,
              28.513043
            ],
            [
              77.32,
              28.508696
            ]
          ]
        ]
      }
    },
    {
      "type": "Feature",
      "id": "cell_02_15",
      "properties": {
        "cell_id": "cell_02_15",
        "row": 2,
        "col": 15,
        "index": 55,
        "centroid_lon": 77.3275,
        "centroid_lat": 28.51087,
        "min_lon": 77.325,
        "min_lat": 28.508696,
        "max_lon": 77.33,
        "max_lat": 28.513043,
        "approx_width_m": 488.4,
        "approx_height_m": 483.5
      },
      "geometry": {
        "type": "Polygon",
        "coordinates": [
          [
            [
              77.325,
              28.508696
            ],
            [
              77.33,
              28.508696
            ],
            [
              77.33,
              28.513043
            ],
            [
              77.325,
              28.513043
            ],
            [
              77.325,
              28.508696
            ]
          ]
        ]
      }
    },
    {
      "type": "Feature",
      "id": "cell_02_16",
      "properties": {
        "cell_id": "cell_02_16",
        "row": 2,
        "col": 16,
        "index": 56,
        "centroid_lon": 77.3325,
        "centroid_lat": 28.51087,
        "min_lon": 77.33,
        "min_lat": 28.508696,
        "max_lon": 77.335,
        "max_lat": 28.513043,
        "approx_width_m": 488.4,
        "approx_height_m": 483.5
      },
      "geometry": {
        "type": "Polygon",
        "coordinates": [
          [
            [
              77.33,
              28.508696
            ],
            [
              77.335,
              28.508696
            ],
            [
              77.335,
              28.513043
            ],
            [
              77.33,
              28.513043
            ],
            [
              77.33,
              28.508696
            ]
          ]
        ]
      }
    },
    {
      "type": "Feature",
      "id": "cell_02_17",
      "properties": {
        "cell_id": "cell_02_17",
        "row": 2,
        "col": 17,
        "index": 57,
        "centroid_lon": 77.3375,
        "centroid_lat": 28.51087,
        "min_lon": 77.335,
        "min_lat": 28.508696,
        "max_lon": 77.34,
        "max_lat": 28.513043,
        "approx_width_m": 488.4,
        "approx_height_m": 483.5
      },
      "geometry": {
        "type": "Polygon",
        "coordinates": [
          [
            [
              77.335,
              28.508696
            ],
            [
              77.34,
              28.508696
            ],
            [
              77.34,
              28.513043
            ],
            [
              77.335,
              28.513043
            ],
            [
              77.335,
              28.508696
            ]
          ]
        ]
      }
    },
    {
      "type": "Feature",
      "id": "cell_02_18",
      "properties": {
        "cell_id": "cell_02_18",
        "row": 2,
        "col": 18,
        "index": 58,
        "centroid_lon": 77.3425,
        "centroid_lat": 28.51087,
        "min_lon": 77.34,
        "min_lat": 28.508696,
        "max_lon": 77.345,
        "max_lat": 28.513043,
        "approx_width_m": 488.4,
        "approx_height_m": 483.5
      },
      "geometry": {
        "type": "Polygon",
        "coordinates": [
          [
            [
              77.34,
              28.508696
            ],
            [
              77.345,
              28.508696
            ],
            [
              77.345,
              28.513043
            ],
            [
              77.34,
              28.513043
            ],
            [
              77.34,
              28.508696
            ]
          ]
        ]
      }
    },
    {
      "type": "Feature",
      "id": "cell_02_19",
      "properties": {
        "cell_id": "cell_02_19",
        "row": 2,
        "col": 19,
        "index": 59,
        "centroid_lon": 77.3475,
        "centroid_lat": 28.51087,
        "min_lon": 77.345,
        "min_lat": 28.508696,
        "max_lon": 77.35,
        "max_lat": 28.513043,
        "approx_width_m": 488.4,
        "approx_height_m": 483.5
      },
      "geometry": {
        "type": "Polygon",
        "coordinates": [
          [
            [
              77.345,
              28.508696
            ],
            [
              77.35,
              28.508696
            ],
            [
              77.35,
              28.513043
            ],
            [
              77.345,
              28.513043
            ],
            [
              77.345,
              28.508696
            ]
          ]
        ]
      }
    },
    {
      "type": "Feature",
      "id": "cell_03_00",
      "properties": {
        "cell_id": "cell_03_00",
        "row": 3,
        "col": 0,
        "index": 60,
        "centroid_lon": 77.2525,
        "centroid_lat": 28.515217,
        "min_lon": 77.25,
        "min_lat": 28.513043,
        "max_lon": 77.255,
        "max_lat": 28.517391,
        "approx_width_m": 488.4,
        "approx_height_m": 483.5
      },
      "geometry": {
        "type": "Polygon",
        "coordinates": [
          [
            [
              77.25,
              28.513043
            ],
            [
              77.255,
              28.513043
            ],
            [
              77.255,
              28.517391
            ],
            [
              77.25,
              28.517391
            ],
            [
              77.25,
              28.513043
            ]
          ]
        ]
      }
    },
    {
      "type": "Feature",
      "id": "cell_03_01",
      "properties": {
        "cell_id": "cell_03_01",
        "row": 3,
        "col": 1,
        "index": 61,
        "centroid_lon": 77.2575,
        "centroid_lat": 28.515217,
        "min_lon": 77.255,
        "min_lat": 28.513043,
        "max_lon": 77.26,
        "max_lat": 28.517391,
        "approx_width_m": 488.4,
        "approx_height_m": 483.5
      },
      "geometry": {
        "type": "Polygon",
        "coordinates": [
          [
            [
              77.255,
              28.513043
            ],
            [
              77.26,
              28.513043
            ],
            [
              77.26,
              28.517391
            ],
            [
              77.255,
              28.517391
            ],
            [
              77.255,
              28.513043
            ]
          ]
        ]
      }
    },
    {
      "type": "Feature",
      "id": "cell_03_02",
      "properties": {
        "cell_id": "cell_03_02",
        "row": 3,
        "col": 2,
        "index": 62,
        "centroid_lon": 77.2625,
        "centroid_lat": 28.515217,
        "min_lon": 77.26,
        "min_lat": 28.513043,
        "max_lon": 77.265,
        "max_lat": 28.517391,
        "approx_width_m": 488.4,
        "approx_height_m": 483.5
      },
      "geometry": {
        "type": "Polygon",
        "coordinates": [
          [
            [
              77.26,
              28.513043
            ],
            [
              77.265,
              28.513043
            ],
            [
              77.265,
              28.517391
            ],
            [
              77.26,
              28.517391
            ],
            [
              77.26,
              28.513043
            ]
          ]
        ]
      }
    },
    {
      "type": "Feature",
      "id": "cell_03_03",
      "properties": {
        "cell_id": "cell_03_03",
        "row": 3,
        "col": 3,
        "index": 63,
        "centroid_lon": 77.2675,
        "centroid_lat": 28.515217,
        "min_lon": 77.265,
        "min_lat": 28.513043,
        "max_lon": 77.27,
        "max_lat": 28.517391,
        "approx_width_m": 488.4,
        "approx_height_m": 483.5
      },
      "geometry": {
        "type": "Polygon",
        "coordinates": [
          [
            [
              77.265,
              28.513043
            ],
            [
              77.27,
              28.513043
            ],
            [
              77.27,
              28.517391
            ],
            [
              77.265,
              28.517391
            ],
            [
              77.265,
              28.513043
            ]
          ]
        ]
      }
    },
    {
      "type": "Feature",
      "id": "cell_03_04",
      "properties": {
        "cell_id": "cell_03_04",
        "row": 3,
        "col": 4,
        "index": 64,
        "centroid_lon": 77.2725,
        "centroid_lat": 28.515217,
        "min_lon": 77.27,
        "min_lat": 28.513043,
        "max_lon": 77.275,
        "max_lat": 28.517391,
        "approx_width_m": 488.4,
        "approx_height_m": 483.5
      },
      "geometry": {
        "type": "Polygon",
        "coordinates": [
          [
            [
              77.27,
              28.513043
            ],
            [
              77.275,
              28.513043
            ],
            [
              77.275,
              28.517391
            ],
            [
              77.27,
              28.517391
            ],
            [
              77.27,
              28.513043
            ]
          ]
        ]
      }
    },
    {
      "type": "Feature",
      "id": "cell_03_05",
      "properties": {
        "cell_id": "cell_03_05",
        "row": 3,
        "col": 5,
        "index": 65,
        "centroid_lon": 77.2775,
        "centroid_lat": 28.515217,
        "min_lon": 77.275,
        "min_lat": 28.513043,
        "max_lon": 77.28,
        "max_lat": 28.517391,
        "approx_width_m": 488.4,
        "approx_height_m": 483.5
      },
      "geometry": {
        "type": "Polygon",
        "coordinates": [
          [
            [
              77.275,
              28.513043
            ],
            [
              77.28,
              28.513043
            ],
            [
              77.28,
              28.517391
            ],
            [
              77.275,
              28.517391
            ],
            [
              77.275,
              28.513043
            ]
          ]
        ]
      }
    },
    {
      "type": "Feature",
      "id": "cell_03_06",
      "properties": {
        "cell_id": "cell_03_06",
        "row": 3,
        "col": 6,
        "index": 66,
        "centroid_lon": 77.2825,
        "centroid_lat": 28.515217,
        "min_lon": 77.28,
        "min_lat": 28.513043,
        "max_lon": 77.285,
        "max_lat": 28.517391,
        "approx_width_m": 488.4,
        "approx_height_m": 483.5
      },
      "geometry": {
        "type": "Polygon",
        "coordinates": [
          [
            [
              77.28,
              28.513043
            ],
            [
              77.285,
              28.513043
            ],
            [
              77.285,
              28.517391
            ],
            [
              77.28,
              28.517391
            ],
            [
              77.28,
              28.513043
            ]
          ]
        ]
      }
    },
    {
      "type": "Feature",
      "id": "cell_03_07",
      "properties": {
        "cell_id": "cell_03_07",
        "row": 3,
        "col": 7,
        "index": 67,
        "centroid_lon": 77.2875,
        "centroid_lat": 28.515217,
        "min_lon": 77.285,
        "min_lat": 28.513043,
        "max_lon": 77.29,
        "max_lat": 28.517391,
        "approx_width_m": 488.4,
        "approx_height_m": 483.5
      },
      "geometry": {
        "type": "Polygon",
        "coordinates": [
          [
            [
              77.285,
              28.513043
            ],
            [
              77.29,
              28.513043
            ],
            [
              77.29,
              28.517391
            ],
            [
              77.285,
              28.517391
            ],
            [
              77.285,
              28.513043
            ]
          ]
        ]
      }
    },
    {
      "type": "Feature",
      "id": "cell_03_08",
      "properties": {
        "cell_id": "cell_03_08",
        "row": 3,
        "col": 8,
        "index": 68,
        "centroid_lon": 77.2925,
        "centroid_lat": 28.515217,
        "min_lon": 77.29,
        "min_lat": 28.513043,
        "max_lon": 77.295,
        "max_lat": 28.517391,
        "approx_width_m": 488.4,
        "approx_height_m": 483.5
      },
      "geometry": {
        "type": "Polygon",
        "coordinates": [
          [
            [
              77.29,
              28.513043
            ],
            [
              77.295,
              28.513043
            ],
            [
              77.295,
              28.517391
            ],
            [
              77.29,
              28.517391
            ],
            [
              77.29,
              28.513043
            ]
          ]
        ]
      }
    },
    {
      "type": "Feature",
      "id": "cell_03_09",
      "properties": {
        "cell_id": "cell_03_09",
        "row": 3,
        "col": 9,
        "index": 69,
        "centroid_lon": 77.2975,
        "centroid_lat": 28.515217,
        "min_lon": 77.295,
        "min_lat": 28.513043,
        "max_lon": 77.3,
        "max_lat": 28.517391,
        "approx_width_m": 488.4,
        "approx_height_m": 483.5
      },
      "geometry": {
        "type": "Polygon",
        "coordinates": [
          [
            [
              77.295,
              28.513043
            ],
            [
              77.3,
              28.513043
            ],
            [
              77.3,
              28.517391
            ],
            [
              77.295,
              28.517391
            ],
            [
              77.295,
              28.513043
            ]
          ]
        ]
      }
    },
    {
      "type": "Feature",
      "id": "cell_03_10",
      "properties": {
        "cell_id": "cell_03_10",
        "row": 3,
        "col": 10,
        "index": 70,
        "centroid_lon": 77.3025,
        "centroid_lat": 28.515217,
        "min_lon": 77.3,
        "min_lat": 28.513043,
        "max_lon": 77.305,
        "max_lat": 28.517391,
        "approx_width_m": 488.4,
        "approx_height_m": 483.5
      },
      "geometry": {
        "type": "Polygon",
        "coordinates": [
          [
            [
              77.3,
              28.513043
            ],
            [
              77.305,
              28.513043
            ],
            [
              77.305,
              28.517391
            ],
            [
              77.3,
              28.517391
            ],
            [
              77.3,
              28.513043
            ]
          ]
        ]
      }
    },
    {
      "type": "Feature",
      "id": "cell_03_11",
      "properties": {
        "cell_id": "cell_03_11",
        "row": 3,
        "col": 11,
        "index": 71,
        "centroid_lon": 77.3075,
        "centroid_lat": 28.515217,
        "min_lon": 77.305,
        "min_lat": 28.513043,
        "max_lon": 77.31,
        "max_lat": 28.517391,
        "approx_width_m": 488.4,
        "approx_height_m": 483.5
      },
      "geometry": {
        "type": "Polygon",
        "coordinates": [
          [
            [
              77.305,
              28.513043
            ],
            [
              77.31,
              28.513043
            ],
            [
              77.31,
              28.517391
            ],
            [
              77.305,
              28.517391
            ],
            [
              77.305,
              28.513043
            ]
          ]
        ]
      }
    },
    {
      "type": "Feature",
      "id": "cell_03_12",
      "properties": {
        "cell_id": "cell_03_12",
        "row": 3,
        "col": 12,
        "index": 72,
        "centroid_lon": 77.3125,
        "centroid_lat": 28.515217,
        "min_lon": 77.31,
        "min_lat": 28.513043,
        "max_lon": 77.315,
        "max_lat": 28.517391,
        "approx_width_m": 488.4,
        "approx_height_m": 483.5
      },
      "geometry": {
        "type": "Polygon",
        "coordinates": [
          [
            [
              77.31,
              28.513043
            ],
            [
              77.315,
              28.513043
            ],
            [
              77.315,
              28.517391
            ],
            [
              77.31,
              28.517391
            ],
            [
              77.31,
              28.513043
            ]
          ]
        ]
      }
    },
    {
      "type": "Feature",
      "id": "cell_03_13",
      "properties": {
        "cell_id": "cell_03_13",
        "row": 3,
        "col": 13,
        "index": 73,
        "centroid_lon": 77.3175,
        "centroid_lat": 28.515217,
        "min_lon": 77.315,
        "min_lat": 28.513043,
        "max_lon": 77.32,
        "max_lat": 28.517391,
        "approx_width_m": 488.4,
        "approx_height_m": 483.5
      },
      "geometry": {
        "type": "Polygon",
        "coordinates": [
          [
            [
              77.315,
              28.513043
            ],
            [
              77.32,
              28.513043
            ],
            [
              77.32,
              28.517391
            ],
            [
              77.315,
              28.517391
            ],
            [
              77.315,
              28.513043
            ]
          ]
        ]
      }
    },
    {
      "type": "Feature",
      "id": "cell_03_14",
      "properties": {
        "cell_id": "cell_03_14",
        "row": 3,
        "col": 14,
        "index": 74,
        "centroid_lon": 77.3225,
        "centroid_lat": 28.515217,
        "min_lon": 77.32,
        "min_lat": 28.513043,
        "max_lon": 77.325,
        "max_lat": 28.517391,
        "approx_width_m": 488.4,
        "approx_height_m": 483.5
      },
      "geometry": {
        "type": "Polygon",
        "coordinates": [
          [
            [
              77.32,
              28.513043
            ],
            [
              77.325,
              28.513043
            ],
            [
              77.325,
              28.517391
            ],
            [
              77.32,
              28.517391
            ],
            [
              77.32,
              28.513043
            ]
          ]
        ]
      }
    },
    {
      "type": "Feature",
      "id": "cell_03_15",
      "properties": {
        "cell_id": "cell_03_15",
        "row": 3,
        "col": 15,
        "index": 75,
        "centroid_lon": 77.3275,
        "centroid_lat": 28.515217,
        "min_lon": 77.325,
        "min_lat": 28.513043,
        "max_lon": 77.33,
        "max_lat": 28.517391,
        "approx_width_m": 488.4,
        "approx_height_m": 483.5
      },
      "geometry": {
        "type": "Polygon",
        "coordinates": [
          [
            [
              77.325,
              28.513043
            ],
            [
              77.33,
              28.513043
            ],
            [
              77.33,
              28.517391
            ],
            [
              77.325,
              28.517391
            ],
            [
              77.325,
              28.513043
            ]
          ]
        ]
      }
    },
    {
      "type": "Feature",
      "id": "cell_03_16",
      "properties": {
        "cell_id": "cell_03_16",
        "row": 3,
        "col": 16,
        "index": 76,
        "centroid_lon": 77.3325,
        "centroid_lat": 28.515217,
        "min_lon": 77.33,
        "min_lat": 28.513043,
        "max_lon": 77.335,
        "max_lat": 28.517391,
        "approx_width_m": 488.4,
        "approx_height_m": 483.5
      },
      "geometry": {
        "type": "Polygon",
        "coordinates": [
          [
            [
              77.33,
              28.513043
            ],
            [
              77.335,
              28.513043
            ],
            [
              77.335,
              28.517391
            ],
            [
              77.33,
              28.517391
            ],
            [
              77.33,
              28.513043
            ]
          ]
        ]
      }
    },
    {
      "type": "Feature",
      "id": "cell_03_17",
      "properties": {
        "cell_id": "cell_03_17",
        "row": 3,
        "col": 17,
        "index": 77,
        "centroid_lon": 77.3375,
        "centroid_lat": 28.515217,
        "min_lon": 77.335,
        "min_lat": 28.513043,
        "max_lon": 77.34,
        "max_lat": 28.517391,
        "approx_width_m": 488.4,
        "approx_height_m": 483.5
      },
      "geometry": {
        "type": "Polygon",
        "coordinates": [
          [
            [
              77.335,
              28.513043
            ],
            [
              77.34,
              28.513043
            ],
            [
              77.34,
              28.517391
            ],
            [
              77.335,
              28.517391
            ],
            [
              77.335,
              28.513043
            ]
          ]
        ]
      }
    },
    {
      "type": "Feature",
      "id": "cell_03_18",
      "properties": {
        "cell_id": "cell_03_18",
        "row": 3,
        "col": 18,
        "index": 78,
        "centroid_lon": 77.3425,
        "centroid_lat": 28.515217,
        "min_lon": 77.34,
        "min_lat": 28.513043,
        "max_lon": 77.345,
        "max_lat": 28.517391,
        "approx_width_m": 488.4,
        "approx_height_m": 483.5
      },
      "geometry": {
        "type": "Polygon",
        "coordinates": [
          [
            [
              77.34,
              28.513043
            ],
            [
              77.345,
              28.513043
            ],
            [
              77.345,
              28.517391
            ],
            [
              77.34,
              28.517391
            ],
            [
              77.34,
              28.513043
            ]
          ]
        ]
      }
    },
    {
      "type": "Feature",
      "id": "cell_03_19",
      "properties": {
        "cell_id": "cell_03_19",
        "row": 3,
        "col": 19,
        "index": 79,
        "centroid_lon": 77.3475,
        "centroid_lat": 28.515217,
        "min_lon": 77.345,
        "min_lat": 28.513043,
        "max_lon": 77.35,
        "max_lat": 28.517391,
        "approx_width_m": 488.4,
        "approx_height_m": 483.5
      },
      "geometry": {
        "type": "Polygon",
        "coordinates": [
          [
            [
              77.345,
              28.513043
            ],
            [
              77.35,
              28.513043
            ],
            [
              77.35,
              28.517391
            ],
            [
              77.345,
              28.517391
            ],
            [
              77.345,
              28.513043
            ]
          ]
        ]
      }
    },
    {
      "type": "Feature",
      "id": "cell_04_00",
      "properties": {
        "cell_id": "cell_04_00",
        "row": 4,
        "col": 0,
        "index": 80,
        "centroid_lon": 77.2525,
        "centroid_lat": 28.519565,
        "min_lon": 77.25,
        "min_lat": 28.517391,
        "max_lon": 77.255,
        "max_lat": 28.521739,
        "approx_width_m": 488.4,
        "approx_height_m": 483.5
      },
      "geometry": {
        "type": "Polygon",
        "coordinates": [
          [
            [
              77.25,
              28.517391
            ],
            [
              77.255,
              28.517391
            ],
            [
              77.255,
              28.521739
            ],
            [
              77.25,
              28.521739
            ],
            [
              77.25,
              28.517391
            ]
          ]
        ]
      }
    },
    {
      "type": "Feature",
      "id": "cell_04_01",
      "properties": {
        "cell_id": "cell_04_01",
        "row": 4,
        "col": 1,
        "index": 81,
        "centroid_lon": 77.2575,
        "centroid_lat": 28.519565,
        "min_lon": 77.255,
        "min_lat": 28.517391,
        "max_lon": 77.26,
        "max_lat": 28.521739,
        "approx_width_m": 488.4,
        "approx_height_m": 483.5
      },
      "geometry": {
        "type": "Polygon",
        "coordinates": [
          [
            [
              77.255,
              28.517391
            ],
            [
              77.26,
              28.517391
            ],
            [
              77.26,
              28.521739
            ],
            [
              77.255,
              28.521739
            ],
            [
              77.255,
              28.517391
            ]
          ]
        ]
      }
    },
    {
      "type": "Feature",
      "id": "cell_04_02",
      "properties": {
        "cell_id": "cell_04_02",
        "row": 4,
        "col": 2,
        "index": 82,
        "centroid_lon": 77.2625,
        "centroid_lat": 28.519565,
        "min_lon": 77.26,
        "min_lat": 28.517391,
        "max_lon": 77.265,
        "max_lat": 28.521739,
        "approx_width_m": 488.4,
        "approx_height_m": 483.5
      },
      "geometry": {
        "type": "Polygon",
        "coordinates": [
          [
            [
              77.26,
              28.517391
            ],
            [
              77.265,
              28.517391
            ],
            [
              77.265,
              28.521739
            ],
            [
              77.26,
              28.521739
            ],
            [
              77.26,
              28.517391
            ]
          ]
        ]
      }
    },
    {
      "type": "Feature",
      "id": "cell_04_03",
      "properties": {
        "cell_id": "cell_04_03",
        "row": 4,
        "col": 3,
        "index": 83,
        "centroid_lon": 77.2675,
        "centroid_lat": 28.519565,
        "min_lon": 77.265,
        "min_lat": 28.517391,
        "max_lon": 77.27,
        "max_lat": 28.521739,
        "approx_width_m": 488.4,
        "approx_height_m": 483.5
      },
      "geometry": {
        "type": "Polygon",
        "coordinates": [
          [
            [
              77.265,
              28.517391
            ],
            [
              77.27,
              28.517391
            ],
            [
              77.27,
              28.521739
            ],
            [
              77.265,
              28.521739
            ],
            [
              77.265,
              28.517391
            ]
          ]
        ]
      }
    },
    {
      "type": "Feature",
      "id": "cell_04_04",
      "properties": {
        "cell_id": "cell_04_04",
        "row": 4,
        "col": 4,
        "index": 84,
        "centroid_lon": 77.2725,
        "centroid_lat": 28.519565,
        "min_lon": 77.27,
        "min_lat": 28.517391,
        "max_lon": 77.275,
        "max_lat": 28.521739,
        "approx_width_m": 488.4,
        "approx_height_m": 483.5
      },
      "geometry": {
        "type": "Polygon",
        "coordinates": [
          [
            [
              77.27,
              28.517391
            ],
            [
              77.275,
              28.517391
            ],
            [
              77.275,
              28.521739
            ],
            [
              77.27,
              28.521739
            ],
            [
              77.27,
              28.517391
            ]
          ]
        ]
      }
    },
    {
      "type": "Feature",
      "id": "cell_04_05",
      "properties": {
        "cell_id": "cell_04_05",
        "row": 4,
        "col": 5,
        "index": 85,
        "centroid_lon": 77.2775,
        "centroid_lat": 28.519565,
        "min_lon": 77.275,
        "min_lat": 28.517391,
        "max_lon": 77.28,
        "max_lat": 28.521739,
        "approx_width_m": 488.4,
        "approx_height_m": 483.5
      },
      "geometry": {
        "type": "Polygon",
        "coordinates": [
          [
            [
              77.275,
              28.517391
            ],
            [
              77.28,
              28.517391
            ],
            [
              77.28,
              28.521739
            ],
            [
              77.275,
              28.521739
            ],
            [
              77.275,
              28.517391
            ]
          ]
        ]
      }
    },
    {
      "type": "Feature",
      "id": "cell_04_06",
      "properties": {
        "cell_id": "cell_04_06",
        "row": 4,
        "col": 6,
        "index": 86,
        "centroid_lon": 77.2825,
        "centroid_lat": 28.519565,
        "min_lon": 77.28,
        "min_lat": 28.517391,
        "max_lon": 77.285,
        "max_lat": 28.521739,
        "approx_width_m": 488.4,
        "approx_height_m": 483.5
      },
      "geometry": {
        "type": "Polygon",
        "coordinates": [
          [
            [
              77.28,
              28.517391
            ],
            [
              77.285,
              28.517391
            ],
            [
              77.285,
              28.521739
            ],
            [
              77.28,
              28.521739
            ],
            [
              77.28,
              28.517391
            ]
          ]
        ]
      }
    },
    {
      "type": "Feature",
      "id": "cell_04_07",
      "properties": {
        "cell_id": "cell_04_07",
        "row": 4,
        "col": 7,
        "index": 87,
        "centroid_lon": 77.2875,
        "centroid_lat": 28.519565,
        "min_lon": 77.285,
        "min_lat": 28.517391,
        "max_lon": 77.29,
        "max_lat": 28.521739,
        "approx_width_m": 488.4,
        "approx_height_m": 483.5
      },
      "geometry": {
        "type": "Polygon",
        "coordinates": [
          [
            [
              77.285,
              28.517391
            ],
            [
              77.29,
              28.517391
            ],
            [
              77.29,
              28.521739
            ],
            [
              77.285,
              28.521739
            ],
            [
              77.285,
              28.517391
            ]
          ]
        ]
      }
    },
    {
      "type": "Feature",
      "id": "cell_04_08",
      "properties": {
        "cell_id": "cell_04_08",
        "row": 4,
        "col": 8,
        "index": 88,
        "centroid_lon": 77.2925,
        "centroid_lat": 28.519565,
        "min_lon": 77.29,
        "min_lat": 28.517391,
        "max_lon": 77.295,
        "max_lat": 28.521739,
        "approx_width_m": 488.4,
        "approx_height_m": 483.5
      },
      "geometry": {
        "type": "Polygon",
        "coordinates": [
          [
            [
              77.29,
              28.517391
            ],
            [
              77.295,
              28.517391
            ],
            [
              77.295,
              28.521739
            ],
            [
              77.29,
              28.521739
            ],
            [
              77.29,
              28.517391
            ]
          ]
        ]
      }
    },
    {
      "type": "Feature",
      "id": "cell_04_09",
      "properties": {
        "cell_id": "cell_04_09",
        "row": 4,
        "col": 9,
        "index": 89,
        "centroid_lon": 77.2975,
        "centroid_lat": 28.519565,
        "min_lon": 77.295,
        "min_lat": 28.517391,
        "max_lon": 77.3,
        "max_lat": 28.521739,
        "approx_width_m": 488.4,
        "approx_height_m": 483.5
      },
      "geometry": {
        "type": "Polygon",
        "coordinates": [
          [
            [
              77.295,
              28.517391
            ],
            [
              77.3,
              28.517391
            ],
            [
              77.3,
              28.521739
            ],
            [
              77.295,
              28.521739
            ],
            [
              77.295,
              28.517391
            ]
          ]
        ]
      }
    },
    {
      "type": "Feature",
      "id": "cell_04_10",
      "properties": {
        "cell_id": "cell_04_10",
        "row": 4,
        "col": 10,
        "index": 90,
        "centroid_lon": 77.3025,
        "centroid_lat": 28.519565,
        "min_lon": 77.3,
        "min_lat": 28.517391,
        "max_lon": 77.305,
        "max_lat": 28.521739,
        "approx_width_m": 488.4,
        "approx_height_m": 483.5
      },
      "geometry": {
        "type": "Polygon",
        "coordinates": [
          [
            [
              77.3,
              28.517391
            ],
            [
              77.305,
              28.517391
            ],
            [
              77.305,
              28.521739
            ],
            [
              77.3,
              28.521739
            ],
            [
              77.3,
              28.517391
            ]
          ]
        ]
      }
    },
    {
      "type": "Feature",
      "id": "cell_04_11",
      "properties": {
        "cell_id": "cell_04_11",
        "row": 4,
        "col": 11,
        "index": 91,
        "centroid_lon": 77.3075,
        "centroid_lat": 28.519565,
        "min_lon": 77.305,
        "min_lat": 28.517391,
        "max_lon": 77.31,
        "max_lat": 28.521739,
        "approx_width_m": 488.4,
        "approx_height_m": 483.5
      },
      "geometry": {
        "type": "Polygon",
        "coordinates": [
          [
            [
              77.305,
              28.517391
            ],
            [
              77.31,
              28.517391
            ],
            [
              77.31,
              28.521739
            ],
            [
              77.305,
              28.521739
            ],
            [
              77.305,
              28.517391
            ]
          ]
        ]
      }
    },
    {
      "type": "Feature",
      "id": "cell_04_12",
      "properties": {
        "cell_id": "cell_04_12",
        "row": 4,
        "col": 12,
        "index": 92,
        "centroid_lon": 77.3125,
        "centroid_lat": 28.519565,
        "min_lon": 77.31,
        "min_lat": 28.517391,
        "max_lon": 77.315,
        "max_lat": 28.521739,
        "approx_width_m": 488.4,
        "approx_height_m": 483.5
      },
      "geometry": {
        "type": "Polygon",
        "coordinates": [
          [
            [
              77.31,
              28.517391
            ],
            [
              77.315,
              28.517391
            ],
            [
              77.315,
              28.521739
            ],
            [
              77.31,
              28.521739
            ],
            [
              77.31,
              28.517391
            ]
          ]
        ]
      }
    },
    {
      "type": "Feature",
      "id": "cell_04_13",
      "properties": {
        "cell_id": "cell_04_13",
        "row": 4,
        "col": 13,
        "index": 93,
        "centroid_lon": 77.3175,
        "centroid_lat": 28.519565,
        "min_lon": 77.315,
        "min_lat": 28.517391,
        "max_lon": 77.32,
        "max_lat": 28.521739,
        "approx_width_m": 488.4,
        "approx_height_m": 483.5
      },
      "geometry": {
        "type": "Polygon",
        "coordinates": [
          [
            [
              77.315,
              28.517391
            ],
            [
              77.32,
              28.517391
            ],
            [
              77.32,
              28.521739
            ],
            [
              77.315,
              28.521739
            ],
            [
              77.315,
              28.517391
            ]
          ]
        ]
      }
    },
    {
      "type": "Feature",
      "id": "cell_04_14",
      "properties": {
        "cell_id": "cell_04_14",
        "row": 4,
        "col": 14,
        "index": 94,
        "centroid_lon": 77.3225,
        "centroid_lat": 28.519565,
        "min_lon": 77.32,
        "min_lat": 28.517391,
        "max_lon": 77.325,
        "max_lat": 28.521739,
        "approx_width_m": 488.4,
        "approx_height_m": 483.5
      },
      "geometry": {
        "type": "Polygon",
        "coordinates": [
          [
            [
              77.32,
              28.517391
            ],
            [
              77.325,
              28.517391
            ],
            [
              77.325,
              28.521739
            ],
            [
              77.32,
              28.521739
            ],
            [
              77.32,
              28.517391
            ]
          ]
        ]
      }
    },
    {
      "type": "Feature",
      "id": "cell_04_15",
      "properties": {
        "cell_id": "cell_04_15",
        "row": 4,
        "col": 15,
        "index": 95,
        "centroid_lon": 77.3275,
        "centroid_lat": 28.519565,
        "min_lon": 77.325,
        "min_lat": 28.517391,
        "max_lon": 77.33,
        "max_lat": 28.521739,
        "approx_width_m": 488.4,
        "approx_height_m": 483.5
      },
      "geometry": {
        "type": "Polygon",
        "coordinates": [
          [
            [
              77.325,
              28.517391
            ],
            [
              77.33,
              28.517391
            ],
            [
              77.33,
              28.521739
            ],
            [
              77.325,
              28.521739
            ],
            [
              77.325,
              28.517391
            ]
          ]
        ]
      }
    },
    {
      "type": "Feature",
      "id": "cell_04_16",
      "properties": {
        "cell_id": "cell_04_16",
        "row": 4,
        "col": 16,
        "index": 96,
        "centroid_lon": 77.3325,
        "centroid_lat": 28.519565,
        "min_lon": 77.33,
        "min_lat": 28.517391,
        "max_lon": 77.335,
        "max_lat": 28.521739,
        "approx_width_m": 488.4,
        "approx_height_m": 483.5
      },
      "geometry": {
        "type": "Polygon",
        "coordinates": [
          [
            [
              77.33,
              28.517391
            ],
            [
              77.335,
              28.517391
            ],
            [
              77.335,
              28.521739
            ],
            [
              77.33,
              28.521739
            ],
            [
              77.33,
              28.517391
            ]
          ]
        ]
      }
    },
    {
      "type": "Feature",
      "id": "cell_04_17",
      "properties": {
        "cell_id": "cell_04_17",
        "row": 4,
        "col": 17,
        "index": 97,
        "centroid_lon": 77.3375,
        "centroid_lat": 28.519565,
        "min_lon": 77.335,
        "min_lat": 28.517391,
        "max_lon": 77.34,
        "max_lat": 28.521739,
        "approx_width_m": 488.4,
        "approx_height_m": 483.5
      },
      "geometry": {
        "type": "Polygon",
        "coordinates": [
          [
            [
              77.335,
              28.517391
            ],
            [
              77.34,
              28.517391
            ],
            [
              77.34,
              28.521739
            ],
            [
              77.335,
              28.521739
            ],
            [
              77.335,
              28.517391
            ]
          ]
        ]
      }
    },
    {
      "type": "Feature",
      "id": "cell_04_18",
      "properties": {
        "cell_id": "cell_04_18",
        "row": 4,
        "col": 18,
        "index": 98,
        "centroid_lon": 77.3425,
        "centroid_lat": 28.519565,
        "min_lon": 77.34,
        "min_lat": 28.517391,
        "max_lon": 77.345,
        "max_lat": 28.521739,
        "approx_width_m": 488.4,
        "approx_height_m": 483.5
      },
      "geometry": {
        "type": "Polygon",
        "coordinates": [
          [
            [
              77.34,
              28.517391
            ],
            [
              77.345,
              28.517391
            ],
            [
              77.345,
              28.521739
            ],
            [
              77.34,
              28.521739
            ],
            [
              77.34,
              28.517391
            ]
          ]
        ]
      }
    },
    {
      "type": "Feature",
      "id": "cell_04_19",
      "properties": {
        "cell_id": "cell_04_19",
        "row": 4,
        "col": 19,
        "index": 99,
        "centroid_lon": 77.3475,
        "centroid_lat": 28.519565,
        "min_lon": 77.345,
        "min_lat": 28.517391,
        "max_lon": 77.35,
        "max_lat": 28.521739,
        "approx_width_m": 488.4,
        "approx_height_m": 483.5
      },
      "geometry": {
        "type": "Polygon",
        "coordinates": [
          [
            [
              77.345,
              28.517391
            ],
            [
              77.35,
              28.517391
            ],
            [
              77.35,
              28.521739
            ],
            [
              77.345,
              28.521739
            ],
            [
              77.345,
              28.517391
            ]
          ]
        ]
      }
    },
    {
      "type": "Feature",
      "id": "cell_05_00",
      "properties": {
        "cell_id": "cell_05_00",
        "row": 5,
        "col": 0,
        "index": 100,
        "centroid_lon": 77.2525,
        "centroid_lat": 28.523913,
        "min_lon": 77.25,
        "min_lat": 28.521739,
        "max_lon": 77.255,
        "max_lat": 28.526087,
        "approx_width_m": 488.4,
        "approx_height_m": 483.5
      },
      "geometry": {
        "type": "Polygon",
        "coordinates": [
          [
            [
              77.25,
              28.521739
            ],
            [
              77.255,
              28.521739
            ],
            [
              77.255,
              28.526087
            ],
            [
              77.25,
              28.526087
            ],
            [
              77.25,
              28.521739
            ]
          ]
        ]
      }
    },
    {
      "type": "Feature",
      "id": "cell_05_01",
      "properties": {
        "cell_id": "cell_05_01",
        "row": 5,
        "col": 1,
        "index": 101,
        "centroid_lon": 77.2575,
        "centroid_lat": 28.523913,
        "min_lon": 77.255,
        "min_lat": 28.521739,
        "max_lon": 77.26,
        "max_lat": 28.526087,
        "approx_width_m": 488.4,
        "approx_height_m": 483.5
      },
      "geometry": {
        "type": "Polygon",
        "coordinates": [
          [
            [
              77.255,
              28.521739
            ],
            [
              77.26,
              28.521739
            ],
            [
              77.26,
              28.526087
            ],
            [
              77.255,
              28.526087
            ],
            [
              77.255,
              28.521739
            ]
          ]
        ]
      }
    },
    {
      "type": "Feature",
      "id": "cell_05_02",
      "properties": {
        "cell_id": "cell_05_02",
        "row": 5,
        "col": 2,
        "index": 102,
        "centroid_lon": 77.2625,
        "centroid_lat": 28.523913,
        "min_lon": 77.26,
        "min_lat": 28.521739,
        "max_lon": 77.265,
        "max_lat": 28.526087,
        "approx_width_m": 488.4,
        "approx_height_m": 483.5
      },
      "geometry": {
        "type": "Polygon",
        "coordinates": [
          [
            [
              77.26,
              28.521739
            ],
            [
              77.265,
              28.521739
            ],
            [
              77.265,
              28.526087
            ],
            [
              77.26,
              28.526087
            ],
            [
              77.26,
              28.521739
            ]
          ]
        ]
      }
    },
    {
      "type": "Feature",
      "id": "cell_05_03",
      "properties": {
        "cell_id": "cell_05_03",
        "row": 5,
        "col": 3,
        "index": 103,
        "centroid_lon": 77.2675,
        "centroid_lat": 28.523913,
        "min_lon": 77.265,
        "min_lat": 28.521739,
        "max_lon": 77.27,
        "max_lat": 28.526087,
        "approx_width_m": 488.4,
        "approx_height_m": 483.5
      },
      "geometry": {
        "type": "Polygon",
        "coordinates": [
          [
            [
              77.265,
              28.521739
            ],
            [
              77.27,
              28.521739
            ],
            [
              77.27,
              28.526087
            ],
            [
              77.265,
              28.526087
            ],
            [
              77.265,
              28.521739
            ]
          ]
        ]
      }
    },
    {
      "type": "Feature",
      "id": "cell_05_04",
      "properties": {
        "cell_id": "cell_05_04",
        "row": 5,
        "col": 4,
        "index": 104,
        "centroid_lon": 77.2725,
        "centroid_lat": 28.523913,
        "min_lon": 77.27,
        "min_lat": 28.521739,
        "max_lon": 77.275,
        "max_lat": 28.526087,
        "approx_width_m": 488.4,
        "approx_height_m": 483.5
      },
      "geometry": {
        "type": "Polygon",
        "coordinates": [
          [
            [
              77.27,
              28.521739
            ],
            [
              77.275,
              28.521739
            ],
            [
              77.275,
              28.526087
            ],
            [
              77.27,
              28.526087
            ],
            [
              77.27,
              28.521739
            ]
          ]
        ]
      }
    },
    {
      "type": "Feature",
      "id": "cell_05_05",
      "properties": {
        "cell_id": "cell_05_05",
        "row": 5,
        "col": 5,
        "index": 105,
        "centroid_lon": 77.2775,
        "centroid_lat": 28.523913,
        "min_lon": 77.275,
        "min_lat": 28.521739,
        "max_lon": 77.28,
        "max_lat": 28.526087,
        "approx_width_m": 488.4,
        "approx_height_m": 483.5
      },
      "geometry": {
        "type": "Polygon",
        "coordinates": [
          [
            [
              77.275,
              28.521739
            ],
            [
              77.28,
              28.521739
            ],
            [
              77.28,
              28.526087
            ],
            [
              77.275,
              28.526087
            ],
            [
              77.275,
              28.521739
            ]
          ]
        ]
      }
    },
    {
      "type": "Feature",
      "id": "cell_05_06",
      "properties": {
        "cell_id": "cell_05_06",
        "row": 5,
        "col": 6,
        "index": 106,
        "centroid_lon": 77.2825,
        "centroid_lat": 28.523913,
        "min_lon": 77.28,
        "min_lat": 28.521739,
        "max_lon": 77.285,
        "max_lat": 28.526087,
        "approx_width_m": 488.4,
        "approx_height_m": 483.5
      },
      "geometry": {
        "type": "Polygon",
        "coordinates": [
          [
            [
              77.28,
              28.521739
            ],
            [
              77.285,
              28.521739
            ],
            [
              77.285,
              28.526087
            ],
            [
              77.28,
              28.526087
            ],
            [
              77.28,
              28.521739
            ]
          ]
        ]
      }
    },
    {
      "type": "Feature",
      "id": "cell_05_07",
      "properties": {
        "cell_id": "cell_05_07",
        "row": 5,
        "col": 7,
        "index": 107,
        "centroid_lon": 77.2875,
        "centroid_lat": 28.523913,
        "min_lon": 77.285,
        "min_lat": 28.521739,
        "max_lon": 77.29,
        "max_lat": 28.526087,
        "approx_width_m": 488.4,
        "approx_height_m": 483.5
      },
      "geometry": {
        "type": "Polygon",
        "coordinates": [
          [
            [
              77.285,
              28.521739
            ],
            [
              77.29,
              28.521739
            ],
            [
              77.29,
              28.526087
            ],
            [
              77.285,
              28.526087
            ],
            [
              77.285,
              28.521739
            ]
          ]
        ]
      }
    },
    {
      "type": "Feature",
      "id": "cell_05_08",
      "properties": {
        "cell_id": "cell_05_08",
        "row": 5,
        "col": 8,
        "index": 108,
        "centroid_lon": 77.2925,
        "centroid_lat": 28.523913,
        "min_lon": 77.29,
        "min_lat": 28.521739,
        "max_lon": 77.295,
        "max_lat": 28.526087,
        "approx_width_m": 488.4,
        "approx_height_m": 483.5
      },
      "geometry": {
        "type": "Polygon",
        "coordinates": [
          [
            [
              77.29,
              28.521739
            ],
            [
              77.295,
              28.521739
            ],
            [
              77.295,
              28.526087
            ],
            [
              77.29,
              28.526087
            ],
            [
              77.29,
              28.521739
            ]
          ]
        ]
      }
    },
    {
      "type": "Feature",
      "id": "cell_05_09",
      "properties": {
        "cell_id": "cell_05_09",
        "row": 5,
        "col": 9,
        "index": 109,
        "centroid_lon": 77.2975,
        "centroid_lat": 28.523913,
        "min_lon": 77.295,
        "min_lat": 28.521739,
        "max_lon": 77.3,
        "max_lat": 28.526087,
        "approx_width_m": 488.4,
        "approx_height_m": 483.5
      },
      "geometry": {
        "type": "Polygon",
        "coordinates": [
          [
            [
              77.295,
              28.521739
            ],
            [
              77.3,
              28.521739
            ],
            [
              77.3,
              28.526087
            ],
            [
              77.295,
              28.526087
            ],
            [
              77.295,
              28.521739
            ]
          ]
        ]
      }
    },
    {
      "type": "Feature",
      "id": "cell_05_10",
      "properties": {
        "cell_id": "cell_05_10",
        "row": 5,
        "col": 10,
        "index": 110,
        "centroid_lon": 77.3025,
        "centroid_lat": 28.523913,
        "min_lon": 77.3,
        "min_lat": 28.521739,
        "max_lon": 77.305,
        "max_lat": 28.526087,
        "approx_width_m": 488.4,
        "approx_height_m": 483.5
      },
      "geometry": {
        "type": "Polygon",
        "coordinates": [
          [
            [
              77.3,
              28.521739
            ],
            [
              77.305,
              28.521739
            ],
            [
              77.305,
              28.526087
            ],
            [
              77.3,
              28.526087
            ],
            [
              77.3,
              28.521739
            ]
          ]
        ]
      }
    },
    {
      "type": "Feature",
      "id": "cell_05_11",
      "properties": {
        "cell_id": "cell_05_11",
        "row": 5,
        "col": 11,
        "index": 111,
        "centroid_lon": 77.3075,
        "centroid_lat": 28.523913,
        "min_lon": 77.305,
        "min_lat": 28.521739,
        "max_lon": 77.31,
        "max_lat": 28.526087,
        "approx_width_m": 488.4,
        "approx_height_m": 483.5
      },
      "geometry": {
        "type": "Polygon",
        "coordinates": [
          [
            [
              77.305,
              28.521739
            ],
            [
              77.31,
              28.521739
            ],
            [
              77.31,
              28.526087
            ],
            [
              77.305,
              28.526087
            ],
            [
              77.305,
              28.521739
            ]
          ]
        ]
      }
    },
    {
      "type": "Feature",
      "id": "cell_05_12",
      "properties": {
        "cell_id": "cell_05_12",
        "row": 5,
        "col": 12,
        "index": 112,
        "centroid_lon": 77.3125,
        "centroid_lat": 28.523913,
        "min_lon": 77.31,
        "min_lat": 28.521739,
        "max_lon": 77.315,
        "max_lat": 28.526087,
        "approx_width_m": 488.4,
        "approx_height_m": 483.5
      },
      "geometry": {
        "type": "Polygon",
        "coordinates": [
          [
            [
              77.31,
              28.521739
            ],
            [
              77.315,
              28.521739
            ],
            [
              77.315,
              28.526087
            ],
            [
              77.31,
              28.526087
            ],
            [
              77.31,
              28.521739
            ]
          ]
        ]
      }
    },
    {
      "type": "Feature",
      "id": "cell_05_13",
      "properties": {
        "cell_id": "cell_05_13",
        "row": 5,
        "col": 13,
        "index": 113,
        "centroid_lon": 77.3175,
        "centroid_lat": 28.523913,
        "min_lon": 77.315,
        "min_lat": 28.521739,
        "max_lon": 77.32,
        "max_lat": 28.526087,
        "approx_width_m": 488.4,
        "approx_height_m": 483.5
      },
      "geometry": {
        "type": "Polygon",
        "coordinates": [
          [
            [
              77.315,
              28.521739
            ],
            [
              77.32,
              28.521739
            ],
            [
              77.32,
              28.526087
            ],
            [
              77.315,
              28.526087
            ],
            [
              77.315,
              28.521739
            ]
          ]
        ]
      }
    },
    {
      "type": "Feature",
      "id": "cell_05_14",
      "properties": {
        "cell_id": "cell_05_14",
        "row": 5,
        "col": 14,
        "index": 114,
        "centroid_lon": 77.3225,
        "centroid_lat": 28.523913,
        "min_lon": 77.32,
        "min_lat": 28.521739,
        "max_lon": 77.325,
        "max_lat": 28.526087,
        "approx_width_m": 488.4,
        "approx_height_m": 483.5
      },
      "geometry": {
        "type": "Polygon",
        "coordinates": [
          [
            [
              77.32,
              28.521739
            ],
            [
              77.325,
              28.521739
            ],
            [
              77.325,
              28.526087
            ],
            [
              77.32,
              28.526087
            ],
            [
              77.32,
              28.521739
            ]
          ]
        ]
      }
    },
    {
      "type": "Feature",
      "id": "cell_05_15",
      "properties": {
        "cell_id": "cell_05_15",
        "row": 5,
        "col": 15,
        "index": 115,
        "centroid_lon": 77.3275,
        "centroid_lat": 28.523913,
        "min_lon": 77.325,
        "min_lat": 28.521739,
        "max_lon": 77.33,
        "max_lat": 28.526087,
        "approx_width_m": 488.4,
        "approx_height_m": 483.5
      },
      "geometry": {
        "type": "Polygon",
        "coordinates": [
          [
            [
              77.325,
              28.521739
            ],
            [
              77.33,
              28.521739
            ],
            [
              77.33,
              28.526087
            ],
            [
              77.325,
              28.526087
            ],
            [
              77.325,
              28.521739
            ]
          ]
        ]
      }
    },
    {
      "type": "Feature",
      "id": "cell_05_16",
      "properties": {
        "cell_id": "cell_05_16",
        "row": 5,
        "col": 16,
        "index": 116,
        "centroid_lon": 77.3325,
        "centroid_lat": 28.523913,
        "min_lon": 77.33,
        "min_lat": 28.521739,
        "max_lon": 77.335,
        "max_lat": 28.526087,
        "approx_width_m": 488.4,
        "approx_height_m": 483.5
      },
      "geometry": {
        "type": "Polygon",
        "coordinates": [
          [
            [
              77.33,
              28.521739
            ],
            [
              77.335,
              28.521739
            ],
            [
              77.335,
              28.526087
            ],
            [
              77.33,
              28.526087
            ],
            [
              77.33,
              28.521739
            ]
          ]
        ]
      }
    },
    {
      "type": "Feature",
      "id": "cell_05_17",
      "properties": {
        "cell_id": "cell_05_17",
        "row": 5,
        "col": 17,
        "index": 117,
        "centroid_lon": 77.3375,
        "centroid_lat": 28.523913,
        "min_lon": 77.335,
        "min_lat": 28.521739,
        "max_lon": 77.34,
        "max_lat": 28.526087,
        "approx_width_m": 488.4,
        "approx_height_m": 483.5
      },
      "geometry": {
        "type": "Polygon",
        "coordinates": [
          [
            [
              77.335,
              28.521739
            ],
            [
              77.34,
              28.521739
            ],
            [
              77.34,
              28.526087
            ],
            [
              77.335,
              28.526087
            ],
            [
              77.335,
              28.521739
            ]
          ]
        ]
      }
    },
    {
      "type": "Feature",
      "id": "cell_05_18",
      "properties": {
        "cell_id": "cell_05_18",
        "row": 5,
        "col": 18,
        "index": 118,
        "centroid_lon": 77.3425,
        "centroid_lat": 28.523913,
        "min_lon": 77.34,
        "min_lat": 28.521739,
        "max_lon": 77.345,
        "max_lat": 28.526087,
        "approx_width_m": 488.4,
        "approx_height_m": 483.5
      },
      "geometry": {
        "type": "Polygon",
        "coordinates": [
          [
            [
              77.34,
              28.521739
            ],
            [
              77.345,
              28.521739
            ],
            [
              77.345,
              28.526087
            ],
            [
              77.34,
              28.526087
            ],
            [
              77.34,
              28.521739
            ]
          ]
        ]
      }
    },
    {
      "type": "Feature",
      "id": "cell_05_19",
      "properties": {
        "cell_id": "cell_05_19",
        "row": 5,
        "col": 19,
        "index": 119,
        "centroid_lon": 77.3475,
        "centroid_lat": 28.523913,
        "min_lon": 77.345,
        "min_lat": 28.521739,
        "max_lon": 77.35,
        "max_lat": 28.526087,
        "approx_width_m": 488.4,
        "approx_height_m": 483.5
      },
      "geometry": {
        "type": "Polygon",
        "coordinates": [
          [
            [
              77.345,
              28.521739
            ],
            [
              77.35,
              28.521739
            ],
            [
              77.35,
              28.526087
            ],
            [
              77.345,
              28.526087
            ],
            [
              77.345,
              28.521739
            ]
          ]
        ]
      }
    },
    {
      "type": "Feature",
      "id": "cell_06_00",
      "properties": {
        "cell_id": "cell_06_00",
        "row": 6,
        "col": 0,
        "index": 120,
        "centroid_lon": 77.2525,
        "centroid_lat": 28.528261,
        "min_lon": 77.25,
        "min_lat": 28.526087,
        "max_lon": 77.255,
        "max_lat": 28.530435,
        "approx_width_m": 488.4,
        "approx_height_m": 483.5
      },
      "geometry": {
        "type": "Polygon",
        "coordinates": [
          [
            [
              77.25,
              28.526087
            ],
            [
              77.255,
              28.526087
            ],
            [
              77.255,
              28.530435
            ],
            [
              77.25,
              28.530435
            ],
            [
              77.25,
              28.526087
            ]
          ]
        ]
      }
    },
    {
      "type": "Feature",
      "id": "cell_06_01",
      "properties": {
        "cell_id": "cell_06_01",
        "row": 6,
        "col": 1,
        "index": 121,
        "centroid_lon": 77.2575,
        "centroid_lat": 28.528261,
        "min_lon": 77.255,
        "min_lat": 28.526087,
        "max_lon": 77.26,
        "max_lat": 28.530435,
        "approx_width_m": 488.4,
        "approx_height_m": 483.5
      },
      "geometry": {
        "type": "Polygon",
        "coordinates": [
          [
            [
              77.255,
              28.526087
            ],
            [
              77.26,
              28.526087
            ],
            [
              77.26,
              28.530435
            ],
            [
              77.255,
              28.530435
            ],
            [
              77.255,
              28.526087
            ]
          ]
        ]
      }
    },
    {
      "type": "Feature",
      "id": "cell_06_02",
      "properties": {
        "cell_id": "cell_06_02",
        "row": 6,
        "col": 2,
        "index": 122,
        "centroid_lon": 77.2625,
        "centroid_lat": 28.528261,
        "min_lon": 77.26,
        "min_lat": 28.526087,
        "max_lon": 77.265,
        "max_lat": 28.530435,
        "approx_width_m": 488.4,
        "approx_height_m": 483.5
      },
      "geometry": {
        "type": "Polygon",
        "coordinates": [
          [
            [
              77.26,
              28.526087
            ],
            [
              77.265,
              28.526087
            ],
            [
              77.265,
              28.530435
            ],
            [
              77.26,
              28.530435
            ],
            [
              77.26,
              28.526087
            ]
          ]
        ]
      }
    },
    {
      "type": "Feature",
      "id": "cell_06_03",
      "properties": {
        "cell_id": "cell_06_03",
        "row": 6,
        "col": 3,
        "index": 123,
        "centroid_lon": 77.2675,
        "centroid_lat": 28.528261,
        "min_lon": 77.265,
        "min_lat": 28.526087,
        "max_lon": 77.27,
        "max_lat": 28.530435,
        "approx_width_m": 488.4,
        "approx_height_m": 483.5
      },
      "geometry": {
        "type": "Polygon",
        "coordinates": [
          [
            [
              77.265,
              28.526087
            ],
            [
              77.27,
              28.526087
            ],
            [
              77.27,
              28.530435
            ],
            [
              77.265,
              28.530435
            ],
            [
              77.265,
              28.526087
            ]
          ]
        ]
      }
    },
    {
      "type": "Feature",
      "id": "cell_06_04",
      "properties": {
        "cell_id": "cell_06_04",
        "row": 6,
        "col": 4,
        "index": 124,
        "centroid_lon": 77.2725,
        "centroid_lat": 28.528261,
        "min_lon": 77.27,
        "min_lat": 28.526087,
        "max_lon": 77.275,
        "max_lat": 28.530435,
        "approx_width_m": 488.4,
        "approx_height_m": 483.5
      },
      "geometry": {
        "type": "Polygon",
        "coordinates": [
          [
            [
              77.27,
              28.526087
            ],
            [
              77.275,
              28.526087
            ],
            [
              77.275,
              28.530435
            ],
            [
              77.27,
              28.530435
            ],
            [
              77.27,
              28.526087
            ]
          ]
        ]
      }
    },
    {
      "type": "Feature",
      "id": "cell_06_05",
      "properties": {
        "cell_id": "cell_06_05",
        "row": 6,
        "col": 5,
        "index": 125,
        "centroid_lon": 77.2775,
        "centroid_lat": 28.528261,
        "min_lon": 77.275,
        "min_lat": 28.526087,
        "max_lon": 77.28,
        "max_lat": 28.530435,
        "approx_width_m": 488.4,
        "approx_height_m": 483.5
      },
      "geometry": {
        "type": "Polygon",
        "coordinates": [
          [
            [
              77.275,
              28.526087
            ],
            [
              77.28,
              28.526087
            ],
            [
              77.28,
              28.530435
            ],
            [
              77.275,
              28.530435
            ],
            [
              77.275,
              28.526087
            ]
          ]
        ]
      }
    },
    {
      "type": "Feature",
      "id": "cell_06_06",
      "properties": {
        "cell_id": "cell_06_06",
        "row": 6,
        "col": 6,
        "index": 126,
        "centroid_lon": 77.2825,
        "centroid_lat": 28.528261,
        "min_lon": 77.28,
        "min_lat": 28.526087,
        "max_lon": 77.285,
        "max_lat": 28.530435,
        "approx_width_m": 488.4,
        "approx_height_m": 483.5
      },
      "geometry": {
        "type": "Polygon",
        "coordinates": [
          [
            [
              77.28,
              28.526087
            ],
            [
              77.285,
              28.526087
            ],
            [
              77.285,
              28.530435
            ],
            [
              77.28,
              28.530435
            ],
            [
              77.28,
              28.526087
            ]
          ]
        ]
      }
    },
    {
      "type": "Feature",
      "id": "cell_06_07",
      "properties": {
        "cell_id": "cell_06_07",
        "row": 6,
        "col": 7,
        "index": 127,
        "centroid_lon": 77.2875,
        "centroid_lat": 28.528261,
        "min_lon": 77.285,
        "min_lat": 28.526087,
        "max_lon": 77.29,
        "max_lat": 28.530435,
        "approx_width_m": 488.4,
        "approx_height_m": 483.5
      },
      "geometry": {
        "type": "Polygon",
        "coordinates": [
          [
            [
              77.285,
              28.526087
            ],
            [
              77.29,
              28.526087
            ],
            [
              77.29,
              28.530435
            ],
            [
              77.285,
              28.530435
            ],
            [
              77.285,
              28.526087
            ]
          ]
        ]
      }
    },
    {
      "type": "Feature",
      "id": "cell_06_08",
      "properties": {
        "cell_id": "cell_06_08",
        "row": 6,
        "col": 8,
        "index": 128,
        "centroid_lon": 77.2925,
        "centroid_lat": 28.528261,
        "min_lon": 77.29,
        "min_lat": 28.526087,
        "max_lon": 77.295,
        "max_lat": 28.530435,
        "approx_width_m": 488.4,
        "approx_height_m": 483.5
      },
      "geometry": {
        "type": "Polygon",
        "coordinates": [
          [
            [
              77.29,
              28.526087
            ],
            [
              77.295,
              28.526087
            ],
            [
              77.295,
              28.530435
            ],
            [
              77.29,
              28.530435
            ],
            [
              77.29,
              28.526087
            ]
          ]
        ]
      }
    },
    {
      "type": "Feature",
      "id": "cell_06_09",
      "properties": {
        "cell_id": "cell_06_09",
        "row": 6,
        "col": 9,
        "index": 129,
        "centroid_lon": 77.2975,
        "centroid_lat": 28.528261,
        "min_lon": 77.295,
        "min_lat": 28.526087,
        "max_lon": 77.3,
        "max_lat": 28.530435,
        "approx_width_m": 488.4,
        "approx_height_m": 483.5
      },
      "geometry": {
        "type": "Polygon",
        "coordinates": [
          [
            [
              77.295,
              28.526087
            ],
            [
              77.3,
              28.526087
            ],
            [
              77.3,
              28.530435
            ],
            [
              77.295,
              28.530435
            ],
            [
              77.295,
              28.526087
            ]
          ]
        ]
      }
    },
    {
      "type": "Feature",
      "id": "cell_06_10",
      "properties": {
        "cell_id": "cell_06_10",
        "row": 6,
        "col": 10,
        "index": 130,
        "centroid_lon": 77.3025,
        "centroid_lat": 28.528261,
        "min_lon": 77.3,
        "min_lat": 28.526087,
        "max_lon": 77.305,
        "max_lat": 28.530435,
        "approx_width_m": 488.4,
        "approx_height_m": 483.5
      },
      "geometry": {
        "type": "Polygon",
        "coordinates": [
          [
            [
              77.3,
              28.526087
            ],
            [
              77.305,
              28.526087
            ],
            [
              77.305,
              28.530435
            ],
            [
              77.3,
              28.530435
            ],
            [
              77.3,
              28.526087
            ]
          ]
        ]
      }
    },
    {
      "type": "Feature",
      "id": "cell_06_11",
      "properties": {
        "cell_id": "cell_06_11",
        "row": 6,
        "col": 11,
        "index": 131,
        "centroid_lon": 77.3075,
        "centroid_lat": 28.528261,
        "min_lon": 77.305,
        "min_lat": 28.526087,
        "max_lon": 77.31,
        "max_lat": 28.530435,
        "approx_width_m": 488.4,
        "approx_height_m": 483.5
      },
      "geometry": {
        "type": "Polygon",
        "coordinates": [
          [
            [
              77.305,
              28.526087
            ],
            [
              77.31,
              28.526087
            ],
            [
              77.31,
              28.530435
            ],
            [
              77.305,
              28.530435
            ],
            [
              77.305,
              28.526087
            ]
          ]
        ]
      }
    },
    {
      "type": "Feature",
      "id": "cell_06_12",
      "properties": {
        "cell_id": "cell_06_12",
        "row": 6,
        "col": 12,
        "index": 132,
        "centroid_lon": 77.3125,
        "centroid_lat": 28.528261,
        "min_lon": 77.31,
        "min_lat": 28.526087,
        "max_lon": 77.315,
        "max_lat": 28.530435,
        "approx_width_m": 488.4,
        "approx_height_m": 483.5
      },
      "geometry": {
        "type": "Polygon",
        "coordinates": [
          [
            [
              77.31,
              28.526087
            ],
            [
              77.315,
              28.526087
            ],
            [
              77.315,
              28.530435
            ],
            [
              77.31,
              28.530435
            ],
            [
              77.31,
              28.526087
            ]
          ]
        ]
      }
    },
    {
      "type": "Feature",
      "id": "cell_06_13",
      "properties": {
        "cell_id": "cell_06_13",
        "row": 6,
        "col": 13,
        "index": 133,
        "centroid_lon": 77.3175,
        "centroid_lat": 28.528261,
        "min_lon": 77.315,
        "min_lat": 28.526087,
        "max_lon": 77.32,
        "max_lat": 28.530435,
        "approx_width_m": 488.4,
        "approx_height_m": 483.5
      },
      "geometry": {
        "type": "Polygon",
        "coordinates": [
          [
            [
              77.315,
              28.526087
            ],
            [
              77.32,
              28.526087
            ],
            [
              77.32,
              28.530435
            ],
            [
              77.315,
              28.530435
            ],
            [
              77.315,
              28.526087
            ]
          ]
        ]
      }
    },
    {
      "type": "Feature",
      "id": "cell_06_14",
      "properties": {
        "cell_id": "cell_06_14",
        "row": 6,
        "col": 14,
        "index": 134,
        "centroid_lon": 77.3225,
        "centroid_lat": 28.528261,
        "min_lon": 77.32,
        "min_lat": 28.526087,
        "max_lon": 77.325,
        "max_lat": 28.530435,
        "approx_width_m": 488.4,
        "approx_height_m": 483.5
      },
      "geometry": {
        "type": "Polygon",
        "coordinates": [
          [
            [
              77.32,
              28.526087
            ],
            [
              77.325,
              28.526087
            ],
            [
              77.325,
              28.530435
            ],
            [
              77.32,
              28.530435
            ],
            [
              77.32,
              28.526087
            ]
          ]
        ]
      }
    },
    {
      "type": "Feature",
      "id": "cell_06_15",
      "properties": {
        "cell_id": "cell_06_15",
        "row": 6,
        "col": 15,
        "index": 135,
        "centroid_lon": 77.3275,
        "centroid_lat": 28.528261,
        "min_lon": 77.325,
        "min_lat": 28.526087,
        "max_lon": 77.33,
        "max_lat": 28.530435,
        "approx_width_m": 488.4,
        "approx_height_m": 483.5
      },
      "geometry": {
        "type": "Polygon",
        "coordinates": [
          [
            [
              77.325,
              28.526087
            ],
            [
              77.33,
              28.526087
            ],
            [
              77.33,
              28.530435
            ],
            [
              77.325,
              28.530435
            ],
            [
              77.325,
              28.526087
            ]
          ]
        ]
      }
    },
    {
      "type": "Feature",
      "id": "cell_06_16",
      "properties": {
        "cell_id": "cell_06_16",
        "row": 6,
        "col": 16,
        "index": 136,
        "centroid_lon": 77.3325,
        "centroid_lat": 28.528261,
        "min_lon": 77.33,
        "min_lat": 28.526087,
        "max_lon": 77.335,
        "max_lat": 28.530435,
        "approx_width_m": 488.4,
        "approx_height_m": 483.5
      },
      "geometry": {
        "type": "Polygon",
        "coordinates": [
          [
            [
              77.33,
              28.526087
            ],
            [
              77.335,
              28.526087
            ],
            [
              77.335,
              28.530435
            ],
            [
              77.33,
              28.530435
            ],
            [
              77.33,
              28.526087
            ]
          ]
        ]
      }
    },
    {
      "type": "Feature",
      "id": "cell_06_17",
      "properties": {
        "cell_id": "cell_06_17",
        "row": 6,
        "col": 17,
        "index": 137,
        "centroid_lon": 77.3375,
        "centroid_lat": 28.528261,
        "min_lon": 77.335,
        "min_lat": 28.526087,
        "max_lon": 77.34,
        "max_lat": 28.530435,
        "approx_width_m": 488.4,
        "approx_height_m": 483.5
      },
      "geometry": {
        "type": "Polygon",
        "coordinates": [
          [
            [
              77.335,
              28.526087
            ],
            [
              77.34,
              28.526087
            ],
            [
              77.34,
              28.530435
            ],
            [
              77.335,
              28.530435
            ],
            [
              77.335,
              28.526087
            ]
          ]
        ]
      }
    },
    {
      "type": "Feature",
      "id": "cell_06_18",
      "properties": {
        "cell_id": "cell_06_18",
        "row": 6,
        "col": 18,
        "index": 138,
        "centroid_lon": 77.3425,
        "centroid_lat": 28.528261,
        "min_lon": 77.34,
        "min_lat": 28.526087,
        "max_lon": 77.345,
        "max_lat": 28.530435,
        "approx_width_m": 488.4,
        "approx_height_m": 483.5
      },
      "geometry": {
        "type": "Polygon",
        "coordinates": [
          [
            [
              77.34,
              28.526087
            ],
            [
              77.345,
              28.526087
            ],
            [
              77.345,
              28.530435
            ],
            [
              77.34,
              28.530435
            ],
            [
              77.34,
              28.526087
            ]
          ]
        ]
      }
    },
    {
      "type": "Feature",
      "id": "cell_06_19",
      "properties": {
        "cell_id": "cell_06_19",
        "row": 6,
        "col": 19,
        "index": 139,
        "centroid_lon": 77.3475,
        "centroid_lat": 28.528261,
        "min_lon": 77.345,
        "min_lat": 28.526087,
        "max_lon": 77.35,
        "max_lat": 28.530435,
        "approx_width_m": 488.4,
        "approx_height_m": 483.5
      },
      "geometry": {
        "type": "Polygon",
        "coordinates": [
          [
            [
              77.345,
              28.526087
            ],
            [
              77.35,
              28.526087
            ],
            [
              77.35,
              28.530435
            ],
            [
              77.345,
              28.530435
            ],
            [
              77.345,
              28.526087
            ]
          ]
        ]
      }
    },
    {
      "type": "Feature",
      "id": "cell_07_00",
      "properties": {
        "cell_id": "cell_07_00",
        "row": 7,
        "col": 0,
        "index": 140,
        "centroid_lon": 77.2525,
        "centroid_lat": 28.532609,
        "min_lon": 77.25,
        "min_lat": 28.530435,
        "max_lon": 77.255,
        "max_lat": 28.534783,
        "approx_width_m": 488.4,
        "approx_height_m": 483.5
      },
      "geometry": {
        "type": "Polygon",
        "coordinates": [
          [
            [
              77.25,
              28.530435
            ],
            [
              77.255,
              28.530435
            ],
            [
              77.255,
              28.534783
            ],
            [
              77.25,
              28.534783
            ],
            [
              77.25,
              28.530435
            ]
          ]
        ]
      }
    },
    {
      "type": "Feature",
      "id": "cell_07_01",
      "properties": {
        "cell_id": "cell_07_01",
        "row": 7,
        "col": 1,
        "index": 141,
        "centroid_lon": 77.2575,
        "centroid_lat": 28.532609,
        "min_lon": 77.255,
        "min_lat": 28.530435,
        "max_lon": 77.26,
        "max_lat": 28.534783,
        "approx_width_m": 488.4,
        "approx_height_m": 483.5
      },
      "geometry": {
        "type": "Polygon",
        "coordinates": [
          [
            [
              77.255,
              28.530435
            ],
            [
              77.26,
              28.530435
            ],
            [
              77.26,
              28.534783
            ],
            [
              77.255,
              28.534783
            ],
            [
              77.255,
              28.530435
            ]
          ]
        ]
      }
    },
    {
      "type": "Feature",
      "id": "cell_07_02",
      "properties": {
        "cell_id": "cell_07_02",
        "row": 7,
        "col": 2,
        "index": 142,
        "centroid_lon": 77.2625,
        "centroid_lat": 28.532609,
        "min_lon": 77.26,
        "min_lat": 28.530435,
        "max_lon": 77.265,
        "max_lat": 28.534783,
        "approx_width_m": 488.4,
        "approx_height_m": 483.5
      },
      "geometry": {
        "type": "Polygon",
        "coordinates": [
          [
            [
              77.26,
              28.530435
            ],
            [
              77.265,
              28.530435
            ],
            [
              77.265,
              28.534783
            ],
            [
              77.26,
              28.534783
            ],
            [
              77.26,
              28.530435
            ]
          ]
        ]
      }
    },
    {
      "type": "Feature",
      "id": "cell_07_03",
      "properties": {
        "cell_id": "cell_07_03",
        "row": 7,
        "col": 3,
        "index": 143,
        "centroid_lon": 77.2675,
        "centroid_lat": 28.532609,
        "min_lon": 77.265,
        "min_lat": 28.530435,
        "max_lon": 77.27,
        "max_lat": 28.534783,
        "approx_width_m": 488.4,
        "approx_height_m": 483.5
      },
      "geometry": {
        "type": "Polygon",
        "coordinates": [
          [
            [
              77.265,
              28.530435
            ],
            [
              77.27,
              28.530435
            ],
            [
              77.27,
              28.534783
            ],
            [
              77.265,
              28.534783
            ],
            [
              77.265,
              28.530435
            ]
          ]
        ]
      }
    },
    {
      "type": "Feature",
      "id": "cell_07_04",
      "properties": {
        "cell_id": "cell_07_04",
        "row": 7,
        "col": 4,
        "index": 144,
        "centroid_lon": 77.2725,
        "centroid_lat": 28.532609,
        "min_lon": 77.27,
        "min_lat": 28.530435,
        "max_lon": 77.275,
        "max_lat": 28.534783,
        "approx_width_m": 488.4,
        "approx_height_m": 483.5
      },
      "geometry": {
        "type": "Polygon",
        "coordinates": [
          [
            [
              77.27,
              28.530435
            ],
            [
              77.275,
              28.530435
            ],
            [
              77.275,
              28.534783
            ],
            [
              77.27,
              28.534783
            ],
            [
              77.27,
              28.530435
            ]
          ]
        ]
      }
    },
    {
      "type": "Feature",
      "id": "cell_07_05",
      "properties": {
        "cell_id": "cell_07_05",
        "row": 7,
        "col": 5,
        "index": 145,
        "centroid_lon": 77.2775,
        "centroid_lat": 28.532609,
        "min_lon": 77.275,
        "min_lat": 28.530435,
        "max_lon": 77.28,
        "max_lat": 28.534783,
        "approx_width_m": 488.4,
        "approx_height_m": 483.5
      },
      "geometry": {
        "type": "Polygon",
        "coordinates": [
          [
            [
              77.275,
              28.530435
            ],
            [
              77.28,
              28.530435
            ],
            [
              77.28,
              28.534783
            ],
            [
              77.275,
              28.534783
            ],
            [
              77.275,
              28.530435
            ]
          ]
        ]
      }
    },
    {
      "type": "Feature",
      "id": "cell_07_06",
      "properties": {
        "cell_id": "cell_07_06",
        "row": 7,
        "col": 6,
        "index": 146,
        "centroid_lon": 77.2825,
        "centroid_lat": 28.532609,
        "min_lon": 77.28,
        "min_lat": 28.530435,
        "max_lon": 77.285,
        "max_lat": 28.534783,
        "approx_width_m": 488.4,
        "approx_height_m": 483.5
      },
      "geometry": {
        "type": "Polygon",
        "coordinates": [
          [
            [
              77.28,
              28.530435
            ],
            [
              77.285,
              28.530435
            ],
            [
              77.285,
              28.534783
            ],
            [
              77.28,
              28.534783
            ],
            [
              77.28,
              28.530435
            ]
          ]
        ]
      }
    },
    {
      "type": "Feature",
      "id": "cell_07_07",
      "properties": {
        "cell_id": "cell_07_07",
        "row": 7,
        "col": 7,
        "index": 147,
        "centroid_lon": 77.2875,
        "centroid_lat": 28.532609,
        "min_lon": 77.285,
        "min_lat": 28.530435,
        "max_lon": 77.29,
        "max_lat": 28.534783,
        "approx_width_m": 488.4,
        "approx_height_m": 483.5
      },
      "geometry": {
        "type": "Polygon",
        "coordinates": [
          [
            [
              77.285,
              28.530435
            ],
            [
              77.29,
              28.530435
            ],
            [
              77.29,
              28.534783
            ],
            [
              77.285,
              28.534783
            ],
            [
              77.285,
              28.530435
            ]
          ]
        ]
      }
    },
    {
      "type": "Feature",
      "id": "cell_07_08",
      "properties": {
        "cell_id": "cell_07_08",
        "row": 7,
        "col": 8,
        "index": 148,
        "centroid_lon": 77.2925,
        "centroid_lat": 28.532609,
        "min_lon": 77.29,
        "min_lat": 28.530435,
        "max_lon": 77.295,
        "max_lat": 28.534783,
        "approx_width_m": 488.4,
        "approx_height_m": 483.5
      },
      "geometry": {
        "type": "Polygon",
        "coordinates": [
          [
            [
              77.29,
              28.530435
            ],
            [
              77.295,
              28.530435
            ],
            [
              77.295,
              28.534783
            ],
            [
              77.29,
              28.534783
            ],
            [
              77.29,
              28.530435
            ]
          ]
        ]
      }
    },
    {
      "type": "Feature",
      "id": "cell_07_09",
      "properties": {
        "cell_id": "cell_07_09",
        "row": 7,
        "col": 9,
        "index": 149,
        "centroid_lon": 77.2975,
        "centroid_lat": 28.532609,
        "min_lon": 77.295,
        "min_lat": 28.530435,
        "max_lon": 77.3,
        "max_lat": 28.534783,
        "approx_width_m": 488.4,
        "approx_height_m": 483.5
      },
      "geometry": {
        "type": "Polygon",
        "coordinates": [
          [
            [
              77.295,
              28.530435
            ],
            [
              77.3,
              28.530435
            ],
            [
              77.3,
              28.534783
            ],
            [
              77.295,
              28.534783
            ],
            [
              77.295,
              28.530435
            ]
          ]
        ]
      }
    },
    {
      "type": "Feature",
      "id": "cell_07_10",
      "properties": {
        "cell_id": "cell_07_10",
        "row": 7,
        "col": 10,
        "index": 150,
        "centroid_lon": 77.3025,
        "centroid_lat": 28.532609,
        "min_lon": 77.3,
        "min_lat": 28.530435,
        "max_lon": 77.305,
        "max_lat": 28.534783,
        "approx_width_m": 488.4,
        "approx_height_m": 483.5
      },
      "geometry": {
        "type": "Polygon",
        "coordinates": [
          [
            [
              77.3,
              28.530435
            ],
            [
              77.305,
              28.530435
            ],
            [
              77.305,
              28.534783
            ],
            [
              77.3,
              28.534783
            ],
            [
              77.3,
              28.530435
            ]
          ]
        ]
      }
    },
    {
      "type": "Feature",
      "id": "cell_07_11",
      "properties": {
        "cell_id": "cell_07_11",
        "row": 7,
        "col": 11,
        "index": 151,
        "centroid_lon": 77.3075,
        "centroid_lat": 28.532609,
        "min_lon": 77.305,
        "min_lat": 28.530435,
        "max_lon": 77.31,
        "max_lat": 28.534783,
        "approx_width_m": 488.4,
        "approx_height_m": 483.5
      },
      "geometry": {
        "type": "Polygon",
        "coordinates": [
          [
            [
              77.305,
              28.530435
            ],
            [
              77.31,
              28.530435
            ],
            [
              77.31,
              28.534783
            ],
            [
              77.305,
              28.534783
            ],
            [
              77.305,
              28.530435
            ]
          ]
        ]
      }
    },
    {
      "type": "Feature",
      "id": "cell_07_12",
      "properties": {
        "cell_id": "cell_07_12",
        "row": 7,
        "col": 12,
        "index": 152,
        "centroid_lon": 77.3125,
        "centroid_lat": 28.532609,
        "min_lon": 77.31,
        "min_lat": 28.530435,
        "max_lon": 77.315,
        "max_lat": 28.534783,
        "approx_width_m": 488.4,
        "approx_height_m": 483.5
      },
      "geometry": {
        "type": "Polygon",
        "coordinates": [
          [
            [
              77.31,
              28.530435
            ],
            [
              77.315,
              28.530435
            ],
            [
              77.315,
              28.534783
            ],
            [
              77.31,
              28.534783
            ],
            [
              77.31,
              28.530435
            ]
          ]
        ]
      }
    },
    {
      "type": "Feature",
      "id": "cell_07_13",
      "properties": {
        "cell_id": "cell_07_13",
        "row": 7,
        "col": 13,
        "index": 153,
        "centroid_lon": 77.3175,
        "centroid_lat": 28.532609,
        "min_lon": 77.315,
        "min_lat": 28.530435,
        "max_lon": 77.32,
        "max_lat": 28.534783,
        "approx_width_m": 488.4,
        "approx_height_m": 483.5
      },
      "geometry": {
        "type": "Polygon",
        "coordinates": [
          [
            [
              77.315,
              28.530435
            ],
            [
              77.32,
              28.530435
            ],
            [
              77.32,
              28.534783
            ],
            [
              77.315,
              28.534783
            ],
            [
              77.315,
              28.530435
            ]
          ]
        ]
      }
    },
    {
      "type": "Feature",
      "id": "cell_07_14",
      "properties": {
        "cell_id": "cell_07_14",
        "row": 7,
        "col": 14,
        "index": 154,
        "centroid_lon": 77.3225,
        "centroid_lat": 28.532609,
        "min_lon": 77.32,
        "min_lat": 28.530435,
        "max_lon": 77.325,
        "max_lat": 28.534783,
        "approx_width_m": 488.4,
        "approx_height_m": 483.5
      },
      "geometry": {
        "type": "Polygon",
        "coordinates": [
          [
            [
              77.32,
              28.530435
            ],
            [
              77.325,
              28.530435
            ],
            [
              77.325,
              28.534783
            ],
            [
              77.32,
              28.534783
            ],
            [
              77.32,
              28.530435
            ]
          ]
        ]
      }
    },
    {
      "type": "Feature",
      "id": "cell_07_15",
      "properties": {
        "cell_id": "cell_07_15",
        "row": 7,
        "col": 15,
        "index": 155,
        "centroid_lon": 77.3275,
        "centroid_lat": 28.532609,
        "min_lon": 77.325,
        "min_lat": 28.530435,
        "max_lon": 77.33,
        "max_lat": 28.534783,
        "approx_width_m": 488.4,
        "approx_height_m": 483.5
      },
      "geometry": {
        "type": "Polygon",
        "coordinates": [
          [
            [
              77.325,
              28.530435
            ],
            [
              77.33,
              28.530435
            ],
            [
              77.33,
              28.534783
            ],
            [
              77.325,
              28.534783
            ],
            [
              77.325,
              28.530435
            ]
          ]
        ]
      }
    },
    {
      "type": "Feature",
      "id": "cell_07_16",
      "properties": {
        "cell_id": "cell_07_16",
        "row": 7,
        "col": 16,
        "index": 156,
        "centroid_lon": 77.3325,
        "centroid_lat": 28.532609,
        "min_lon": 77.33,
        "min_lat": 28.530435,
        "max_lon": 77.335,
        "max_lat": 28.534783,
        "approx_width_m": 488.4,
        "approx_height_m": 483.5
      },
      "geometry": {
        "type": "Polygon",
        "coordinates": [
          [
            [
              77.33,
              28.530435
            ],
            [
              77.335,
              28.530435
            ],
            [
              77.335,
              28.534783
            ],
            [
              77.33,
              28.534783
            ],
            [
              77.33,
              28.530435
            ]
          ]
        ]
      }
    },
    {
      "type": "Feature",
      "id": "cell_07_17",
      "properties": {
        "cell_id": "cell_07_17",
        "row": 7,
        "col": 17,
        "index": 157,
        "centroid_lon": 77.3375,
        "centroid_lat": 28.532609,
        "min_lon": 77.335,
        "min_lat": 28.530435,
        "max_lon": 77.34,
        "max_lat": 28.534783,
        "approx_width_m": 488.4,
        "approx_height_m": 483.5
      },
      "geometry": {
        "type": "Polygon",
        "coordinates": [
          [
            [
              77.335,
              28.530435
            ],
            [
              77.34,
              28.530435
            ],
            [
              77.34,
              28.534783
            ],
            [
              77.335,
              28.534783
            ],
            [
              77.335,
              28.530435
            ]
          ]
        ]
      }
    },
    {
      "type": "Feature",
      "id": "cell_07_18",
      "properties": {
        "cell_id": "cell_07_18",
        "row": 7,
        "col": 18,
        "index": 158,
        "centroid_lon": 77.3425,
        "centroid_lat": 28.532609,
        "min_lon": 77.34,
        "min_lat": 28.530435,
        "max_lon": 77.345,
        "max_lat": 28.534783,
        "approx_width_m": 488.4,
        "approx_height_m": 483.5
      },
      "geometry": {
        "type": "Polygon",
        "coordinates": [
          [
            [
              77.34,
              28.530435
            ],
            [
              77.345,
              28.530435
            ],
            [
              77.345,
              28.534783
            ],
            [
              77.34,
              28.534783
            ],
            [
              77.34,
              28.530435
            ]
          ]
        ]
      }
    },
    {
      "type": "Feature",
      "id": "cell_07_19",
      "properties": {
        "cell_id": "cell_07_19",
        "row": 7,
        "col": 19,
        "index": 159,
        "centroid_lon": 77.3475,
        "centroid_lat": 28.532609,
        "min_lon": 77.345,
        "min_lat": 28.530435,
        "max_lon": 77.35,
        "max_lat": 28.534783,
        "approx_width_m": 488.4,
        "approx_height_m": 483.5
      },
      "geometry": {
        "type": "Polygon",
        "coordinates": [
          [
            [
              77.345,
              28.530435
            ],
            [
              77.35,
              28.530435
            ],
            [
              77.35,
              28.534783
            ],
            [
              77.345,
              28.534783
            ],
            [
              77.345,
              28.530435
            ]
          ]
        ]
      }
    },
    {
      "type": "Feature",
      "id": "cell_08_00",
      "properties": {
        "cell_id": "cell_08_00",
        "row": 8,
        "col": 0,
        "index": 160,
        "centroid_lon": 77.2525,
        "centroid_lat": 28.536957,
        "min_lon": 77.25,
        "min_lat": 28.534783,
        "max_lon": 77.255,
        "max_lat": 28.53913,
        "approx_width_m": 488.4,
        "approx_height_m": 483.5
      },
      "geometry": {
        "type": "Polygon",
        "coordinates": [
          [
            [
              77.25,
              28.534783
            ],
            [
              77.255,
              28.534783
            ],
            [
              77.255,
              28.53913
            ],
            [
              77.25,
              28.53913
            ],
            [
              77.25,
              28.534783
            ]
          ]
        ]
      }
    },
    {
      "type": "Feature",
      "id": "cell_08_01",
      "properties": {
        "cell_id": "cell_08_01",
        "row": 8,
        "col": 1,
        "index": 161,
        "centroid_lon": 77.2575,
        "centroid_lat": 28.536957,
        "min_lon": 77.255,
        "min_lat": 28.534783,
        "max_lon": 77.26,
        "max_lat": 28.53913,
        "approx_width_m": 488.4,
        "approx_height_m": 483.5
      },
      "geometry": {
        "type": "Polygon",
        "coordinates": [
          [
            [
              77.255,
              28.534783
            ],
            [
              77.26,
              28.534783
            ],
            [
              77.26,
              28.53913
            ],
            [
              77.255,
              28.53913
            ],
            [
              77.255,
              28.534783
            ]
          ]
        ]
      }
    },
    {
      "type": "Feature",
      "id": "cell_08_02",
      "properties": {
        "cell_id": "cell_08_02",
        "row": 8,
        "col": 2,
        "index": 162,
        "centroid_lon": 77.2625,
        "centroid_lat": 28.536957,
        "min_lon": 77.26,
        "min_lat": 28.534783,
        "max_lon": 77.265,
        "max_lat": 28.53913,
        "approx_width_m": 488.4,
        "approx_height_m": 483.5
      },
      "geometry": {
        "type": "Polygon",
        "coordinates": [
          [
            [
              77.26,
              28.534783
            ],
            [
              77.265,
              28.534783
            ],
            [
              77.265,
              28.53913
            ],
            [
              77.26,
              28.53913
            ],
            [
              77.26,
              28.534783
            ]
          ]
        ]
      }
    },
    {
      "type": "Feature",
      "id": "cell_08_03",
      "properties": {
        "cell_id": "cell_08_03",
        "row": 8,
        "col": 3,
        "index": 163,
        "centroid_lon": 77.2675,
        "centroid_lat": 28.536957,
        "min_lon": 77.265,
        "min_lat": 28.534783,
        "max_lon": 77.27,
        "max_lat": 28.53913,
        "approx_width_m": 488.4,
        "approx_height_m": 483.5
      },
      "geometry": {
        "type": "Polygon",
        "coordinates": [
          [
            [
              77.265,
              28.534783
            ],
            [
              77.27,
              28.534783
            ],
            [
              77.27,
              28.53913
            ],
            [
              77.265,
              28.53913
            ],
            [
              77.265,
              28.534783
            ]
          ]
        ]
      }
    },
    {
      "type": "Feature",
      "id": "cell_08_04",
      "properties": {
        "cell_id": "cell_08_04",
        "row": 8,
        "col": 4,
        "index": 164,
        "centroid_lon": 77.2725,
        "centroid_lat": 28.536957,
        "min_lon": 77.27,
        "min_lat": 28.534783,
        "max_lon": 77.275,
        "max_lat": 28.53913,
        "approx_width_m": 488.4,
        "approx_height_m": 483.5
      },
      "geometry": {
        "type": "Polygon",
        "coordinates": [
          [
            [
              77.27,
              28.534783
            ],
            [
              77.275,
              28.534783
            ],
            [
              77.275,
              28.53913
            ],
            [
              77.27,
              28.53913
            ],
            [
              77.27,
              28.534783
            ]
          ]
        ]
      }
    },
    {
      "type": "Feature",
      "id": "cell_08_05",
      "properties": {
        "cell_id": "cell_08_05",
        "row": 8,
        "col": 5,
        "index": 165,
        "centroid_lon": 77.2775,
        "centroid_lat": 28.536957,
        "min_lon": 77.275,
        "min_lat": 28.534783,
        "max_lon": 77.28,
        "max_lat": 28.53913,
        "approx_width_m": 488.4,
        "approx_height_m": 483.5
      },
      "geometry": {
        "type": "Polygon",
        "coordinates": [
          [
            [
              77.275,
              28.534783
            ],
            [
              77.28,
              28.534783
            ],
            [
              77.28,
              28.53913
            ],
            [
              77.275,
              28.53913
            ],
            [
              77.275,
              28.534783
            ]
          ]
        ]
      }
    },
    {
      "type": "Feature",
      "id": "cell_08_06",
      "properties": {
        "cell_id": "cell_08_06",
        "row": 8,
        "col": 6,
        "index": 166,
        "centroid_lon": 77.2825,
        "centroid_lat": 28.536957,
        "min_lon": 77.28,
        "min_lat": 28.534783,
        "max_lon": 77.285,
        "max_lat": 28.53913,
        "approx_width_m": 488.4,
        "approx_height_m": 483.5
      },
      "geometry": {
        "type": "Polygon",
        "coordinates": [
          [
            [
              77.28,
              28.534783
            ],
            [
              77.285,
              28.534783
            ],
            [
              77.285,
              28.53913
            ],
            [
              77.28,
              28.53913
            ],
            [
              77.28,
              28.534783
            ]
          ]
        ]
      }
    },
    {
      "type": "Feature",
      "id": "cell_08_07",
      "properties": {
        "cell_id": "cell_08_07",
        "row": 8,
        "col": 7,
        "index": 167,
        "centroid_lon": 77.2875,
        "centroid_lat": 28.536957,
        "min_lon": 77.285,
        "min_lat": 28.534783,
        "max_lon": 77.29,
        "max_lat": 28.53913,
        "approx_width_m": 488.4,
        "approx_height_m": 483.5
      },
      "geometry": {
        "type": "Polygon",
        "coordinates": [
          [
            [
              77.285,
              28.534783
            ],
            [
              77.29,
              28.534783
            ],
            [
              77.29,
              28.53913
            ],
            [
              77.285,
              28.53913
            ],
            [
              77.285,
              28.534783
            ]
          ]
        ]
      }
    },
    {
      "type": "Feature",
      "id": "cell_08_08",
      "properties": {
        "cell_id": "cell_08_08",
        "row": 8,
        "col": 8,
        "index": 168,
        "centroid_lon": 77.2925,
        "centroid_lat": 28.536957,
        "min_lon": 77.29,
        "min_lat": 28.534783,
        "max_lon": 77.295,
        "max_lat": 28.53913,
        "approx_width_m": 488.4,
        "approx_height_m": 483.5
      },
      "geometry": {
        "type": "Polygon",
        "coordinates": [
          [
            [
              77.29,
              28.534783
            ],
            [
              77.295,
              28.534783
            ],
            [
              77.295,
              28.53913
            ],
            [
              77.29,
              28.53913
            ],
            [
              77.29,
              28.534783
            ]
          ]
        ]
      }
    },
    {
      "type": "Feature",
      "id": "cell_08_09",
      "properties": {
        "cell_id": "cell_08_09",
        "row": 8,
        "col": 9,
        "index": 169,
        "centroid_lon": 77.2975,
        "centroid_lat": 28.536957,
        "min_lon": 77.295,
        "min_lat": 28.534783,
        "max_lon": 77.3,
        "max_lat": 28.53913,
        "approx_width_m": 488.4,
        "approx_height_m": 483.5
      },
      "geometry": {
        "type": "Polygon",
        "coordinates": [
          [
            [
              77.295,
              28.534783
            ],
            [
              77.3,
              28.534783
            ],
            [
              77.3,
              28.53913
            ],
            [
              77.295,
              28.53913
            ],
            [
              77.295,
              28.534783
            ]
          ]
        ]
      }
    },
    {
      "type": "Feature",
      "id": "cell_08_10",
      "properties": {
        "cell_id": "cell_08_10",
        "row": 8,
        "col": 10,
        "index": 170,
        "centroid_lon": 77.3025,
        "centroid_lat": 28.536957,
        "min_lon": 77.3,
        "min_lat": 28.534783,
        "max_lon": 77.305,
        "max_lat": 28.53913,
        "approx_width_m": 488.4,
        "approx_height_m": 483.5
      },
      "geometry": {
        "type": "Polygon",
        "coordinates": [
          [
            [
              77.3,
              28.534783
            ],
            [
              77.305,
              28.534783
            ],
            [
              77.305,
              28.53913
            ],
            [
              77.3,
              28.53913
            ],
            [
              77.3,
              28.534783
            ]
          ]
        ]
      }
    },
    {
      "type": "Feature",
      "id": "cell_08_11",
      "properties": {
        "cell_id": "cell_08_11",
        "row": 8,
        "col": 11,
        "index": 171,
        "centroid_lon": 77.3075,
        "centroid_lat": 28.536957,
        "min_lon": 77.305,
        "min_lat": 28.534783,
        "max_lon": 77.31,
        "max_lat": 28.53913,
        "approx_width_m": 488.4,
        "approx_height_m": 483.5
      },
      "geometry": {
        "type": "Polygon",
        "coordinates": [
          [
            [
              77.305,
              28.534783
            ],
            [
              77.31,
              28.534783
            ],
            [
              77.31,
              28.53913
            ],
            [
              77.305,
              28.53913
            ],
            [
              77.305,
              28.534783
            ]
          ]
        ]
      }
    },
    {
      "type": "Feature",
      "id": "cell_08_12",
      "properties": {
        "cell_id": "cell_08_12",
        "row": 8,
        "col": 12,
        "index": 172,
        "centroid_lon": 77.3125,
        "centroid_lat": 28.536957,
        "min_lon": 77.31,
        "min_lat": 28.534783,
        "max_lon": 77.315,
        "max_lat": 28.53913,
        "approx_width_m": 488.4,
        "approx_height_m": 483.5
      },
      "geometry": {
        "type": "Polygon",
        "coordinates": [
          [
            [
              77.31,
              28.534783
            ],
            [
              77.315,
              28.534783
            ],
            [
              77.315,
              28.53913
            ],
            [
              77.31,
              28.53913
            ],
            [
              77.31,
              28.534783
            ]
          ]
        ]
      }
    },
    {
      "type": "Feature",
      "id": "cell_08_13",
      "properties": {
        "cell_id": "cell_08_13",
        "row": 8,
        "col": 13,
        "index": 173,
        "centroid_lon": 77.3175,
        "centroid_lat": 28.536957,
        "min_lon": 77.315,
        "min_lat": 28.534783,
        "max_lon": 77.32,
        "max_lat": 28.53913,
        "approx_width_m": 488.4,
        "approx_height_m": 483.5
      },
      "geometry": {
        "type": "Polygon",
        "coordinates": [
          [
            [
              77.315,
              28.534783
            ],
            [
              77.32,
              28.534783
            ],
            [
              77.32,
              28.53913
            ],
            [
              77.315,
              28.53913
            ],
            [
              77.315,
              28.534783
            ]
          ]
        ]
      }
    },
    {
      "type": "Feature",
      "id": "cell_08_14",
      "properties": {
        "cell_id": "cell_08_14",
        "row": 8,
        "col": 14,
        "index": 174,
        "centroid_lon": 77.3225,
        "centroid_lat": 28.536957,
        "min_lon": 77.32,
        "min_lat": 28.534783,
        "max_lon": 77.325,
        "max_lat": 28.53913,
        "approx_width_m": 488.4,
        "approx_height_m": 483.5
      },
      "geometry": {
        "type": "Polygon",
        "coordinates": [
          [
            [
              77.32,
              28.534783
            ],
            [
              77.325,
              28.534783
            ],
            [
              77.325,
              28.53913
            ],
            [
              77.32,
              28.53913
            ],
            [
              77.32,
              28.534783
            ]
          ]
        ]
      }
    },
    {
      "type": "Feature",
      "id": "cell_08_15",
      "properties": {
        "cell_id": "cell_08_15",
        "row": 8,
        "col": 15,
        "index": 175,
        "centroid_lon": 77.3275,
        "centroid_lat": 28.536957,
        "min_lon": 77.325,
        "min_lat": 28.534783,
        "max_lon": 77.33,
        "max_lat": 28.53913,
        "approx_width_m": 488.4,
        "approx_height_m": 483.5
      },
      "geometry": {
        "type": "Polygon",
        "coordinates": [
          [
            [
              77.325,
              28.534783
            ],
            [
              77.33,
              28.534783
            ],
            [
              77.33,
              28.53913
            ],
            [
              77.325,
              28.53913
            ],
            [
              77.325,
              28.534783
            ]
          ]
        ]
      }
    },
    {
      "type": "Feature",
      "id": "cell_08_16",
      "properties": {
        "cell_id": "cell_08_16",
        "row": 8,
        "col": 16,
        "index": 176,
        "centroid_lon": 77.3325,
        "centroid_lat": 28.536957,
        "min_lon": 77.33,
        "min_lat": 28.534783,
        "max_lon": 77.335,
        "max_lat": 28.53913,
        "approx_width_m": 488.4,
        "approx_height_m": 483.5
      },
      "geometry": {
        "type": "Polygon",
        "coordinates": [
          [
            [
              77.33,
              28.534783
            ],
            [
              77.335,
              28.534783
            ],
            [
              77.335,
              28.53913
            ],
            [
              77.33,
              28.53913
            ],
            [
              77.33,
              28.534783
            ]
          ]
        ]
      }
    },
    {
      "type": "Feature",
      "id": "cell_08_17",
      "properties": {
        "cell_id": "cell_08_17",
        "row": 8,
        "col": 17,
        "index": 177,
        "centroid_lon": 77.3375,
        "centroid_lat": 28.536957,
        "min_lon": 77.335,
        "min_lat": 28.534783,
        "max_lon": 77.34,
        "max_lat": 28.53913,
        "approx_width_m": 488.4,
        "approx_height_m": 483.5
      },
      "geometry": {
        "type": "Polygon",
        "coordinates": [
          [
            [
              77.335,
              28.534783
            ],
            [
              77.34,
              28.534783
            ],
            [
              77.34,
              28.53913
            ],
            [
              77.335,
              28.53913
            ],
            [
              77.335,
              28.534783
            ]
          ]
        ]
      }
    },
    {
      "type": "Feature",
      "id": "cell_08_18",
      "properties": {
        "cell_id": "cell_08_18",
        "row": 8,
        "col": 18,
        "index": 178,
        "centroid_lon": 77.3425,
        "centroid_lat": 28.536957,
        "min_lon": 77.34,
        "min_lat": 28.534783,
        "max_lon": 77.345,
        "max_lat": 28.53913,
        "approx_width_m": 488.4,
        "approx_height_m": 483.5
      },
      "geometry": {
        "type": "Polygon",
        "coordinates": [
          [
            [
              77.34,
              28.534783
            ],
            [
              77.345,
              28.534783
            ],
            [
              77.345,
              28.53913
            ],
            [
              77.34,
              28.53913
            ],
            [
              77.34,
              28.534783
            ]
          ]
        ]
      }
    },
    {
      "type": "Feature",
      "id": "cell_08_19",
      "properties": {
        "cell_id": "cell_08_19",
        "row": 8,
        "col": 19,
        "index": 179,
        "centroid_lon": 77.3475,
        "centroid_lat": 28.536957,
        "min_lon": 77.345,
        "min_lat": 28.534783,
        "max_lon": 77.35,
        "max_lat": 28.53913,
        "approx_width_m": 488.4,
        "approx_height_m": 483.5
      },
      "geometry": {
        "type": "Polygon",
        "coordinates": [
          [
            [
              77.345,
              28.534783
            ],
            [
              77.35,
              28.534783
            ],
            [
              77.35,
              28.53913
            ],
            [
              77.345,
              28.53913
            ],
            [
              77.345,
              28.534783
            ]
          ]
        ]
      }
    },
    {
      "type": "Feature",
      "id": "cell_09_00",
      "properties": {
        "cell_id": "cell_09_00",
        "row": 9,
        "col": 0,
        "index": 180,
        "centroid_lon": 77.2525,
        "centroid_lat": 28.541304,
        "min_lon": 77.25,
        "min_lat": 28.53913,
        "max_lon": 77.255,
        "max_lat": 28.543478,
        "approx_width_m": 488.4,
        "approx_height_m": 483.5
      },
      "geometry": {
        "type": "Polygon",
        "coordinates": [
          [
            [
              77.25,
              28.53913
            ],
            [
              77.255,
              28.53913
            ],
            [
              77.255,
              28.543478
            ],
            [
              77.25,
              28.543478
            ],
            [
              77.25,
              28.53913
            ]
          ]
        ]
      }
    },
    {
      "type": "Feature",
      "id": "cell_09_01",
      "properties": {
        "cell_id": "cell_09_01",
        "row": 9,
        "col": 1,
        "index": 181,
        "centroid_lon": 77.2575,
        "centroid_lat": 28.541304,
        "min_lon": 77.255,
        "min_lat": 28.53913,
        "max_lon": 77.26,
        "max_lat": 28.543478,
        "approx_width_m": 488.4,
        "approx_height_m": 483.5
      },
      "geometry": {
        "type": "Polygon",
        "coordinates": [
          [
            [
              77.255,
              28.53913
            ],
            [
              77.26,
              28.53913
            ],
            [
              77.26,
              28.543478
            ],
            [
              77.255,
              28.543478
            ],
            [
              77.255,
              28.53913
            ]
          ]
        ]
      }
    },
    {
      "type": "Feature",
      "id": "cell_09_02",
      "properties": {
        "cell_id": "cell_09_02",
        "row": 9,
        "col": 2,
        "index": 182,
        "centroid_lon": 77.2625,
        "centroid_lat": 28.541304,
        "min_lon": 77.26,
        "min_lat": 28.53913,
        "max_lon": 77.265,
        "max_lat": 28.543478,
        "approx_width_m": 488.4,
        "approx_height_m": 483.5
      },
      "geometry": {
        "type": "Polygon",
        "coordinates": [
          [
            [
              77.26,
              28.53913
            ],
            [
              77.265,
              28.53913
            ],
            [
              77.265,
              28.543478
            ],
            [
              77.26,
              28.543478
            ],
            [
              77.26,
              28.53913
            ]
          ]
        ]
      }
    },
    {
      "type": "Feature",
      "id": "cell_09_03",
      "properties": {
        "cell_id": "cell_09_03",
        "row": 9,
        "col": 3,
        "index": 183,
        "centroid_lon": 77.2675,
        "centroid_lat": 28.541304,
        "min_lon": 77.265,
        "min_lat": 28.53913,
        "max_lon": 77.27,
        "max_lat": 28.543478,
        "approx_width_m": 488.4,
        "approx_height_m": 483.5
      },
      "geometry": {
        "type": "Polygon",
        "coordinates": [
          [
            [
              77.265,
              28.53913
            ],
            [
              77.27,
              28.53913
            ],
            [
              77.27,
              28.543478
            ],
            [
              77.265,
              28.543478
            ],
            [
              77.265,
              28.53913
            ]
          ]
        ]
      }
    },
    {
      "type": "Feature",
      "id": "cell_09_04",
      "properties": {
        "cell_id": "cell_09_04",
        "row": 9,
        "col": 4,
        "index": 184,
        "centroid_lon": 77.2725,
        "centroid_lat": 28.541304,
        "min_lon": 77.27,
        "min_lat": 28.53913,
        "max_lon": 77.275,
        "max_lat": 28.543478,
        "approx_width_m": 488.4,
        "approx_height_m": 483.5
      },
      "geometry": {
        "type": "Polygon",
        "coordinates": [
          [
            [
              77.27,
              28.53913
            ],
            [
              77.275,
              28.53913
            ],
            [
              77.275,
              28.543478
            ],
            [
              77.27,
              28.543478
            ],
            [
              77.27,
              28.53913
            ]
          ]
        ]
      }
    },
    {
      "type": "Feature",
      "id": "cell_09_05",
      "properties": {
        "cell_id": "cell_09_05",
        "row": 9,
        "col": 5,
        "index": 185,
        "centroid_lon": 77.2775,
        "centroid_lat": 28.541304,
        "min_lon": 77.275,
        "min_lat": 28.53913,
        "max_lon": 77.28,
        "max_lat": 28.543478,
        "approx_width_m": 488.4,
        "approx_height_m": 483.5
      },
      "geometry": {
        "type": "Polygon",
        "coordinates": [
          [
            [
              77.275,
              28.53913
            ],
            [
              77.28,
              28.53913
            ],
            [
              77.28,
              28.543478
            ],
            [
              77.275,
              28.543478
            ],
            [
              77.275,
              28.53913
            ]
          ]
        ]
      }
    },
    {
      "type": "Feature",
      "id": "cell_09_06",
      "properties": {
        "cell_id": "cell_09_06",
        "row": 9,
        "col": 6,
        "index": 186,
        "centroid_lon": 77.2825,
        "centroid_lat": 28.541304,
        "min_lon": 77.28,
        "min_lat": 28.53913,
        "max_lon": 77.285,
        "max_lat": 28.543478,
        "approx_width_m": 488.4,
        "approx_height_m": 483.5
      },
      "geometry": {
        "type": "Polygon",
        "coordinates": [
          [
            [
              77.28,
              28.53913
            ],
            [
              77.285,
              28.53913
            ],
            [
              77.285,
              28.543478
            ],
            [
              77.28,
              28.543478
            ],
            [
              77.28,
              28.53913
            ]
          ]
        ]
      }
    },
    {
      "type": "Feature",
      "id": "cell_09_07",
      "properties": {
        "cell_id": "cell_09_07",
        "row": 9,
        "col": 7,
        "index": 187,
        "centroid_lon": 77.2875,
        "centroid_lat": 28.541304,
        "min_lon": 77.285,
        "min_lat": 28.53913,
        "max_lon": 77.29,
        "max_lat": 28.543478,
        "approx_width_m": 488.4,
        "approx_height_m": 483.5
      },
      "geometry": {
        "type": "Polygon",
        "coordinates": [
          [
            [
              77.285,
              28.53913
            ],
            [
              77.29,
              28.53913
            ],
            [
              77.29,
              28.543478
            ],
            [
              77.285,
              28.543478
            ],
            [
              77.285,
              28.53913
            ]
          ]
        ]
      }
    },
    {
      "type": "Feature",
      "id": "cell_09_08",
      "properties": {
        "cell_id": "cell_09_08",
        "row": 9,
        "col": 8,
        "index": 188,
        "centroid_lon": 77.2925,
        "centroid_lat": 28.541304,
        "min_lon": 77.29,
        "min_lat": 28.53913,
        "max_lon": 77.295,
        "max_lat": 28.543478,
        "approx_width_m": 488.4,
        "approx_height_m": 483.5
      },
      "geometry": {
        "type": "Polygon",
        "coordinates": [
          [
            [
              77.29,
              28.53913
            ],
            [
              77.295,
              28.53913
            ],
            [
              77.295,
              28.543478
            ],
            [
              77.29,
              28.543478
            ],
            [
              77.29,
              28.53913
            ]
          ]
        ]
      }
    },
    {
      "type": "Feature",
      "id": "cell_09_09",
      "properties": {
        "cell_id": "cell_09_09",
        "row": 9,
        "col": 9,
        "index": 189,
        "centroid_lon": 77.2975,
        "centroid_lat": 28.541304,
        "min_lon": 77.295,
        "min_lat": 28.53913,
        "max_lon": 77.3,
        "max_lat": 28.543478,
        "approx_width_m": 488.4,
        "approx_height_m": 483.5
      },
      "geometry": {
        "type": "Polygon",
        "coordinates": [
          [
            [
              77.295,
              28.53913
            ],
            [
              77.3,
              28.53913
            ],
            [
              77.3,
              28.543478
            ],
            [
              77.295,
              28.543478
            ],
            [
              77.295,
              28.53913
            ]
          ]
        ]
      }
    },
    {
      "type": "Feature",
      "id": "cell_09_10",
      "properties": {
        "cell_id": "cell_09_10",
        "row": 9,
        "col": 10,
        "index": 190,
        "centroid_lon": 77.3025,
        "centroid_lat": 28.541304,
        "min_lon": 77.3,
        "min_lat": 28.53913,
        "max_lon": 77.305,
        "max_lat": 28.543478,
        "approx_width_m": 488.4,
        "approx_height_m": 483.5
      },
      "geometry": {
        "type": "Polygon",
        "coordinates": [
          [
            [
              77.3,
              28.53913
            ],
            [
              77.305,
              28.53913
            ],
            [
              77.305,
              28.543478
            ],
            [
              77.3,
              28.543478
            ],
            [
              77.3,
              28.53913
            ]
          ]
        ]
      }
    },
    {
      "type": "Feature",
      "id": "cell_09_11",
      "properties": {
        "cell_id": "cell_09_11",
        "row": 9,
        "col": 11,
        "index": 191,
        "centroid_lon": 77.3075,
        "centroid_lat": 28.541304,
        "min_lon": 77.305,
        "min_lat": 28.53913,
        "max_lon": 77.31,
        "max_lat": 28.543478,
        "approx_width_m": 488.4,
        "approx_height_m": 483.5
      },
      "geometry": {
        "type": "Polygon",
        "coordinates": [
          [
            [
              77.305,
              28.53913
            ],
            [
              77.31,
              28.53913
            ],
            [
              77.31,
              28.543478
            ],
            [
              77.305,
              28.543478
            ],
            [
              77.305,
              28.53913
            ]
          ]
        ]
      }
    },
    {
      "type": "Feature",
      "id": "cell_09_12",
      "properties": {
        "cell_id": "cell_09_12",
        "row": 9,
        "col": 12,
        "index": 192,
        "centroid_lon": 77.3125,
        "centroid_lat": 28.541304,
        "min_lon": 77.31,
        "min_lat": 28.53913,
        "max_lon": 77.315,
        "max_lat": 28.543478,
        "approx_width_m": 488.4,
        "approx_height_m": 483.5
      },
      "geometry": {
        "type": "Polygon",
        "coordinates": [
          [
            [
              77.31,
              28.53913
            ],
            [
              77.315,
              28.53913
            ],
            [
              77.315,
              28.543478
            ],
            [
              77.31,
              28.543478
            ],
            [
              77.31,
              28.53913
            ]
          ]
        ]
      }
    },
    {
      "type": "Feature",
      "id": "cell_09_13",
      "properties": {
        "cell_id": "cell_09_13",
        "row": 9,
        "col": 13,
        "index": 193,
        "centroid_lon": 77.3175,
        "centroid_lat": 28.541304,
        "min_lon": 77.315,
        "min_lat": 28.53913,
        "max_lon": 77.32,
        "max_lat": 28.543478,
        "approx_width_m": 488.4,
        "approx_height_m": 483.5
      },
      "geometry": {
        "type": "Polygon",
        "coordinates": [
          [
            [
              77.315,
              28.53913
            ],
            [
              77.32,
              28.53913
            ],
            [
              77.32,
              28.543478
            ],
            [
              77.315,
              28.543478
            ],
            [
              77.315,
              28.53913
            ]
          ]
        ]
      }
    },
    {
      "type": "Feature",
      "id": "cell_09_14",
      "properties": {
        "cell_id": "cell_09_14",
        "row": 9,
        "col": 14,
        "index": 194,
        "centroid_lon": 77.3225,
        "centroid_lat": 28.541304,
        "min_lon": 77.32,
        "min_lat": 28.53913,
        "max_lon": 77.325,
        "max_lat": 28.543478,
        "approx_width_m": 488.4,
        "approx_height_m": 483.5
      },
      "geometry": {
        "type": "Polygon",
        "coordinates": [
          [
            [
              77.32,
              28.53913
            ],
            [
              77.325,
              28.53913
            ],
            [
              77.325,
              28.543478
            ],
            [
              77.32,
              28.543478
            ],
            [
              77.32,
              28.53913
            ]
          ]
        ]
      }
    },
    {
      "type": "Feature",
      "id": "cell_09_15",
      "properties": {
        "cell_id": "cell_09_15",
        "row": 9,
        "col": 15,
        "index": 195,
        "centroid_lon": 77.3275,
        "centroid_lat": 28.541304,
        "min_lon": 77.325,
        "min_lat": 28.53913,
        "max_lon": 77.33,
        "max_lat": 28.543478,
        "approx_width_m": 488.4,
        "approx_height_m": 483.5
      },
      "geometry": {
        "type": "Polygon",
        "coordinates": [
          [
            [
              77.325,
              28.53913
            ],
            [
              77.33,
              28.53913
            ],
            [
              77.33,
              28.543478
            ],
            [
              77.325,
              28.543478
            ],
            [
              77.325,
              28.53913
            ]
          ]
        ]
      }
    },
    {
      "type": "Feature",
      "id": "cell_09_16",
      "properties": {
        "cell_id": "cell_09_16",
        "row": 9,
        "col": 16,
        "index": 196,
        "centroid_lon": 77.3325,
        "centroid_lat": 28.541304,
        "min_lon": 77.33,
        "min_lat": 28.53913,
        "max_lon": 77.335,
        "max_lat": 28.543478,
        "approx_width_m": 488.4,
        "approx_height_m": 483.5
      },
      "geometry": {
        "type": "Polygon",
        "coordinates": [
          [
            [
              77.33,
              28.53913
            ],
            [
              77.335,
              28.53913
            ],
            [
              77.335,
              28.543478
            ],
            [
              77.33,
              28.543478
            ],
            [
              77.33,
              28.53913
            ]
          ]
        ]
      }
    },
    {
      "type": "Feature",
      "id": "cell_09_17",
      "properties": {
        "cell_id": "cell_09_17",
        "row": 9,
        "col": 17,
        "index": 197,
        "centroid_lon": 77.3375,
        "centroid_lat": 28.541304,
        "min_lon": 77.335,
        "min_lat": 28.53913,
        "max_lon": 77.34,
        "max_lat": 28.543478,
        "approx_width_m": 488.4,
        "approx_height_m": 483.5
      },
      "geometry": {
        "type": "Polygon",
        "coordinates": [
          [
            [
              77.335,
              28.53913
            ],
            [
              77.34,
              28.53913
            ],
            [
              77.34,
              28.543478
            ],
            [
              77.335,
              28.543478
            ],
            [
              77.335,
              28.53913
            ]
          ]
        ]
      }
    },
    {
      "type": "Feature",
      "id": "cell_09_18",
      "properties": {
        "cell_id": "cell_09_18",
        "row": 9,
        "col": 18,
        "index": 198,
        "centroid_lon": 77.3425,
        "centroid_lat": 28.541304,
        "min_lon": 77.34,
        "min_lat": 28.53913,
        "max_lon": 77.345,
        "max_lat": 28.543478,
        "approx_width_m": 488.4,
        "approx_height_m": 483.5
      },
      "geometry": {
        "type": "Polygon",
        "coordinates": [
          [
            [
              77.34,
              28.53913
            ],
            [
              77.345,
              28.53913
            ],
            [
              77.345,
              28.543478
            ],
            [
              77.34,
              28.543478
            ],
            [
              77.34,
              28.53913
            ]
          ]
        ]
      }
    },
    {
      "type": "Feature",
      "id": "cell_09_19",
      "properties": {
        "cell_id": "cell_09_19",
        "row": 9,
        "col": 19,
        "index": 199,
        "centroid_lon": 77.3475,
        "centroid_lat": 28.541304,
        "min_lon": 77.345,
        "min_lat": 28.53913,
        "max_lon": 77.35,
        "max_lat": 28.543478,
        "approx_width_m": 488.4,
        "approx_height_m": 483.5
      },
      "geometry": {
        "type": "Polygon",
        "coordinates": [
          [
            [
              77.345,
              28.53913
            ],
            [
              77.35,
              28.53913
            ],
            [
              77.35,
              28.543478
            ],
            [
              77.345,
              28.543478
            ],
            [
              77.345,
              28.53913
            ]
          ]
        ]
      }
    },
    {
      "type": "Feature",
      "id": "cell_10_00",
      "properties": {
        "cell_id": "cell_10_00",
        "row": 10,
        "col": 0,
        "index": 200,
        "centroid_lon": 77.2525,
        "centroid_lat": 28.545652,
        "min_lon": 77.25,
        "min_lat": 28.543478,
        "max_lon": 77.255,
        "max_lat": 28.547826,
        "approx_width_m": 488.4,
        "approx_height_m": 483.5
      },
      "geometry": {
        "type": "Polygon",
        "coordinates": [
          [
            [
              77.25,
              28.543478
            ],
            [
              77.255,
              28.543478
            ],
            [
              77.255,
              28.547826
            ],
            [
              77.25,
              28.547826
            ],
            [
              77.25,
              28.543478
            ]
          ]
        ]
      }
    },
    {
      "type": "Feature",
      "id": "cell_10_01",
      "properties": {
        "cell_id": "cell_10_01",
        "row": 10,
        "col": 1,
        "index": 201,
        "centroid_lon": 77.2575,
        "centroid_lat": 28.545652,
        "min_lon": 77.255,
        "min_lat": 28.543478,
        "max_lon": 77.26,
        "max_lat": 28.547826,
        "approx_width_m": 488.4,
        "approx_height_m": 483.5
      },
      "geometry": {
        "type": "Polygon",
        "coordinates": [
          [
            [
              77.255,
              28.543478
            ],
            [
              77.26,
              28.543478
            ],
            [
              77.26,
              28.547826
            ],
            [
              77.255,
              28.547826
            ],
            [
              77.255,
              28.543478
            ]
          ]
        ]
      }
    },
    {
      "type": "Feature",
      "id": "cell_10_02",
      "properties": {
        "cell_id": "cell_10_02",
        "row": 10,
        "col": 2,
        "index": 202,
        "centroid_lon": 77.2625,
        "centroid_lat": 28.545652,
        "min_lon": 77.26,
        "min_lat": 28.543478,
        "max_lon": 77.265,
        "max_lat": 28.547826,
        "approx_width_m": 488.4,
        "approx_height_m": 483.5
      },
      "geometry": {
        "type": "Polygon",
        "coordinates": [
          [
            [
              77.26,
              28.543478
            ],
            [
              77.265,
              28.543478
            ],
            [
              77.265,
              28.547826
            ],
            [
              77.26,
              28.547826
            ],
            [
              77.26,
              28.543478
            ]
          ]
        ]
      }
    },
    {
      "type": "Feature",
      "id": "cell_10_03",
      "properties": {
        "cell_id": "cell_10_03",
        "row": 10,
        "col": 3,
        "index": 203,
        "centroid_lon": 77.2675,
        "centroid_lat": 28.545652,
        "min_lon": 77.265,
        "min_lat": 28.543478,
        "max_lon": 77.27,
        "max_lat": 28.547826,
        "approx_width_m": 488.4,
        "approx_height_m": 483.5
      },
      "geometry": {
        "type": "Polygon",
        "coordinates": [
          [
            [
              77.265,
              28.543478
            ],
            [
              77.27,
              28.543478
            ],
            [
              77.27,
              28.547826
            ],
            [
              77.265,
              28.547826
            ],
            [
              77.265,
              28.543478
            ]
          ]
        ]
      }
    },
    {
      "type": "Feature",
      "id": "cell_10_04",
      "properties": {
        "cell_id": "cell_10_04",
        "row": 10,
        "col": 4,
        "index": 204,
        "centroid_lon": 77.2725,
        "centroid_lat": 28.545652,
        "min_lon": 77.27,
        "min_lat": 28.543478,
        "max_lon": 77.275,
        "max_lat": 28.547826,
        "approx_width_m": 488.4,
        "approx_height_m": 483.5
      },
      "geometry": {
        "type": "Polygon",
        "coordinates": [
          [
            [
              77.27,
              28.543478
            ],
            [
              77.275,
              28.543478
            ],
            [
              77.275,
              28.547826
            ],
            [
              77.27,
              28.547826
            ],
            [
              77.27,
              28.543478
            ]
          ]
        ]
      }
    },
    {
      "type": "Feature",
      "id": "cell_10_05",
      "properties": {
        "cell_id": "cell_10_05",
        "row": 10,
        "col": 5,
        "index": 205,
        "centroid_lon": 77.2775,
        "centroid_lat": 28.545652,
        "min_lon": 77.275,
        "min_lat": 28.543478,
        "max_lon": 77.28,
        "max_lat": 28.547826,
        "approx_width_m": 488.4,
        "approx_height_m": 483.5
      },
      "geometry": {
        "type": "Polygon",
        "coordinates": [
          [
            [
              77.275,
              28.543478
            ],
            [
              77.28,
              28.543478
            ],
            [
              77.28,
              28.547826
            ],
            [
              77.275,
              28.547826
            ],
            [
              77.275,
              28.543478
            ]
          ]
        ]
      }
    },
    {
      "type": "Feature",
      "id": "cell_10_06",
      "properties": {
        "cell_id": "cell_10_06",
        "row": 10,
        "col": 6,
        "index": 206,
        "centroid_lon": 77.2825,
        "centroid_lat": 28.545652,
        "min_lon": 77.28,
        "min_lat": 28.543478,
        "max_lon": 77.285,
        "max_lat": 28.547826,
        "approx_width_m": 488.4,
        "approx_height_m": 483.5
      },
      "geometry": {
        "type": "Polygon",
        "coordinates": [
          [
            [
              77.28,
              28.543478
            ],
            [
              77.285,
              28.543478
            ],
            [
              77.285,
              28.547826
            ],
            [
              77.28,
              28.547826
            ],
            [
              77.28,
              28.543478
            ]
          ]
        ]
      }
    },
    {
      "type": "Feature",
      "id": "cell_10_07",
      "properties": {
        "cell_id": "cell_10_07",
        "row": 10,
        "col": 7,
        "index": 207,
        "centroid_lon": 77.2875,
        "centroid_lat": 28.545652,
        "min_lon": 77.285,
        "min_lat": 28.543478,
        "max_lon": 77.29,
        "max_lat": 28.547826,
        "approx_width_m": 488.4,
        "approx_height_m": 483.5
      },
      "geometry": {
        "type": "Polygon",
        "coordinates": [
          [
            [
              77.285,
              28.543478
            ],
            [
              77.29,
              28.543478
            ],
            [
              77.29,
              28.547826
            ],
            [
              77.285,
              28.547826
            ],
            [
              77.285,
              28.543478
            ]
          ]
        ]
      }
    },
    {
      "type": "Feature",
      "id": "cell_10_08",
      "properties": {
        "cell_id": "cell_10_08",
        "row": 10,
        "col": 8,
        "index": 208,
        "centroid_lon": 77.2925,
        "centroid_lat": 28.545652,
        "min_lon": 77.29,
        "min_lat": 28.543478,
        "max_lon": 77.295,
        "max_lat": 28.547826,
        "approx_width_m": 488.4,
        "approx_height_m": 483.5
      },
      "geometry": {
        "type": "Polygon",
        "coordinates": [
          [
            [
              77.29,
              28.543478
            ],
            [
              77.295,
              28.543478
            ],
            [
              77.295,
              28.547826
            ],
            [
              77.29,
              28.547826
            ],
            [
              77.29,
              28.543478
            ]
          ]
        ]
      }
    },
    {
      "type": "Feature",
      "id": "cell_10_09",
      "properties": {
        "cell_id": "cell_10_09",
        "row": 10,
        "col": 9,
        "index": 209,
        "centroid_lon": 77.2975,
        "centroid_lat": 28.545652,
        "min_lon": 77.295,
        "min_lat": 28.543478,
        "max_lon": 77.3,
        "max_lat": 28.547826,
        "approx_width_m": 488.4,
        "approx_height_m": 483.5
      },
      "geometry": {
        "type": "Polygon",
        "coordinates": [
          [
            [
              77.295,
              28.543478
            ],
            [
              77.3,
              28.543478
            ],
            [
              77.3,
              28.547826
            ],
            [
              77.295,
              28.547826
            ],
            [
              77.295,
              28.543478
            ]
          ]
        ]
      }
    },
    {
      "type": "Feature",
      "id": "cell_10_10",
      "properties": {
        "cell_id": "cell_10_10",
        "row": 10,
        "col": 10,
        "index": 210,
        "centroid_lon": 77.3025,
        "centroid_lat": 28.545652,
        "min_lon": 77.3,
        "min_lat": 28.543478,
        "max_lon": 77.305,
        "max_lat": 28.547826,
        "approx_width_m": 488.4,
        "approx_height_m": 483.5
      },
      "geometry": {
        "type": "Polygon",
        "coordinates": [
          [
            [
              77.3,
              28.543478
            ],
            [
              77.305,
              28.543478
            ],
            [
              77.305,
              28.547826
            ],
            [
              77.3,
              28.547826
            ],
            [
              77.3,
              28.543478
            ]
          ]
        ]
      }
    },
    {
      "type": "Feature",
      "id": "cell_10_11",
      "properties": {
        "cell_id": "cell_10_11",
        "row": 10,
        "col": 11,
        "index": 211,
        "centroid_lon": 77.3075,
        "centroid_lat": 28.545652,
        "min_lon": 77.305,
        "min_lat": 28.543478,
        "max_lon": 77.31,
        "max_lat": 28.547826,
        "approx_width_m": 488.4,
        "approx_height_m": 483.5
      },
      "geometry": {
        "type": "Polygon",
        "coordinates": [
          [
            [
              77.305,
              28.543478
            ],
            [
              77.31,
              28.543478
            ],
            [
              77.31,
              28.547826
            ],
            [
              77.305,
              28.547826
            ],
            [
              77.305,
              28.543478
            ]
          ]
        ]
      }
    },
    {
      "type": "Feature",
      "id": "cell_10_12",
      "properties": {
        "cell_id": "cell_10_12",
        "row": 10,
        "col": 12,
        "index": 212,
        "centroid_lon": 77.3125,
        "centroid_lat": 28.545652,
        "min_lon": 77.31,
        "min_lat": 28.543478,
        "max_lon": 77.315,
        "max_lat": 28.547826,
        "approx_width_m": 488.4,
        "approx_height_m": 483.5
      },
      "geometry": {
        "type": "Polygon",
        "coordinates": [
          [
            [
              77.31,
              28.543478
            ],
            [
              77.315,
              28.543478
            ],
            [
              77.315,
              28.547826
            ],
            [
              77.31,
              28.547826
            ],
            [
              77.31,
              28.543478
            ]
          ]
        ]
      }
    },
    {
      "type": "Feature",
      "id": "cell_10_13",
      "properties": {
        "cell_id": "cell_10_13",
        "row": 10,
        "col": 13,
        "index": 213,
        "centroid_lon": 77.3175,
        "centroid_lat": 28.545652,
        "min_lon": 77.315,
        "min_lat": 28.543478,
        "max_lon": 77.32,
        "max_lat": 28.547826,
        "approx_width_m": 488.4,
        "approx_height_m": 483.5
      },
      "geometry": {
        "type": "Polygon",
        "coordinates": [
          [
            [
              77.315,
              28.543478
            ],
            [
              77.32,
              28.543478
            ],
            [
              77.32,
              28.547826
            ],
            [
              77.315,
              28.547826
            ],
            [
              77.315,
              28.543478
            ]
          ]
        ]
      }
    },
    {
      "type": "Feature",
      "id": "cell_10_14",
      "properties": {
        "cell_id": "cell_10_14",
        "row": 10,
        "col": 14,
        "index": 214,
        "centroid_lon": 77.3225,
        "centroid_lat": 28.545652,
        "min_lon": 77.32,
        "min_lat": 28.543478,
        "max_lon": 77.325,
        "max_lat": 28.547826,
        "approx_width_m": 488.4,
        "approx_height_m": 483.5
      },
      "geometry": {
        "type": "Polygon",
        "coordinates": [
          [
            [
              77.32,
              28.543478
            ],
            [
              77.325,
              28.543478
            ],
            [
              77.325,
              28.547826
            ],
            [
              77.32,
              28.547826
            ],
            [
              77.32,
              28.543478
            ]
          ]
        ]
      }
    },
    {
      "type": "Feature",
      "id": "cell_10_15",
      "properties": {
        "cell_id": "cell_10_15",
        "row": 10,
        "col": 15,
        "index": 215,
        "centroid_lon": 77.3275,
        "centroid_lat": 28.545652,
        "min_lon": 77.325,
        "min_lat": 28.543478,
        "max_lon": 77.33,
        "max_lat": 28.547826,
        "approx_width_m": 488.4,
        "approx_height_m": 483.5
      },
      "geometry": {
        "type": "Polygon",
        "coordinates": [
          [
            [
              77.325,
              28.543478
            ],
            [
              77.33,
              28.543478
            ],
            [
              77.33,
              28.547826
            ],
            [
              77.325,
              28.547826
            ],
            [
              77.325,
              28.543478
            ]
          ]
        ]
      }
    },
    {
      "type": "Feature",
      "id": "cell_10_16",
      "properties": {
        "cell_id": "cell_10_16",
        "row": 10,
        "col": 16,
        "index": 216,
        "centroid_lon": 77.3325,
        "centroid_lat": 28.545652,
        "min_lon": 77.33,
        "min_lat": 28.543478,
        "max_lon": 77.335,
        "max_lat": 28.547826,
        "approx_width_m": 488.4,
        "approx_height_m": 483.5
      },
      "geometry": {
        "type": "Polygon",
        "coordinates": [
          [
            [
              77.33,
              28.543478
            ],
            [
              77.335,
              28.543478
            ],
            [
              77.335,
              28.547826
            ],
            [
              77.33,
              28.547826
            ],
            [
              77.33,
              28.543478
            ]
          ]
        ]
      }
    },
    {
      "type": "Feature",
      "id": "cell_10_17",
      "properties": {
        "cell_id": "cell_10_17",
        "row": 10,
        "col": 17,
        "index": 217,
        "centroid_lon": 77.3375,
        "centroid_lat": 28.545652,
        "min_lon": 77.335,
        "min_lat": 28.543478,
        "max_lon": 77.34,
        "max_lat": 28.547826,
        "approx_width_m": 488.4,
        "approx_height_m": 483.5
      },
      "geometry": {
        "type": "Polygon",
        "coordinates": [
          [
            [
              77.335,
              28.543478
            ],
            [
              77.34,
              28.543478
            ],
            [
              77.34,
              28.547826
            ],
            [
              77.335,
              28.547826
            ],
            [
              77.335,
              28.543478
            ]
          ]
        ]
      }
    },
    {
      "type": "Feature",
      "id": "cell_10_18",
      "properties": {
        "cell_id": "cell_10_18",
        "row": 10,
        "col": 18,
        "index": 218,
        "centroid_lon": 77.3425,
        "centroid_lat": 28.545652,
        "min_lon": 77.34,
        "min_lat": 28.543478,
        "max_lon": 77.345,
        "max_lat": 28.547826,
        "approx_width_m": 488.4,
        "approx_height_m": 483.5
      },
      "geometry": {
        "type": "Polygon",
        "coordinates": [
          [
            [
              77.34,
              28.543478
            ],
            [
              77.345,
              28.543478
            ],
            [
              77.345,
              28.547826
            ],
            [
              77.34,
              28.547826
            ],
            [
              77.34,
              28.543478
            ]
          ]
        ]
      }
    },
    {
      "type": "Feature",
      "id": "cell_10_19",
      "properties": {
        "cell_id": "cell_10_19",
        "row": 10,
        "col": 19,
        "index": 219,
        "centroid_lon": 77.3475,
        "centroid_lat": 28.545652,
        "min_lon": 77.345,
        "min_lat": 28.543478,
        "max_lon": 77.35,
        "max_lat": 28.547826,
        "approx_width_m": 488.4,
        "approx_height_m": 483.5
      },
      "geometry": {
        "type": "Polygon",
        "coordinates": [
          [
            [
              77.345,
              28.543478
            ],
            [
              77.35,
              28.543478
            ],
            [
              77.35,
              28.547826
            ],
            [
              77.345,
              28.547826
            ],
            [
              77.345,
              28.543478
            ]
          ]
        ]
      }
    },
    {
      "type": "Feature",
      "id": "cell_11_00",
      "properties": {
        "cell_id": "cell_11_00",
        "row": 11,
        "col": 0,
        "index": 220,
        "centroid_lon": 77.2525,
        "centroid_lat": 28.55,
        "min_lon": 77.25,
        "min_lat": 28.547826,
        "max_lon": 77.255,
        "max_lat": 28.552174,
        "approx_width_m": 488.4,
        "approx_height_m": 483.5
      },
      "geometry": {
        "type": "Polygon",
        "coordinates": [
          [
            [
              77.25,
              28.547826
            ],
            [
              77.255,
              28.547826
            ],
            [
              77.255,
              28.552174
            ],
            [
              77.25,
              28.552174
            ],
            [
              77.25,
              28.547826
            ]
          ]
        ]
      }
    },
    {
      "type": "Feature",
      "id": "cell_11_01",
      "properties": {
        "cell_id": "cell_11_01",
        "row": 11,
        "col": 1,
        "index": 221,
        "centroid_lon": 77.2575,
        "centroid_lat": 28.55,
        "min_lon": 77.255,
        "min_lat": 28.547826,
        "max_lon": 77.26,
        "max_lat": 28.552174,
        "approx_width_m": 488.4,
        "approx_height_m": 483.5
      },
      "geometry": {
        "type": "Polygon",
        "coordinates": [
          [
            [
              77.255,
              28.547826
            ],
            [
              77.26,
              28.547826
            ],
            [
              77.26,
              28.552174
            ],
            [
              77.255,
              28.552174
            ],
            [
              77.255,
              28.547826
            ]
          ]
        ]
      }
    },
    {
      "type": "Feature",
      "id": "cell_11_02",
      "properties": {
        "cell_id": "cell_11_02",
        "row": 11,
        "col": 2,
        "index": 222,
        "centroid_lon": 77.2625,
        "centroid_lat": 28.55,
        "min_lon": 77.26,
        "min_lat": 28.547826,
        "max_lon": 77.265,
        "max_lat": 28.552174,
        "approx_width_m": 488.4,
        "approx_height_m": 483.5
      },
      "geometry": {
        "type": "Polygon",
        "coordinates": [
          [
            [
              77.26,
              28.547826
            ],
            [
              77.265,
              28.547826
            ],
            [
              77.265,
              28.552174
            ],
            [
              77.26,
              28.552174
            ],
            [
              77.26,
              28.547826
            ]
          ]
        ]
      }
    },
    {
      "type": "Feature",
      "id": "cell_11_03",
      "properties": {
        "cell_id": "cell_11_03",
        "row": 11,
        "col": 3,
        "index": 223,
        "centroid_lon": 77.2675,
        "centroid_lat": 28.55,
        "min_lon": 77.265,
        "min_lat": 28.547826,
        "max_lon": 77.27,
        "max_lat": 28.552174,
        "approx_width_m": 488.4,
        "approx_height_m": 483.5
      },
      "geometry": {
        "type": "Polygon",
        "coordinates": [
          [
            [
              77.265,
              28.547826
            ],
            [
              77.27,
              28.547826
            ],
            [
              77.27,
              28.552174
            ],
            [
              77.265,
              28.552174
            ],
            [
              77.265,
              28.547826
            ]
          ]
        ]
      }
    },
    {
      "type": "Feature",
      "id": "cell_11_04",
      "properties": {
        "cell_id": "cell_11_04",
        "row": 11,
        "col": 4,
        "index": 224,
        "centroid_lon": 77.2725,
        "centroid_lat": 28.55,
        "min_lon": 77.27,
        "min_lat": 28.547826,
        "max_lon": 77.275,
        "max_lat": 28.552174,
        "approx_width_m": 488.4,
        "approx_height_m": 483.5
      },
      "geometry": {
        "type": "Polygon",
        "coordinates": [
          [
            [
              77.27,
              28.547826
            ],
            [
              77.275,
              28.547826
            ],
            [
              77.275,
              28.552174
            ],
            [
              77.27,
              28.552174
            ],
            [
              77.27,
              28.547826
            ]
          ]
        ]
      }
    },
    {
      "type": "Feature",
      "id": "cell_11_05",
      "properties": {
        "cell_id": "cell_11_05",
        "row": 11,
        "col": 5,
        "index": 225,
        "centroid_lon": 77.2775,
        "centroid_lat": 28.55,
        "min_lon": 77.275,
        "min_lat": 28.547826,
        "max_lon": 77.28,
        "max_lat": 28.552174,
        "approx_width_m": 488.4,
        "approx_height_m": 483.5
      },
      "geometry": {
        "type": "Polygon",
        "coordinates": [
          [
            [
              77.275,
              28.547826
            ],
            [
              77.28,
              28.547826
            ],
            [
              77.28,
              28.552174
            ],
            [
              77.275,
              28.552174
            ],
            [
              77.275,
              28.547826
            ]
          ]
        ]
      }
    },
    {
      "type": "Feature",
      "id": "cell_11_06",
      "properties": {
        "cell_id": "cell_11_06",
        "row": 11,
        "col": 6,
        "index": 226,
        "centroid_lon": 77.2825,
        "centroid_lat": 28.55,
        "min_lon": 77.28,
        "min_lat": 28.547826,
        "max_lon": 77.285,
        "max_lat": 28.552174,
        "approx_width_m": 488.4,
        "approx_height_m": 483.5
      },
      "geometry": {
        "type": "Polygon",
        "coordinates": [
          [
            [
              77.28,
              28.547826
            ],
            [
              77.285,
              28.547826
            ],
            [
              77.285,
              28.552174
            ],
            [
              77.28,
              28.552174
            ],
            [
              77.28,
              28.547826
            ]
          ]
        ]
      }
    },
    {
      "type": "Feature",
      "id": "cell_11_07",
      "properties": {
        "cell_id": "cell_11_07",
        "row": 11,
        "col": 7,
        "index": 227,
        "centroid_lon": 77.2875,
        "centroid_lat": 28.55,
        "min_lon": 77.285,
        "min_lat": 28.547826,
        "max_lon": 77.29,
        "max_lat": 28.552174,
        "approx_width_m": 488.4,
        "approx_height_m": 483.5
      },
      "geometry": {
        "type": "Polygon",
        "coordinates": [
          [
            [
              77.285,
              28.547826
            ],
            [
              77.29,
              28.547826
            ],
            [
              77.29,
              28.552174
            ],
            [
              77.285,
              28.552174
            ],
            [
              77.285,
              28.547826
            ]
          ]
        ]
      }
    },
    {
      "type": "Feature",
      "id": "cell_11_08",
      "properties": {
        "cell_id": "cell_11_08",
        "row": 11,
        "col": 8,
        "index": 228,
        "centroid_lon": 77.2925,
        "centroid_lat": 28.55,
        "min_lon": 77.29,
        "min_lat": 28.547826,
        "max_lon": 77.295,
        "max_lat": 28.552174,
        "approx_width_m": 488.4,
        "approx_height_m": 483.5
      },
      "geometry": {
        "type": "Polygon",
        "coordinates": [
          [
            [
              77.29,
              28.547826
            ],
            [
              77.295,
              28.547826
            ],
            [
              77.295,
              28.552174
            ],
            [
              77.29,
              28.552174
            ],
            [
              77.29,
              28.547826
            ]
          ]
        ]
      }
    },
    {
      "type": "Feature",
      "id": "cell_11_09",
      "properties": {
        "cell_id": "cell_11_09",
        "row": 11,
        "col": 9,
        "index": 229,
        "centroid_lon": 77.2975,
        "centroid_lat": 28.55,
        "min_lon": 77.295,
        "min_lat": 28.547826,
        "max_lon": 77.3,
        "max_lat": 28.552174,
        "approx_width_m": 488.4,
        "approx_height_m": 483.5
      },
      "geometry": {
        "type": "Polygon",
        "coordinates": [
          [
            [
              77.295,
              28.547826
            ],
            [
              77.3,
              28.547826
            ],
            [
              77.3,
              28.552174
            ],
            [
              77.295,
              28.552174
            ],
            [
              77.295,
              28.547826
            ]
          ]
        ]
      }
    },
    {
      "type": "Feature",
      "id": "cell_11_10",
      "properties": {
        "cell_id": "cell_11_10",
        "row": 11,
        "col": 10,
        "index": 230,
        "centroid_lon": 77.3025,
        "centroid_lat": 28.55,
        "min_lon": 77.3,
        "min_lat": 28.547826,
        "max_lon": 77.305,
        "max_lat": 28.552174,
        "approx_width_m": 488.4,
        "approx_height_m": 483.5
      },
      "geometry": {
        "type": "Polygon",
        "coordinates": [
          [
            [
              77.3,
              28.547826
            ],
            [
              77.305,
              28.547826
            ],
            [
              77.305,
              28.552174
            ],
            [
              77.3,
              28.552174
            ],
            [
              77.3,
              28.547826
            ]
          ]
        ]
      }
    },
    {
      "type": "Feature",
      "id": "cell_11_11",
      "properties": {
        "cell_id": "cell_11_11",
        "row": 11,
        "col": 11,
        "index": 231,
        "centroid_lon": 77.3075,
        "centroid_lat": 28.55,
        "min_lon": 77.305,
        "min_lat": 28.547826,
        "max_lon": 77.31,
        "max_lat": 28.552174,
        "approx_width_m": 488.4,
        "approx_height_m": 483.5
      },
      "geometry": {
        "type": "Polygon",
        "coordinates": [
          [
            [
              77.305,
              28.547826
            ],
            [
              77.31,
              28.547826
            ],
            [
              77.31,
              28.552174
            ],
            [
              77.305,
              28.552174
            ],
            [
              77.305,
              28.547826
            ]
          ]
        ]
      }
    },
    {
      "type": "Feature",
      "id": "cell_11_12",
      "properties": {
        "cell_id": "cell_11_12",
        "row": 11,
        "col": 12,
        "index": 232,
        "centroid_lon": 77.3125,
        "centroid_lat": 28.55,
        "min_lon": 77.31,
        "min_lat": 28.547826,
        "max_lon": 77.315,
        "max_lat": 28.552174,
        "approx_width_m": 488.4,
        "approx_height_m": 483.5
      },
      "geometry": {
        "type": "Polygon",
        "coordinates": [
          [
            [
              77.31,
              28.547826
            ],
            [
              77.315,
              28.547826
            ],
            [
              77.315,
              28.552174
            ],
            [
              77.31,
              28.552174
            ],
            [
              77.31,
              28.547826
            ]
          ]
        ]
      }
    },
    {
      "type": "Feature",
      "id": "cell_11_13",
      "properties": {
        "cell_id": "cell_11_13",
        "row": 11,
        "col": 13,
        "index": 233,
        "centroid_lon": 77.3175,
        "centroid_lat": 28.55,
        "min_lon": 77.315,
        "min_lat": 28.547826,
        "max_lon": 77.32,
        "max_lat": 28.552174,
        "approx_width_m": 488.4,
        "approx_height_m": 483.5
      },
      "geometry": {
        "type": "Polygon",
        "coordinates": [
          [
            [
              77.315,
              28.547826
            ],
            [
              77.32,
              28.547826
            ],
            [
              77.32,
              28.552174
            ],
            [
              77.315,
              28.552174
            ],
            [
              77.315,
              28.547826
            ]
          ]
        ]
      }
    },
    {
      "type": "Feature",
      "id": "cell_11_14",
      "properties": {
        "cell_id": "cell_11_14",
        "row": 11,
        "col": 14,
        "index": 234,
        "centroid_lon": 77.3225,
        "centroid_lat": 28.55,
        "min_lon": 77.32,
        "min_lat": 28.547826,
        "max_lon": 77.325,
        "max_lat": 28.552174,
        "approx_width_m": 488.4,
        "approx_height_m": 483.5
      },
      "geometry": {
        "type": "Polygon",
        "coordinates": [
          [
            [
              77.32,
              28.547826
            ],
            [
              77.325,
              28.547826
            ],
            [
              77.325,
              28.552174
            ],
            [
              77.32,
              28.552174
            ],
            [
              77.32,
              28.547826
            ]
          ]
        ]
      }
    },
    {
      "type": "Feature",
      "id": "cell_11_15",
      "properties": {
        "cell_id": "cell_11_15",
        "row": 11,
        "col": 15,
        "index": 235,
        "centroid_lon": 77.3275,
        "centroid_lat": 28.55,
        "min_lon": 77.325,
        "min_lat": 28.547826,
        "max_lon": 77.33,
        "max_lat": 28.552174,
        "approx_width_m": 488.4,
        "approx_height_m": 483.5
      },
      "geometry": {
        "type": "Polygon",
        "coordinates": [
          [
            [
              77.325,
              28.547826
            ],
            [
              77.33,
              28.547826
            ],
            [
              77.33,
              28.552174
            ],
            [
              77.325,
              28.552174
            ],
            [
              77.325,
              28.547826
            ]
          ]
        ]
      }
    },
    {
      "type": "Feature",
      "id": "cell_11_16",
      "properties": {
        "cell_id": "cell_11_16",
        "row": 11,
        "col": 16,
        "index": 236,
        "centroid_lon": 77.3325,
        "centroid_lat": 28.55,
        "min_lon": 77.33,
        "min_lat": 28.547826,
        "max_lon": 77.335,
        "max_lat": 28.552174,
        "approx_width_m": 488.4,
        "approx_height_m": 483.5
      },
      "geometry": {
        "type": "Polygon",
        "coordinates": [
          [
            [
              77.33,
              28.547826
            ],
            [
              77.335,
              28.547826
            ],
            [
              77.335,
              28.552174
            ],
            [
              77.33,
              28.552174
            ],
            [
              77.33,
              28.547826
            ]
          ]
        ]
      }
    },
    {
      "type": "Feature",
      "id": "cell_11_17",
      "properties": {
        "cell_id": "cell_11_17",
        "row": 11,
        "col": 17,
        "index": 237,
        "centroid_lon": 77.3375,
        "centroid_lat": 28.55,
        "min_lon": 77.335,
        "min_lat": 28.547826,
        "max_lon": 77.34,
        "max_lat": 28.552174,
        "approx_width_m": 488.4,
        "approx_height_m": 483.5
      },
      "geometry": {
        "type": "Polygon",
        "coordinates": [
          [
            [
              77.335,
              28.547826
            ],
            [
              77.34,
              28.547826
            ],
            [
              77.34,
              28.552174
            ],
            [
              77.335,
              28.552174
            ],
            [
              77.335,
              28.547826
            ]
          ]
        ]
      }
    },
    {
      "type": "Feature",
      "id": "cell_11_18",
      "properties": {
        "cell_id": "cell_11_18",
        "row": 11,
        "col": 18,
        "index": 238,
        "centroid_lon": 77.3425,
        "centroid_lat": 28.55,
        "min_lon": 77.34,
        "min_lat": 28.547826,
        "max_lon": 77.345,
        "max_lat": 28.552174,
        "approx_width_m": 488.4,
        "approx_height_m": 483.5
      },
      "geometry": {
        "type": "Polygon",
        "coordinates": [
          [
            [
              77.34,
              28.547826
            ],
            [
              77.345,
              28.547826
            ],
            [
              77.345,
              28.552174
            ],
            [
              77.34,
              28.552174
            ],
            [
              77.34,
              28.547826
            ]
          ]
        ]
      }
    },
    {
      "type": "Feature",
      "id": "cell_11_19",
      "properties": {
        "cell_id": "cell_11_19",
        "row": 11,
        "col": 19,
        "index": 239,
        "centroid_lon": 77.3475,
        "centroid_lat": 28.55,
        "min_lon": 77.345,
        "min_lat": 28.547826,
        "max_lon": 77.35,
        "max_lat": 28.552174,
        "approx_width_m": 488.4,
        "approx_height_m": 483.5
      },
      "geometry": {
        "type": "Polygon",
        "coordinates": [
          [
            [
              77.345,
              28.547826
            ],
            [
              77.35,
              28.547826
            ],
            [
              77.35,
              28.552174
            ],
            [
              77.345,
              28.552174
            ],
            [
              77.345,
              28.547826
            ]
          ]
        ]
      }
    },
    {
      "type": "Feature",
      "id": "cell_12_00",
      "properties": {
        "cell_id": "cell_12_00",
        "row": 12,
        "col": 0,
        "index": 240,
        "centroid_lon": 77.2525,
        "centroid_lat": 28.554348,
        "min_lon": 77.25,
        "min_lat": 28.552174,
        "max_lon": 77.255,
        "max_lat": 28.556522,
        "approx_width_m": 488.4,
        "approx_height_m": 483.5
      },
      "geometry": {
        "type": "Polygon",
        "coordinates": [
          [
            [
              77.25,
              28.552174
            ],
            [
              77.255,
              28.552174
            ],
            [
              77.255,
              28.556522
            ],
            [
              77.25,
              28.556522
            ],
            [
              77.25,
              28.552174
            ]
          ]
        ]
      }
    },
    {
      "type": "Feature",
      "id": "cell_12_01",
      "properties": {
        "cell_id": "cell_12_01",
        "row": 12,
        "col": 1,
        "index": 241,
        "centroid_lon": 77.2575,
        "centroid_lat": 28.554348,
        "min_lon": 77.255,
        "min_lat": 28.552174,
        "max_lon": 77.26,
        "max_lat": 28.556522,
        "approx_width_m": 488.4,
        "approx_height_m": 483.5
      },
      "geometry": {
        "type": "Polygon",
        "coordinates": [
          [
            [
              77.255,
              28.552174
            ],
            [
              77.26,
              28.552174
            ],
            [
              77.26,
              28.556522
            ],
            [
              77.255,
              28.556522
            ],
            [
              77.255,
              28.552174
            ]
          ]
        ]
      }
    },
    {
      "type": "Feature",
      "id": "cell_12_02",
      "properties": {
        "cell_id": "cell_12_02",
        "row": 12,
        "col": 2,
        "index": 242,
        "centroid_lon": 77.2625,
        "centroid_lat": 28.554348,
        "min_lon": 77.26,
        "min_lat": 28.552174,
        "max_lon": 77.265,
        "max_lat": 28.556522,
        "approx_width_m": 488.4,
        "approx_height_m": 483.5
      },
      "geometry": {
        "type": "Polygon",
        "coordinates": [
          [
            [
              77.26,
              28.552174
            ],
            [
              77.265,
              28.552174
            ],
            [
              77.265,
              28.556522
            ],
            [
              77.26,
              28.556522
            ],
            [
              77.26,
              28.552174
            ]
          ]
        ]
      }
    },
    {
      "type": "Feature",
      "id": "cell_12_03",
      "properties": {
        "cell_id": "cell_12_03",
        "row": 12,
        "col": 3,
        "index": 243,
        "centroid_lon": 77.2675,
        "centroid_lat": 28.554348,
        "min_lon": 77.265,
        "min_lat": 28.552174,
        "max_lon": 77.27,
        "max_lat": 28.556522,
        "approx_width_m": 488.4,
        "approx_height_m": 483.5
      },
      "geometry": {
        "type": "Polygon",
        "coordinates": [
          [
            [
              77.265,
              28.552174
            ],
            [
              77.27,
              28.552174
            ],
            [
              77.27,
              28.556522
            ],
            [
              77.265,
              28.556522
            ],
            [
              77.265,
              28.552174
            ]
          ]
        ]
      }
    },
    {
      "type": "Feature",
      "id": "cell_12_04",
      "properties": {
        "cell_id": "cell_12_04",
        "row": 12,
        "col": 4,
        "index": 244,
        "centroid_lon": 77.2725,
        "centroid_lat": 28.554348,
        "min_lon": 77.27,
        "min_lat": 28.552174,
        "max_lon": 77.275,
        "max_lat": 28.556522,
        "approx_width_m": 488.4,
        "approx_height_m": 483.5
      },
      "geometry": {
        "type": "Polygon",
        "coordinates": [
          [
            [
              77.27,
              28.552174
            ],
            [
              77.275,
              28.552174
            ],
            [
              77.275,
              28.556522
            ],
            [
              77.27,
              28.556522
            ],
            [
              77.27,
              28.552174
            ]
          ]
        ]
      }
    },
    {
      "type": "Feature",
      "id": "cell_12_05",
      "properties": {
        "cell_id": "cell_12_05",
        "row": 12,
        "col": 5,
        "index": 245,
        "centroid_lon": 77.2775,
        "centroid_lat": 28.554348,
        "min_lon": 77.275,
        "min_lat": 28.552174,
        "max_lon": 77.28,
        "max_lat": 28.556522,
        "approx_width_m": 488.4,
        "approx_height_m": 483.5
      },
      "geometry": {
        "type": "Polygon",
        "coordinates": [
          [
            [
              77.275,
              28.552174
            ],
            [
              77.28,
              28.552174
            ],
            [
              77.28,
              28.556522
            ],
            [
              77.275,
              28.556522
            ],
            [
              77.275,
              28.552174
            ]
          ]
        ]
      }
    },
    {
      "type": "Feature",
      "id": "cell_12_06",
      "properties": {
        "cell_id": "cell_12_06",
        "row": 12,
        "col": 6,
        "index": 246,
        "centroid_lon": 77.2825,
        "centroid_lat": 28.554348,
        "min_lon": 77.28,
        "min_lat": 28.552174,
        "max_lon": 77.285,
        "max_lat": 28.556522,
        "approx_width_m": 488.4,
        "approx_height_m": 483.5
      },
      "geometry": {
        "type": "Polygon",
        "coordinates": [
          [
            [
              77.28,
              28.552174
            ],
            [
              77.285,
              28.552174
            ],
            [
              77.285,
              28.556522
            ],
            [
              77.28,
              28.556522
            ],
            [
              77.28,
              28.552174
            ]
          ]
        ]
      }
    },
    {
      "type": "Feature",
      "id": "cell_12_07",
      "properties": {
        "cell_id": "cell_12_07",
        "row": 12,
        "col": 7,
        "index": 247,
        "centroid_lon": 77.2875,
        "centroid_lat": 28.554348,
        "min_lon": 77.285,
        "min_lat": 28.552174,
        "max_lon": 77.29,
        "max_lat": 28.556522,
        "approx_width_m": 488.4,
        "approx_height_m": 483.5
      },
      "geometry": {
        "type": "Polygon",
        "coordinates": [
          [
            [
              77.285,
              28.552174
            ],
            [
              77.29,
              28.552174
            ],
            [
              77.29,
              28.556522
            ],
            [
              77.285,
              28.556522
            ],
            [
              77.285,
              28.552174
            ]
          ]
        ]
      }
    },
    {
      "type": "Feature",
      "id": "cell_12_08",
      "properties": {
        "cell_id": "cell_12_08",
        "row": 12,
        "col": 8,
        "index": 248,
        "centroid_lon": 77.2925,
        "centroid_lat": 28.554348,
        "min_lon": 77.29,
        "min_lat": 28.552174,
        "max_lon": 77.295,
        "max_lat": 28.556522,
        "approx_width_m": 488.4,
        "approx_height_m": 483.5
      },
      "geometry": {
        "type": "Polygon",
        "coordinates": [
          [
            [
              77.29,
              28.552174
            ],
            [
              77.295,
              28.552174
            ],
            [
              77.295,
              28.556522
            ],
            [
              77.29,
              28.556522
            ],
            [
              77.29,
              28.552174
            ]
          ]
        ]
      }
    },
    {
      "type": "Feature",
      "id": "cell_12_09",
      "properties": {
        "cell_id": "cell_12_09",
        "row": 12,
        "col": 9,
        "index": 249,
        "centroid_lon": 77.2975,
        "centroid_lat": 28.554348,
        "min_lon": 77.295,
        "min_lat": 28.552174,
        "max_lon": 77.3,
        "max_lat": 28.556522,
        "approx_width_m": 488.4,
        "approx_height_m": 483.5
      },
      "geometry": {
        "type": "Polygon",
        "coordinates": [
          [
            [
              77.295,
              28.552174
            ],
            [
              77.3,
              28.552174
            ],
            [
              77.3,
              28.556522
            ],
            [
              77.295,
              28.556522
            ],
            [
              77.295,
              28.552174
            ]
          ]
        ]
      }
    },
    {
      "type": "Feature",
      "id": "cell_12_10",
      "properties": {
        "cell_id": "cell_12_10",
        "row": 12,
        "col": 10,
        "index": 250,
        "centroid_lon": 77.3025,
        "centroid_lat": 28.554348,
        "min_lon": 77.3,
        "min_lat": 28.552174,
        "max_lon": 77.305,
        "max_lat": 28.556522,
        "approx_width_m": 488.4,
        "approx_height_m": 483.5
      },
      "geometry": {
        "type": "Polygon",
        "coordinates": [
          [
            [
              77.3,
              28.552174
            ],
            [
              77.305,
              28.552174
            ],
            [
              77.305,
              28.556522
            ],
            [
              77.3,
              28.556522
            ],
            [
              77.3,
              28.552174
            ]
          ]
        ]
      }
    },
    {
      "type": "Feature",
      "id": "cell_12_11",
      "properties": {
        "cell_id": "cell_12_11",
        "row": 12,
        "col": 11,
        "index": 251,
        "centroid_lon": 77.3075,
        "centroid_lat": 28.554348,
        "min_lon": 77.305,
        "min_lat": 28.552174,
        "max_lon": 77.31,
        "max_lat": 28.556522,
        "approx_width_m": 488.4,
        "approx_height_m": 483.5
      },
      "geometry": {
        "type": "Polygon",
        "coordinates": [
          [
            [
              77.305,
              28.552174
            ],
            [
              77.31,
              28.552174
            ],
            [
              77.31,
              28.556522
            ],
            [
              77.305,
              28.556522
            ],
            [
              77.305,
              28.552174
            ]
          ]
        ]
      }
    },
    {
      "type": "Feature",
      "id": "cell_12_12",
      "properties": {
        "cell_id": "cell_12_12",
        "row": 12,
        "col": 12,
        "index": 252,
        "centroid_lon": 77.3125,
        "centroid_lat": 28.554348,
        "min_lon": 77.31,
        "min_lat": 28.552174,
        "max_lon": 77.315,
        "max_lat": 28.556522,
        "approx_width_m": 488.4,
        "approx_height_m": 483.5
      },
      "geometry": {
        "type": "Polygon",
        "coordinates": [
          [
            [
              77.31,
              28.552174
            ],
            [
              77.315,
              28.552174
            ],
            [
              77.315,
              28.556522
            ],
            [
              77.31,
              28.556522
            ],
            [
              77.31,
              28.552174
            ]
          ]
        ]
      }
    },
    {
      "type": "Feature",
      "id": "cell_12_13",
      "properties": {
        "cell_id": "cell_12_13",
        "row": 12,
        "col": 13,
        "index": 253,
        "centroid_lon": 77.3175,
        "centroid_lat": 28.554348,
        "min_lon": 77.315,
        "min_lat": 28.552174,
        "max_lon": 77.32,
        "max_lat": 28.556522,
        "approx_width_m": 488.4,
        "approx_height_m": 483.5
      },
      "geometry": {
        "type": "Polygon",
        "coordinates": [
          [
            [
              77.315,
              28.552174
            ],
            [
              77.32,
              28.552174
            ],
            [
              77.32,
              28.556522
            ],
            [
              77.315,
              28.556522
            ],
            [
              77.315,
              28.552174
            ]
          ]
        ]
      }
    },
    {
      "type": "Feature",
      "id": "cell_12_14",
      "properties": {
        "cell_id": "cell_12_14",
        "row": 12,
        "col": 14,
        "index": 254,
        "centroid_lon": 77.3225,
        "centroid_lat": 28.554348,
        "min_lon": 77.32,
        "min_lat": 28.552174,
        "max_lon": 77.325,
        "max_lat": 28.556522,
        "approx_width_m": 488.4,
        "approx_height_m": 483.5
      },
      "geometry": {
        "type": "Polygon",
        "coordinates": [
          [
            [
              77.32,
              28.552174
            ],
            [
              77.325,
              28.552174
            ],
            [
              77.325,
              28.556522
            ],
            [
              77.32,
              28.556522
            ],
            [
              77.32,
              28.552174
            ]
          ]
        ]
      }
    },
    {
      "type": "Feature",
      "id": "cell_12_15",
      "properties": {
        "cell_id": "cell_12_15",
        "row": 12,
        "col": 15,
        "index": 255,
        "centroid_lon": 77.3275,
        "centroid_lat": 28.554348,
        "min_lon": 77.325,
        "min_lat": 28.552174,
        "max_lon": 77.33,
        "max_lat": 28.556522,
        "approx_width_m": 488.4,
        "approx_height_m": 483.5
      },
      "geometry": {
        "type": "Polygon",
        "coordinates": [
          [
            [
              77.325,
              28.552174
            ],
            [
              77.33,
              28.552174
            ],
            [
              77.33,
              28.556522
            ],
            [
              77.325,
              28.556522
            ],
            [
              77.325,
              28.552174
            ]
          ]
        ]
      }
    },
    {
      "type": "Feature",
      "id": "cell_12_16",
      "properties": {
        "cell_id": "cell_12_16",
        "row": 12,
        "col": 16,
        "index": 256,
        "centroid_lon": 77.3325,
        "centroid_lat": 28.554348,
        "min_lon": 77.33,
        "min_lat": 28.552174,
        "max_lon": 77.335,
        "max_lat": 28.556522,
        "approx_width_m": 488.4,
        "approx_height_m": 483.5
      },
      "geometry": {
        "type": "Polygon",
        "coordinates": [
          [
            [
              77.33,
              28.552174
            ],
            [
              77.335,
              28.552174
            ],
            [
              77.335,
              28.556522
            ],
            [
              77.33,
              28.556522
            ],
            [
              77.33,
              28.552174
            ]
          ]
        ]
      }
    },
    {
      "type": "Feature",
      "id": "cell_12_17",
      "properties": {
        "cell_id": "cell_12_17",
        "row": 12,
        "col": 17,
        "index": 257,
        "centroid_lon": 77.3375,
        "centroid_lat": 28.554348,
        "min_lon": 77.335,
        "min_lat": 28.552174,
        "max_lon": 77.34,
        "max_lat": 28.556522,
        "approx_width_m": 488.4,
        "approx_height_m": 483.5
      },
      "geometry": {
        "type": "Polygon",
        "coordinates": [
          [
            [
              77.335,
              28.552174
            ],
            [
              77.34,
              28.552174
            ],
            [
              77.34,
              28.556522
            ],
            [
              77.335,
              28.556522
            ],
            [
              77.335,
              28.552174
            ]
          ]
        ]
      }
    },
    {
      "type": "Feature",
      "id": "cell_12_18",
      "properties": {
        "cell_id": "cell_12_18",
        "row": 12,
        "col": 18,
        "index": 258,
        "centroid_lon": 77.3425,
        "centroid_lat": 28.554348,
        "min_lon": 77.34,
        "min_lat": 28.552174,
        "max_lon": 77.345,
        "max_lat": 28.556522,
        "approx_width_m": 488.4,
        "approx_height_m": 483.5
      },
      "geometry": {
        "type": "Polygon",
        "coordinates": [
          [
            [
              77.34,
              28.552174
            ],
            [
              77.345,
              28.552174
            ],
            [
              77.345,
              28.556522
            ],
            [
              77.34,
              28.556522
            ],
            [
              77.34,
              28.552174
            ]
          ]
        ]
      }
    },
    {
      "type": "Feature",
      "id": "cell_12_19",
      "properties": {
        "cell_id": "cell_12_19",
        "row": 12,
        "col": 19,
        "index": 259,
        "centroid_lon": 77.3475,
        "centroid_lat": 28.554348,
        "min_lon": 77.345,
        "min_lat": 28.552174,
        "max_lon": 77.35,
        "max_lat": 28.556522,
        "approx_width_m": 488.4,
        "approx_height_m": 483.5
      },
      "geometry": {
        "type": "Polygon",
        "coordinates": [
          [
            [
              77.345,
              28.552174
            ],
            [
              77.35,
              28.552174
            ],
            [
              77.35,
              28.556522
            ],
            [
              77.345,
              28.556522
            ],
            [
              77.345,
              28.552174
            ]
          ]
        ]
      }
    },
    {
      "type": "Feature",
      "id": "cell_13_00",
      "properties": {
        "cell_id": "cell_13_00",
        "row": 13,
        "col": 0,
        "index": 260,
        "centroid_lon": 77.2525,
        "centroid_lat": 28.558696,
        "min_lon": 77.25,
        "min_lat": 28.556522,
        "max_lon": 77.255,
        "max_lat": 28.56087,
        "approx_width_m": 488.4,
        "approx_height_m": 483.5
      },
      "geometry": {
        "type": "Polygon",
        "coordinates": [
          [
            [
              77.25,
              28.556522
            ],
            [
              77.255,
              28.556522
            ],
            [
              77.255,
              28.56087
            ],
            [
              77.25,
              28.56087
            ],
            [
              77.25,
              28.556522
            ]
          ]
        ]
      }
    },
    {
      "type": "Feature",
      "id": "cell_13_01",
      "properties": {
        "cell_id": "cell_13_01",
        "row": 13,
        "col": 1,
        "index": 261,
        "centroid_lon": 77.2575,
        "centroid_lat": 28.558696,
        "min_lon": 77.255,
        "min_lat": 28.556522,
        "max_lon": 77.26,
        "max_lat": 28.56087,
        "approx_width_m": 488.4,
        "approx_height_m": 483.5
      },
      "geometry": {
        "type": "Polygon",
        "coordinates": [
          [
            [
              77.255,
              28.556522
            ],
            [
              77.26,
              28.556522
            ],
            [
              77.26,
              28.56087
            ],
            [
              77.255,
              28.56087
            ],
            [
              77.255,
              28.556522
            ]
          ]
        ]
      }
    },
    {
      "type": "Feature",
      "id": "cell_13_02",
      "properties": {
        "cell_id": "cell_13_02",
        "row": 13,
        "col": 2,
        "index": 262,
        "centroid_lon": 77.2625,
        "centroid_lat": 28.558696,
        "min_lon": 77.26,
        "min_lat": 28.556522,
        "max_lon": 77.265,
        "max_lat": 28.56087,
        "approx_width_m": 488.4,
        "approx_height_m": 483.5
      },
      "geometry": {
        "type": "Polygon",
        "coordinates": [
          [
            [
              77.26,
              28.556522
            ],
            [
              77.265,
              28.556522
            ],
            [
              77.265,
              28.56087
            ],
            [
              77.26,
              28.56087
            ],
            [
              77.26,
              28.556522
            ]
          ]
        ]
      }
    },
    {
      "type": "Feature",
      "id": "cell_13_03",
      "properties": {
        "cell_id": "cell_13_03",
        "row": 13,
        "col": 3,
        "index": 263,
        "centroid_lon": 77.2675,
        "centroid_lat": 28.558696,
        "min_lon": 77.265,
        "min_lat": 28.556522,
        "max_lon": 77.27,
        "max_lat": 28.56087,
        "approx_width_m": 488.4,
        "approx_height_m": 483.5
      },
      "geometry": {
        "type": "Polygon",
        "coordinates": [
          [
            [
              77.265,
              28.556522
            ],
            [
              77.27,
              28.556522
            ],
            [
              77.27,
              28.56087
            ],
            [
              77.265,
              28.56087
            ],
            [
              77.265,
              28.556522
            ]
          ]
        ]
      }
    },
    {
      "type": "Feature",
      "id": "cell_13_04",
      "properties": {
        "cell_id": "cell_13_04",
        "row": 13,
        "col": 4,
        "index": 264,
        "centroid_lon": 77.2725,
        "centroid_lat": 28.558696,
        "min_lon": 77.27,
        "min_lat": 28.556522,
        "max_lon": 77.275,
        "max_lat": 28.56087,
        "approx_width_m": 488.4,
        "approx_height_m": 483.5
      },
      "geometry": {
        "type": "Polygon",
        "coordinates": [
          [
            [
              77.27,
              28.556522
            ],
            [
              77.275,
              28.556522
            ],
            [
              77.275,
              28.56087
            ],
            [
              77.27,
              28.56087
            ],
            [
              77.27,
              28.556522
            ]
          ]
        ]
      }
    },
    {
      "type": "Feature",
      "id": "cell_13_05",
      "properties": {
        "cell_id": "cell_13_05",
        "row": 13,
        "col": 5,
        "index": 265,
        "centroid_lon": 77.2775,
        "centroid_lat": 28.558696,
        "min_lon": 77.275,
        "min_lat": 28.556522,
        "max_lon": 77.28,
        "max_lat": 28.56087,
        "approx_width_m": 488.4,
        "approx_height_m": 483.5
      },
      "geometry": {
        "type": "Polygon",
        "coordinates": [
          [
            [
              77.275,
              28.556522
            ],
            [
              77.28,
              28.556522
            ],
            [
              77.28,
              28.56087
            ],
            [
              77.275,
              28.56087
            ],
            [
              77.275,
              28.556522
            ]
          ]
        ]
      }
    },
    {
      "type": "Feature",
      "id": "cell_13_06",
      "properties": {
        "cell_id": "cell_13_06",
        "row": 13,
        "col": 6,
        "index": 266,
        "centroid_lon": 77.2825,
        "centroid_lat": 28.558696,
        "min_lon": 77.28,
        "min_lat": 28.556522,
        "max_lon": 77.285,
        "max_lat": 28.56087,
        "approx_width_m": 488.4,
        "approx_height_m": 483.5
      },
      "geometry": {
        "type": "Polygon",
        "coordinates": [
          [
            [
              77.28,
              28.556522
            ],
            [
              77.285,
              28.556522
            ],
            [
              77.285,
              28.56087
            ],
            [
              77.28,
              28.56087
            ],
            [
              77.28,
              28.556522
            ]
          ]
        ]
      }
    },
    {
      "type": "Feature",
      "id": "cell_13_07",
      "properties": {
        "cell_id": "cell_13_07",
        "row": 13,
        "col": 7,
        "index": 267,
        "centroid_lon": 77.2875,
        "centroid_lat": 28.558696,
        "min_lon": 77.285,
        "min_lat": 28.556522,
        "max_lon": 77.29,
        "max_lat": 28.56087,
        "approx_width_m": 488.4,
        "approx_height_m": 483.5
      },
      "geometry": {
        "type": "Polygon",
        "coordinates": [
          [
            [
              77.285,
              28.556522
            ],
            [
              77.29,
              28.556522
            ],
            [
              77.29,
              28.56087
            ],
            [
              77.285,
              28.56087
            ],
            [
              77.285,
              28.556522
            ]
          ]
        ]
      }
    },
    {
      "type": "Feature",
      "id": "cell_13_08",
      "properties": {
        "cell_id": "cell_13_08",
        "row": 13,
        "col": 8,
        "index": 268,
        "centroid_lon": 77.2925,
        "centroid_lat": 28.558696,
        "min_lon": 77.29,
        "min_lat": 28.556522,
        "max_lon": 77.295,
        "max_lat": 28.56087,
        "approx_width_m": 488.4,
        "approx_height_m": 483.5
      },
      "geometry": {
        "type": "Polygon",
        "coordinates": [
          [
            [
              77.29,
              28.556522
            ],
            [
              77.295,
              28.556522
            ],
            [
              77.295,
              28.56087
            ],
            [
              77.29,
              28.56087
            ],
            [
              77.29,
              28.556522
            ]
          ]
        ]
      }
    },
    {
      "type": "Feature",
      "id": "cell_13_09",
      "properties": {
        "cell_id": "cell_13_09",
        "row": 13,
        "col": 9,
        "index": 269,
        "centroid_lon": 77.2975,
        "centroid_lat": 28.558696,
        "min_lon": 77.295,
        "min_lat": 28.556522,
        "max_lon": 77.3,
        "max_lat": 28.56087,
        "approx_width_m": 488.4,
        "approx_height_m": 483.5
      },
      "geometry": {
        "type": "Polygon",
        "coordinates": [
          [
            [
              77.295,
              28.556522
            ],
            [
              77.3,
              28.556522
            ],
            [
              77.3,
              28.56087
            ],
            [
              77.295,
              28.56087
            ],
            [
              77.295,
              28.556522
            ]
          ]
        ]
      }
    },
    {
      "type": "Feature",
      "id": "cell_13_10",
      "properties": {
        "cell_id": "cell_13_10",
        "row": 13,
        "col": 10,
        "index": 270,
        "centroid_lon": 77.3025,
        "centroid_lat": 28.558696,
        "min_lon": 77.3,
        "min_lat": 28.556522,
        "max_lon": 77.305,
        "max_lat": 28.56087,
        "approx_width_m": 488.4,
        "approx_height_m": 483.5
      },
      "geometry": {
        "type": "Polygon",
        "coordinates": [
          [
            [
              77.3,
              28.556522
            ],
            [
              77.305,
              28.556522
            ],
            [
              77.305,
              28.56087
            ],
            [
              77.3,
              28.56087
            ],
            [
              77.3,
              28.556522
            ]
          ]
        ]
      }
    },
    {
      "type": "Feature",
      "id": "cell_13_11",
      "properties": {
        "cell_id": "cell_13_11",
        "row": 13,
        "col": 11,
        "index": 271,
        "centroid_lon": 77.3075,
        "centroid_lat": 28.558696,
        "min_lon": 77.305,
        "min_lat": 28.556522,
        "max_lon": 77.31,
        "max_lat": 28.56087,
        "approx_width_m": 488.4,
        "approx_height_m": 483.5
      },
      "geometry": {
        "type": "Polygon",
        "coordinates": [
          [
            [
              77.305,
              28.556522
            ],
            [
              77.31,
              28.556522
            ],
            [
              77.31,
              28.56087
            ],
            [
              77.305,
              28.56087
            ],
            [
              77.305,
              28.556522
            ]
          ]
        ]
      }
    },
    {
      "type": "Feature",
      "id": "cell_13_12",
      "properties": {
        "cell_id": "cell_13_12",
        "row": 13,
        "col": 12,
        "index": 272,
        "centroid_lon": 77.3125,
        "centroid_lat": 28.558696,
        "min_lon": 77.31,
        "min_lat": 28.556522,
        "max_lon": 77.315,
        "max_lat": 28.56087,
        "approx_width_m": 488.4,
        "approx_height_m": 483.5
      },
      "geometry": {
        "type": "Polygon",
        "coordinates": [
          [
            [
              77.31,
              28.556522
            ],
            [
              77.315,
              28.556522
            ],
            [
              77.315,
              28.56087
            ],
            [
              77.31,
              28.56087
            ],
            [
              77.31,
              28.556522
            ]
          ]
        ]
      }
    },
    {
      "type": "Feature",
      "id": "cell_13_13",
      "properties": {
        "cell_id": "cell_13_13",
        "row": 13,
        "col": 13,
        "index": 273,
        "centroid_lon": 77.3175,
        "centroid_lat": 28.558696,
        "min_lon": 77.315,
        "min_lat": 28.556522,
        "max_lon": 77.32,
        "max_lat": 28.56087,
        "approx_width_m": 488.4,
        "approx_height_m": 483.5
      },
      "geometry": {
        "type": "Polygon",
        "coordinates": [
          [
            [
              77.315,
              28.556522
            ],
            [
              77.32,
              28.556522
            ],
            [
              77.32,
              28.56087
            ],
            [
              77.315,
              28.56087
            ],
            [
              77.315,
              28.556522
            ]
          ]
        ]
      }
    },
    {
      "type": "Feature",
      "id": "cell_13_14",
      "properties": {
        "cell_id": "cell_13_14",
        "row": 13,
        "col": 14,
        "index": 274,
        "centroid_lon": 77.3225,
        "centroid_lat": 28.558696,
        "min_lon": 77.32,
        "min_lat": 28.556522,
        "max_lon": 77.325,
        "max_lat": 28.56087,
        "approx_width_m": 488.4,
        "approx_height_m": 483.5
      },
      "geometry": {
        "type": "Polygon",
        "coordinates": [
          [
            [
              77.32,
              28.556522
            ],
            [
              77.325,
              28.556522
            ],
            [
              77.325,
              28.56087
            ],
            [
              77.32,
              28.56087
            ],
            [
              77.32,
              28.556522
            ]
          ]
        ]
      }
    },
    {
      "type": "Feature",
      "id": "cell_13_15",
      "properties": {
        "cell_id": "cell_13_15",
        "row": 13,
        "col": 15,
        "index": 275,
        "centroid_lon": 77.3275,
        "centroid_lat": 28.558696,
        "min_lon": 77.325,
        "min_lat": 28.556522,
        "max_lon": 77.33,
        "max_lat": 28.56087,
        "approx_width_m": 488.4,
        "approx_height_m": 483.5
      },
      "geometry": {
        "type": "Polygon",
        "coordinates": [
          [
            [
              77.325,
              28.556522
            ],
            [
              77.33,
              28.556522
            ],
            [
              77.33,
              28.56087
            ],
            [
              77.325,
              28.56087
            ],
            [
              77.325,
              28.556522
            ]
          ]
        ]
      }
    },
    {
      "type": "Feature",
      "id": "cell_13_16",
      "properties": {
        "cell_id": "cell_13_16",
        "row": 13,
        "col": 16,
        "index": 276,
        "centroid_lon": 77.3325,
        "centroid_lat": 28.558696,
        "min_lon": 77.33,
        "min_lat": 28.556522,
        "max_lon": 77.335,
        "max_lat": 28.56087,
        "approx_width_m": 488.4,
        "approx_height_m": 483.5
      },
      "geometry": {
        "type": "Polygon",
        "coordinates": [
          [
            [
              77.33,
              28.556522
            ],
            [
              77.335,
              28.556522
            ],
            [
              77.335,
              28.56087
            ],
            [
              77.33,
              28.56087
            ],
            [
              77.33,
              28.556522
            ]
          ]
        ]
      }
    },
    {
      "type": "Feature",
      "id": "cell_13_17",
      "properties": {
        "cell_id": "cell_13_17",
        "row": 13,
        "col": 17,
        "index": 277,
        "centroid_lon": 77.3375,
        "centroid_lat": 28.558696,
        "min_lon": 77.335,
        "min_lat": 28.556522,
        "max_lon": 77.34,
        "max_lat": 28.56087,
        "approx_width_m": 488.4,
        "approx_height_m": 483.5
      },
      "geometry": {
        "type": "Polygon",
        "coordinates": [
          [
            [
              77.335,
              28.556522
            ],
            [
              77.34,
              28.556522
            ],
            [
              77.34,
              28.56087
            ],
            [
              77.335,
              28.56087
            ],
            [
              77.335,
              28.556522
            ]
          ]
        ]
      }
    },
    {
      "type": "Feature",
      "id": "cell_13_18",
      "properties": {
        "cell_id": "cell_13_18",
        "row": 13,
        "col": 18,
        "index": 278,
        "centroid_lon": 77.3425,
        "centroid_lat": 28.558696,
        "min_lon": 77.34,
        "min_lat": 28.556522,
        "max_lon": 77.345,
        "max_lat": 28.56087,
        "approx_width_m": 488.4,
        "approx_height_m": 483.5
      },
      "geometry": {
        "type": "Polygon",
        "coordinates": [
          [
            [
              77.34,
              28.556522
            ],
            [
              77.345,
              28.556522
            ],
            [
              77.345,
              28.56087
            ],
            [
              77.34,
              28.56087
            ],
            [
              77.34,
              28.556522
            ]
          ]
        ]
      }
    },
    {
      "type": "Feature",
      "id": "cell_13_19",
      "properties": {
        "cell_id": "cell_13_19",
        "row": 13,
        "col": 19,
        "index": 279,
        "centroid_lon": 77.3475,
        "centroid_lat": 28.558696,
        "min_lon": 77.345,
        "min_lat": 28.556522,
        "max_lon": 77.35,
        "max_lat": 28.56087,
        "approx_width_m": 488.4,
        "approx_height_m": 483.5
      },
      "geometry": {
        "type": "Polygon",
        "coordinates": [
          [
            [
              77.345,
              28.556522
            ],
            [
              77.35,
              28.556522
            ],
            [
              77.35,
              28.56087
            ],
            [
              77.345,
              28.56087
            ],
            [
              77.345,
              28.556522
            ]
          ]
        ]
      }
    },
    {
      "type": "Feature",
      "id": "cell_14_00",
      "properties": {
        "cell_id": "cell_14_00",
        "row": 14,
        "col": 0,
        "index": 280,
        "centroid_lon": 77.2525,
        "centroid_lat": 28.563043,
        "min_lon": 77.25,
        "min_lat": 28.56087,
        "max_lon": 77.255,
        "max_lat": 28.565217,
        "approx_width_m": 488.4,
        "approx_height_m": 483.5
      },
      "geometry": {
        "type": "Polygon",
        "coordinates": [
          [
            [
              77.25,
              28.56087
            ],
            [
              77.255,
              28.56087
            ],
            [
              77.255,
              28.565217
            ],
            [
              77.25,
              28.565217
            ],
            [
              77.25,
              28.56087
            ]
          ]
        ]
      }
    },
    {
      "type": "Feature",
      "id": "cell_14_01",
      "properties": {
        "cell_id": "cell_14_01",
        "row": 14,
        "col": 1,
        "index": 281,
        "centroid_lon": 77.2575,
        "centroid_lat": 28.563043,
        "min_lon": 77.255,
        "min_lat": 28.56087,
        "max_lon": 77.26,
        "max_lat": 28.565217,
        "approx_width_m": 488.4,
        "approx_height_m": 483.5
      },
      "geometry": {
        "type": "Polygon",
        "coordinates": [
          [
            [
              77.255,
              28.56087
            ],
            [
              77.26,
              28.56087
            ],
            [
              77.26,
              28.565217
            ],
            [
              77.255,
              28.565217
            ],
            [
              77.255,
              28.56087
            ]
          ]
        ]
      }
    },
    {
      "type": "Feature",
      "id": "cell_14_02",
      "properties": {
        "cell_id": "cell_14_02",
        "row": 14,
        "col": 2,
        "index": 282,
        "centroid_lon": 77.2625,
        "centroid_lat": 28.563043,
        "min_lon": 77.26,
        "min_lat": 28.56087,
        "max_lon": 77.265,
        "max_lat": 28.565217,
        "approx_width_m": 488.4,
        "approx_height_m": 483.5
      },
      "geometry": {
        "type": "Polygon",
        "coordinates": [
          [
            [
              77.26,
              28.56087
            ],
            [
              77.265,
              28.56087
            ],
            [
              77.265,
              28.565217
            ],
            [
              77.26,
              28.565217
            ],
            [
              77.26,
              28.56087
            ]
          ]
        ]
      }
    },
    {
      "type": "Feature",
      "id": "cell_14_03",
      "properties": {
        "cell_id": "cell_14_03",
        "row": 14,
        "col": 3,
        "index": 283,
        "centroid_lon": 77.2675,
        "centroid_lat": 28.563043,
        "min_lon": 77.265,
        "min_lat": 28.56087,
        "max_lon": 77.27,
        "max_lat": 28.565217,
        "approx_width_m": 488.4,
        "approx_height_m": 483.5
      },
      "geometry": {
        "type": "Polygon",
        "coordinates": [
          [
            [
              77.265,
              28.56087
            ],
            [
              77.27,
              28.56087
            ],
            [
              77.27,
              28.565217
            ],
            [
              77.265,
              28.565217
            ],
            [
              77.265,
              28.56087
            ]
          ]
        ]
      }
    },
    {
      "type": "Feature",
      "id": "cell_14_04",
      "properties": {
        "cell_id": "cell_14_04",
        "row": 14,
        "col": 4,
        "index": 284,
        "centroid_lon": 77.2725,
        "centroid_lat": 28.563043,
        "min_lon": 77.27,
        "min_lat": 28.56087,
        "max_lon": 77.275,
        "max_lat": 28.565217,
        "approx_width_m": 488.4,
        "approx_height_m": 483.5
      },
      "geometry": {
        "type": "Polygon",
        "coordinates": [
          [
            [
              77.27,
              28.56087
            ],
            [
              77.275,
              28.56087
            ],
            [
              77.275,
              28.565217
            ],
            [
              77.27,
              28.565217
            ],
            [
              77.27,
              28.56087
            ]
          ]
        ]
      }
    },
    {
      "type": "Feature",
      "id": "cell_14_05",
      "properties": {
        "cell_id": "cell_14_05",
        "row": 14,
        "col": 5,
        "index": 285,
        "centroid_lon": 77.2775,
        "centroid_lat": 28.563043,
        "min_lon": 77.275,
        "min_lat": 28.56087,
        "max_lon": 77.28,
        "max_lat": 28.565217,
        "approx_width_m": 488.4,
        "approx_height_m": 483.5
      },
      "geometry": {
        "type": "Polygon",
        "coordinates": [
          [
            [
              77.275,
              28.56087
            ],
            [
              77.28,
              28.56087
            ],
            [
              77.28,
              28.565217
            ],
            [
              77.275,
              28.565217
            ],
            [
              77.275,
              28.56087
            ]
          ]
        ]
      }
    },
    {
      "type": "Feature",
      "id": "cell_14_06",
      "properties": {
        "cell_id": "cell_14_06",
        "row": 14,
        "col": 6,
        "index": 286,
        "centroid_lon": 77.2825,
        "centroid_lat": 28.563043,
        "min_lon": 77.28,
        "min_lat": 28.56087,
        "max_lon": 77.285,
        "max_lat": 28.565217,
        "approx_width_m": 488.4,
        "approx_height_m": 483.5
      },
      "geometry": {
        "type": "Polygon",
        "coordinates": [
          [
            [
              77.28,
              28.56087
            ],
            [
              77.285,
              28.56087
            ],
            [
              77.285,
              28.565217
            ],
            [
              77.28,
              28.565217
            ],
            [
              77.28,
              28.56087
            ]
          ]
        ]
      }
    },
    {
      "type": "Feature",
      "id": "cell_14_07",
      "properties": {
        "cell_id": "cell_14_07",
        "row": 14,
        "col": 7,
        "index": 287,
        "centroid_lon": 77.2875,
        "centroid_lat": 28.563043,
        "min_lon": 77.285,
        "min_lat": 28.56087,
        "max_lon": 77.29,
        "max_lat": 28.565217,
        "approx_width_m": 488.4,
        "approx_height_m": 483.5
      },
      "geometry": {
        "type": "Polygon",
        "coordinates": [
          [
            [
              77.285,
              28.56087
            ],
            [
              77.29,
              28.56087
            ],
            [
              77.29,
              28.565217
            ],
            [
              77.285,
              28.565217
            ],
            [
              77.285,
              28.56087
            ]
          ]
        ]
      }
    },
    {
      "type": "Feature",
      "id": "cell_14_08",
      "properties": {
        "cell_id": "cell_14_08",
        "row": 14,
        "col": 8,
        "index": 288,
        "centroid_lon": 77.2925,
        "centroid_lat": 28.563043,
        "min_lon": 77.29,
        "min_lat": 28.56087,
        "max_lon": 77.295,
        "max_lat": 28.565217,
        "approx_width_m": 488.4,
        "approx_height_m": 483.5
      },
      "geometry": {
        "type": "Polygon",
        "coordinates": [
          [
            [
              77.29,
              28.56087
            ],
            [
              77.295,
              28.56087
            ],
            [
              77.295,
              28.565217
            ],
            [
              77.29,
              28.565217
            ],
            [
              77.29,
              28.56087
            ]
          ]
        ]
      }
    },
    {
      "type": "Feature",
      "id": "cell_14_09",
      "properties": {
        "cell_id": "cell_14_09",
        "row": 14,
        "col": 9,
        "index": 289,
        "centroid_lon": 77.2975,
        "centroid_lat": 28.563043,
        "min_lon": 77.295,
        "min_lat": 28.56087,
        "max_lon": 77.3,
        "max_lat": 28.565217,
        "approx_width_m": 488.4,
        "approx_height_m": 483.5
      },
      "geometry": {
        "type": "Polygon",
        "coordinates": [
          [
            [
              77.295,
              28.56087
            ],
            [
              77.3,
              28.56087
            ],
            [
              77.3,
              28.565217
            ],
            [
              77.295,
              28.565217
            ],
            [
              77.295,
              28.56087
            ]
          ]
        ]
      }
    },
    {
      "type": "Feature",
      "id": "cell_14_10",
      "properties": {
        "cell_id": "cell_14_10",
        "row": 14,
        "col": 10,
        "index": 290,
        "centroid_lon": 77.3025,
        "centroid_lat": 28.563043,
        "min_lon": 77.3,
        "min_lat": 28.56087,
        "max_lon": 77.305,
        "max_lat": 28.565217,
        "approx_width_m": 488.4,
        "approx_height_m": 483.5
      },
      "geometry": {
        "type": "Polygon",
        "coordinates": [
          [
            [
              77.3,
              28.56087
            ],
            [
              77.305,
              28.56087
            ],
            [
              77.305,
              28.565217
            ],
            [
              77.3,
              28.565217
            ],
            [
              77.3,
              28.56087
            ]
          ]
        ]
      }
    },
    {
      "type": "Feature",
      "id": "cell_14_11",
      "properties": {
        "cell_id": "cell_14_11",
        "row": 14,
        "col": 11,
        "index": 291,
        "centroid_lon": 77.3075,
        "centroid_lat": 28.563043,
        "min_lon": 77.305,
        "min_lat": 28.56087,
        "max_lon": 77.31,
        "max_lat": 28.565217,
        "approx_width_m": 488.4,
        "approx_height_m": 483.5
      },
      "geometry": {
        "type": "Polygon",
        "coordinates": [
          [
            [
              77.305,
              28.56087
            ],
            [
              77.31,
              28.56087
            ],
            [
              77.31,
              28.565217
            ],
            [
              77.305,
              28.565217
            ],
            [
              77.305,
              28.56087
            ]
          ]
        ]
      }
    },
    {
      "type": "Feature",
      "id": "cell_14_12",
      "properties": {
        "cell_id": "cell_14_12",
        "row": 14,
        "col": 12,
        "index": 292,
        "centroid_lon": 77.3125,
        "centroid_lat": 28.563043,
        "min_lon": 77.31,
        "min_lat": 28.56087,
        "max_lon": 77.315,
        "max_lat": 28.565217,
        "approx_width_m": 488.4,
        "approx_height_m": 483.5
      },
      "geometry": {
        "type": "Polygon",
        "coordinates": [
          [
            [
              77.31,
              28.56087
            ],
            [
              77.315,
              28.56087
            ],
            [
              77.315,
              28.565217
            ],
            [
              77.31,
              28.565217
            ],
            [
              77.31,
              28.56087
            ]
          ]
        ]
      }
    },
    {
      "type": "Feature",
      "id": "cell_14_13",
      "properties": {
        "cell_id": "cell_14_13",
        "row": 14,
        "col": 13,
        "index": 293,
        "centroid_lon": 77.3175,
        "centroid_lat": 28.563043,
        "min_lon": 77.315,
        "min_lat": 28.56087,
        "max_lon": 77.32,
        "max_lat": 28.565217,
        "approx_width_m": 488.4,
        "approx_height_m": 483.5
      },
      "geometry": {
        "type": "Polygon",
        "coordinates": [
          [
            [
              77.315,
              28.56087
            ],
            [
              77.32,
              28.56087
            ],
            [
              77.32,
              28.565217
            ],
            [
              77.315,
              28.565217
            ],
            [
              77.315,
              28.56087
            ]
          ]
        ]
      }
    },
    {
      "type": "Feature",
      "id": "cell_14_14",
      "properties": {
        "cell_id": "cell_14_14",
        "row": 14,
        "col": 14,
        "index": 294,
        "centroid_lon": 77.3225,
        "centroid_lat": 28.563043,
        "min_lon": 77.32,
        "min_lat": 28.56087,
        "max_lon": 77.325,
        "max_lat": 28.565217,
        "approx_width_m": 488.4,
        "approx_height_m": 483.5
      },
      "geometry": {
        "type": "Polygon",
        "coordinates": [
          [
            [
              77.32,
              28.56087
            ],
            [
              77.325,
              28.56087
            ],
            [
              77.325,
              28.565217
            ],
            [
              77.32,
              28.565217
            ],
            [
              77.32,
              28.56087
            ]
          ]
        ]
      }
    },
    {
      "type": "Feature",
      "id": "cell_14_15",
      "properties": {
        "cell_id": "cell_14_15",
        "row": 14,
        "col": 15,
        "index": 295,
        "centroid_lon": 77.3275,
        "centroid_lat": 28.563043,
        "min_lon": 77.325,
        "min_lat": 28.56087,
        "max_lon": 77.33,
        "max_lat": 28.565217,
        "approx_width_m": 488.4,
        "approx_height_m": 483.5
      },
      "geometry": {
        "type": "Polygon",
        "coordinates": [
          [
            [
              77.325,
              28.56087
            ],
            [
              77.33,
              28.56087
            ],
            [
              77.33,
              28.565217
            ],
            [
              77.325,
              28.565217
            ],
            [
              77.325,
              28.56087
            ]
          ]
        ]
      }
    },
    {
      "type": "Feature",
      "id": "cell_14_16",
      "properties": {
        "cell_id": "cell_14_16",
        "row": 14,
        "col": 16,
        "index": 296,
        "centroid_lon": 77.3325,
        "centroid_lat": 28.563043,
        "min_lon": 77.33,
        "min_lat": 28.56087,
        "max_lon": 77.335,
        "max_lat": 28.565217,
        "approx_width_m": 488.4,
        "approx_height_m": 483.5
      },
      "geometry": {
        "type": "Polygon",
        "coordinates": [
          [
            [
              77.33,
              28.56087
            ],
            [
              77.335,
              28.56087
            ],
            [
              77.335,
              28.565217
            ],
            [
              77.33,
              28.565217
            ],
            [
              77.33,
              28.56087
            ]
          ]
        ]
      }
    },
    {
      "type": "Feature",
      "id": "cell_14_17",
      "properties": {
        "cell_id": "cell_14_17",
        "row": 14,
        "col": 17,
        "index": 297,
        "centroid_lon": 77.3375,
        "centroid_lat": 28.563043,
        "min_lon": 77.335,
        "min_lat": 28.56087,
        "max_lon": 77.34,
        "max_lat": 28.565217,
        "approx_width_m": 488.4,
        "approx_height_m": 483.5
      },
      "geometry": {
        "type": "Polygon",
        "coordinates": [
          [
            [
              77.335,
              28.56087
            ],
            [
              77.34,
              28.56087
            ],
            [
              77.34,
              28.565217
            ],
            [
              77.335,
              28.565217
            ],
            [
              77.335,
              28.56087
            ]
          ]
        ]
      }
    },
    {
      "type": "Feature",
      "id": "cell_14_18",
      "properties": {
        "cell_id": "cell_14_18",
        "row": 14,
        "col": 18,
        "index": 298,
        "centroid_lon": 77.3425,
        "centroid_lat": 28.563043,
        "min_lon": 77.34,
        "min_lat": 28.56087,
        "max_lon": 77.345,
        "max_lat": 28.565217,
        "approx_width_m": 488.4,
        "approx_height_m": 483.5
      },
      "geometry": {
        "type": "Polygon",
        "coordinates": [
          [
            [
              77.34,
              28.56087
            ],
            [
              77.345,
              28.56087
            ],
            [
              77.345,
              28.565217
            ],
            [
              77.34,
              28.565217
            ],
            [
              77.34,
              28.56087
            ]
          ]
        ]
      }
    },
    {
      "type": "Feature",
      "id": "cell_14_19",
      "properties": {
        "cell_id": "cell_14_19",
        "row": 14,
        "col": 19,
        "index": 299,
        "centroid_lon": 77.3475,
        "centroid_lat": 28.563043,
        "min_lon": 77.345,
        "min_lat": 28.56087,
        "max_lon": 77.35,
        "max_lat": 28.565217,
        "approx_width_m": 488.4,
        "approx_height_m": 483.5
      },
      "geometry": {
        "type": "Polygon",
        "coordinates": [
          [
            [
              77.345,
              28.56087
            ],
            [
              77.35,
              28.56087
            ],
            [
              77.35,
              28.565217
            ],
            [
              77.345,
              28.565217
            ],
            [
              77.345,
              28.56087
            ]
          ]
        ]
      }
    },
    {
      "type": "Feature",
      "id": "cell_15_00",
      "properties": {
        "cell_id": "cell_15_00",
        "row": 15,
        "col": 0,
        "index": 300,
        "centroid_lon": 77.2525,
        "centroid_lat": 28.567391,
        "min_lon": 77.25,
        "min_lat": 28.565217,
        "max_lon": 77.255,
        "max_lat": 28.569565,
        "approx_width_m": 488.4,
        "approx_height_m": 483.5
      },
      "geometry": {
        "type": "Polygon",
        "coordinates": [
          [
            [
              77.25,
              28.565217
            ],
            [
              77.255,
              28.565217
            ],
            [
              77.255,
              28.569565
            ],
            [
              77.25,
              28.569565
            ],
            [
              77.25,
              28.565217
            ]
          ]
        ]
      }
    },
    {
      "type": "Feature",
      "id": "cell_15_01",
      "properties": {
        "cell_id": "cell_15_01",
        "row": 15,
        "col": 1,
        "index": 301,
        "centroid_lon": 77.2575,
        "centroid_lat": 28.567391,
        "min_lon": 77.255,
        "min_lat": 28.565217,
        "max_lon": 77.26,
        "max_lat": 28.569565,
        "approx_width_m": 488.4,
        "approx_height_m": 483.5
      },
      "geometry": {
        "type": "Polygon",
        "coordinates": [
          [
            [
              77.255,
              28.565217
            ],
            [
              77.26,
              28.565217
            ],
            [
              77.26,
              28.569565
            ],
            [
              77.255,
              28.569565
            ],
            [
              77.255,
              28.565217
            ]
          ]
        ]
      }
    },
    {
      "type": "Feature",
      "id": "cell_15_02",
      "properties": {
        "cell_id": "cell_15_02",
        "row": 15,
        "col": 2,
        "index": 302,
        "centroid_lon": 77.2625,
        "centroid_lat": 28.567391,
        "min_lon": 77.26,
        "min_lat": 28.565217,
        "max_lon": 77.265,
        "max_lat": 28.569565,
        "approx_width_m": 488.4,
        "approx_height_m": 483.5
      },
      "geometry": {
        "type": "Polygon",
        "coordinates": [
          [
            [
              77.26,
              28.565217
            ],
            [
              77.265,
              28.565217
            ],
            [
              77.265,
              28.569565
            ],
            [
              77.26,
              28.569565
            ],
            [
              77.26,
              28.565217
            ]
          ]
        ]
      }
    },
    {
      "type": "Feature",
      "id": "cell_15_03",
      "properties": {
        "cell_id": "cell_15_03",
        "row": 15,
        "col": 3,
        "index": 303,
        "centroid_lon": 77.2675,
        "centroid_lat": 28.567391,
        "min_lon": 77.265,
        "min_lat": 28.565217,
        "max_lon": 77.27,
        "max_lat": 28.569565,
        "approx_width_m": 488.4,
        "approx_height_m": 483.5
      },
      "geometry": {
        "type": "Polygon",
        "coordinates": [
          [
            [
              77.265,
              28.565217
            ],
            [
              77.27,
              28.565217
            ],
            [
              77.27,
              28.569565
            ],
            [
              77.265,
              28.569565
            ],
            [
              77.265,
              28.565217
            ]
          ]
        ]
      }
    },
    {
      "type": "Feature",
      "id": "cell_15_04",
      "properties": {
        "cell_id": "cell_15_04",
        "row": 15,
        "col": 4,
        "index": 304,
        "centroid_lon": 77.2725,
        "centroid_lat": 28.567391,
        "min_lon": 77.27,
        "min_lat": 28.565217,
        "max_lon": 77.275,
        "max_lat": 28.569565,
        "approx_width_m": 488.4,
        "approx_height_m": 483.5
      },
      "geometry": {
        "type": "Polygon",
        "coordinates": [
          [
            [
              77.27,
              28.565217
            ],
            [
              77.275,
              28.565217
            ],
            [
              77.275,
              28.569565
            ],
            [
              77.27,
              28.569565
            ],
            [
              77.27,
              28.565217
            ]
          ]
        ]
      }
    },
    {
      "type": "Feature",
      "id": "cell_15_05",
      "properties": {
        "cell_id": "cell_15_05",
        "row": 15,
        "col": 5,
        "index": 305,
        "centroid_lon": 77.2775,
        "centroid_lat": 28.567391,
        "min_lon": 77.275,
        "min_lat": 28.565217,
        "max_lon": 77.28,
        "max_lat": 28.569565,
        "approx_width_m": 488.4,
        "approx_height_m": 483.5
      },
      "geometry": {
        "type": "Polygon",
        "coordinates": [
          [
            [
              77.275,
              28.565217
            ],
            [
              77.28,
              28.565217
            ],
            [
              77.28,
              28.569565
            ],
            [
              77.275,
              28.569565
            ],
            [
              77.275,
              28.565217
            ]
          ]
        ]
      }
    },
    {
      "type": "Feature",
      "id": "cell_15_06",
      "properties": {
        "cell_id": "cell_15_06",
        "row": 15,
        "col": 6,
        "index": 306,
        "centroid_lon": 77.2825,
        "centroid_lat": 28.567391,
        "min_lon": 77.28,
        "min_lat": 28.565217,
        "max_lon": 77.285,
        "max_lat": 28.569565,
        "approx_width_m": 488.4,
        "approx_height_m": 483.5
      },
      "geometry": {
        "type": "Polygon",
        "coordinates": [
          [
            [
              77.28,
              28.565217
            ],
            [
              77.285,
              28.565217
            ],
            [
              77.285,
              28.569565
            ],
            [
              77.28,
              28.569565
            ],
            [
              77.28,
              28.565217
            ]
          ]
        ]
      }
    },
    {
      "type": "Feature",
      "id": "cell_15_07",
      "properties": {
        "cell_id": "cell_15_07",
        "row": 15,
        "col": 7,
        "index": 307,
        "centroid_lon": 77.2875,
        "centroid_lat": 28.567391,
        "min_lon": 77.285,
        "min_lat": 28.565217,
        "max_lon": 77.29,
        "max_lat": 28.569565,
        "approx_width_m": 488.4,
        "approx_height_m": 483.5
      },
      "geometry": {
        "type": "Polygon",
        "coordinates": [
          [
            [
              77.285,
              28.565217
            ],
            [
              77.29,
              28.565217
            ],
            [
              77.29,
              28.569565
            ],
            [
              77.285,
              28.569565
            ],
            [
              77.285,
              28.565217
            ]
          ]
        ]
      }
    },
    {
      "type": "Feature",
      "id": "cell_15_08",
      "properties": {
        "cell_id": "cell_15_08",
        "row": 15,
        "col": 8,
        "index": 308,
        "centroid_lon": 77.2925,
        "centroid_lat": 28.567391,
        "min_lon": 77.29,
        "min_lat": 28.565217,
        "max_lon": 77.295,
        "max_lat": 28.569565,
        "approx_width_m": 488.4,
        "approx_height_m": 483.5
      },
      "geometry": {
        "type": "Polygon",
        "coordinates": [
          [
            [
              77.29,
              28.565217
            ],
            [
              77.295,
              28.565217
            ],
            [
              77.295,
              28.569565
            ],
            [
              77.29,
              28.569565
            ],
            [
              77.29,
              28.565217
            ]
          ]
        ]
      }
    },
    {
      "type": "Feature",
      "id": "cell_15_09",
      "properties": {
        "cell_id": "cell_15_09",
        "row": 15,
        "col": 9,
        "index": 309,
        "centroid_lon": 77.2975,
        "centroid_lat": 28.567391,
        "min_lon": 77.295,
        "min_lat": 28.565217,
        "max_lon": 77.3,
        "max_lat": 28.569565,
        "approx_width_m": 488.4,
        "approx_height_m": 483.5
      },
      "geometry": {
        "type": "Polygon",
        "coordinates": [
          [
            [
              77.295,
              28.565217
            ],
            [
              77.3,
              28.565217
            ],
            [
              77.3,
              28.569565
            ],
            [
              77.295,
              28.569565
            ],
            [
              77.295,
              28.565217
            ]
          ]
        ]
      }
    },
    {
      "type": "Feature",
      "id": "cell_15_10",
      "properties": {
        "cell_id": "cell_15_10",
        "row": 15,
        "col": 10,
        "index": 310,
        "centroid_lon": 77.3025,
        "centroid_lat": 28.567391,
        "min_lon": 77.3,
        "min_lat": 28.565217,
        "max_lon": 77.305,
        "max_lat": 28.569565,
        "approx_width_m": 488.4,
        "approx_height_m": 483.5
      },
      "geometry": {
        "type": "Polygon",
        "coordinates": [
          [
            [
              77.3,
              28.565217
            ],
            [
              77.305,
              28.565217
            ],
            [
              77.305,
              28.569565
            ],
            [
              77.3,
              28.569565
            ],
            [
              77.3,
              28.565217
            ]
          ]
        ]
      }
    },
    {
      "type": "Feature",
      "id": "cell_15_11",
      "properties": {
        "cell_id": "cell_15_11",
        "row": 15,
        "col": 11,
        "index": 311,
        "centroid_lon": 77.3075,
        "centroid_lat": 28.567391,
        "min_lon": 77.305,
        "min_lat": 28.565217,
        "max_lon": 77.31,
        "max_lat": 28.569565,
        "approx_width_m": 488.4,
        "approx_height_m": 483.5
      },
      "geometry": {
        "type": "Polygon",
        "coordinates": [
          [
            [
              77.305,
              28.565217
            ],
            [
              77.31,
              28.565217
            ],
            [
              77.31,
              28.569565
            ],
            [
              77.305,
              28.569565
            ],
            [
              77.305,
              28.565217
            ]
          ]
        ]
      }
    },
    {
      "type": "Feature",
      "id": "cell_15_12",
      "properties": {
        "cell_id": "cell_15_12",
        "row": 15,
        "col": 12,
        "index": 312,
        "centroid_lon": 77.3125,
        "centroid_lat": 28.567391,
        "min_lon": 77.31,
        "min_lat": 28.565217,
        "max_lon": 77.315,
        "max_lat": 28.569565,
        "approx_width_m": 488.4,
        "approx_height_m": 483.5
      },
      "geometry": {
        "type": "Polygon",
        "coordinates": [
          [
            [
              77.31,
              28.565217
            ],
            [
              77.315,
              28.565217
            ],
            [
              77.315,
              28.569565
            ],
            [
              77.31,
              28.569565
            ],
            [
              77.31,
              28.565217
            ]
          ]
        ]
      }
    },
    {
      "type": "Feature",
      "id": "cell_15_13",
      "properties": {
        "cell_id": "cell_15_13",
        "row": 15,
        "col": 13,
        "index": 313,
        "centroid_lon": 77.3175,
        "centroid_lat": 28.567391,
        "min_lon": 77.315,
        "min_lat": 28.565217,
        "max_lon": 77.32,
        "max_lat": 28.569565,
        "approx_width_m": 488.4,
        "approx_height_m": 483.5
      },
      "geometry": {
        "type": "Polygon",
        "coordinates": [
          [
            [
              77.315,
              28.565217
            ],
            [
              77.32,
              28.565217
            ],
            [
              77.32,
              28.569565
            ],
            [
              77.315,
              28.569565
            ],
            [
              77.315,
              28.565217
            ]
          ]
        ]
      }
    },
    {
      "type": "Feature",
      "id": "cell_15_14",
      "properties": {
        "cell_id": "cell_15_14",
        "row": 15,
        "col": 14,
        "index": 314,
        "centroid_lon": 77.3225,
        "centroid_lat": 28.567391,
        "min_lon": 77.32,
        "min_lat": 28.565217,
        "max_lon": 77.325,
        "max_lat": 28.569565,
        "approx_width_m": 488.4,
        "approx_height_m": 483.5
      },
      "geometry": {
        "type": "Polygon",
        "coordinates": [
          [
            [
              77.32,
              28.565217
            ],
            [
              77.325,
              28.565217
            ],
            [
              77.325,
              28.569565
            ],
            [
              77.32,
              28.569565
            ],
            [
              77.32,
              28.565217
            ]
          ]
        ]
      }
    },
    {
      "type": "Feature",
      "id": "cell_15_15",
      "properties": {
        "cell_id": "cell_15_15",
        "row": 15,
        "col": 15,
        "index": 315,
        "centroid_lon": 77.3275,
        "centroid_lat": 28.567391,
        "min_lon": 77.325,
        "min_lat": 28.565217,
        "max_lon": 77.33,
        "max_lat": 28.569565,
        "approx_width_m": 488.4,
        "approx_height_m": 483.5
      },
      "geometry": {
        "type": "Polygon",
        "coordinates": [
          [
            [
              77.325,
              28.565217
            ],
            [
              77.33,
              28.565217
            ],
            [
              77.33,
              28.569565
            ],
            [
              77.325,
              28.569565
            ],
            [
              77.325,
              28.565217
            ]
          ]
        ]
      }
    },
    {
      "type": "Feature",
      "id": "cell_15_16",
      "properties": {
        "cell_id": "cell_15_16",
        "row": 15,
        "col": 16,
        "index": 316,
        "centroid_lon": 77.3325,
        "centroid_lat": 28.567391,
        "min_lon": 77.33,
        "min_lat": 28.565217,
        "max_lon": 77.335,
        "max_lat": 28.569565,
        "approx_width_m": 488.4,
        "approx_height_m": 483.5
      },
      "geometry": {
        "type": "Polygon",
        "coordinates": [
          [
            [
              77.33,
              28.565217
            ],
            [
              77.335,
              28.565217
            ],
            [
              77.335,
              28.569565
            ],
            [
              77.33,
              28.569565
            ],
            [
              77.33,
              28.565217
            ]
          ]
        ]
      }
    },
    {
      "type": "Feature",
      "id": "cell_15_17",
      "properties": {
        "cell_id": "cell_15_17",
        "row": 15,
        "col": 17,
        "index": 317,
        "centroid_lon": 77.3375,
        "centroid_lat": 28.567391,
        "min_lon": 77.335,
        "min_lat": 28.565217,
        "max_lon": 77.34,
        "max_lat": 28.569565,
        "approx_width_m": 488.4,
        "approx_height_m": 483.5
      },
      "geometry": {
        "type": "Polygon",
        "coordinates": [
          [
            [
              77.335,
              28.565217
            ],
            [
              77.34,
              28.565217
            ],
            [
              77.34,
              28.569565
            ],
            [
              77.335,
              28.569565
            ],
            [
              77.335,
              28.565217
            ]
          ]
        ]
      }
    },
    {
      "type": "Feature",
      "id": "cell_15_18",
      "properties": {
        "cell_id": "cell_15_18",
        "row": 15,
        "col": 18,
        "index": 318,
        "centroid_lon": 77.3425,
        "centroid_lat": 28.567391,
        "min_lon": 77.34,
        "min_lat": 28.565217,
        "max_lon": 77.345,
        "max_lat": 28.569565,
        "approx_width_m": 488.4,
        "approx_height_m": 483.5
      },
      "geometry": {
        "type": "Polygon",
        "coordinates": [
          [
            [
              77.34,
              28.565217
            ],
            [
              77.345,
              28.565217
            ],
            [
              77.345,
              28.569565
            ],
            [
              77.34,
              28.569565
            ],
            [
              77.34,
              28.565217
            ]
          ]
        ]
      }
    },
    {
      "type": "Feature",
      "id": "cell_15_19",
      "properties": {
        "cell_id": "cell_15_19",
        "row": 15,
        "col": 19,
        "index": 319,
        "centroid_lon": 77.3475,
        "centroid_lat": 28.567391,
        "min_lon": 77.345,
        "min_lat": 28.565217,
        "max_lon": 77.35,
        "max_lat": 28.569565,
        "approx_width_m": 488.4,
        "approx_height_m": 483.5
      },
      "geometry": {
        "type": "Polygon",
        "coordinates": [
          [
            [
              77.345,
              28.565217
            ],
            [
              77.35,
              28.565217
            ],
            [
              77.35,
              28.569565
            ],
            [
              77.345,
              28.569565
            ],
            [
              77.345,
              28.565217
            ]
          ]
        ]
      }
    },
    {
      "type": "Feature",
      "id": "cell_16_00",
      "properties": {
        "cell_id": "cell_16_00",
        "row": 16,
        "col": 0,
        "index": 320,
        "centroid_lon": 77.2525,
        "centroid_lat": 28.571739,
        "min_lon": 77.25,
        "min_lat": 28.569565,
        "max_lon": 77.255,
        "max_lat": 28.573913,
        "approx_width_m": 488.4,
        "approx_height_m": 483.5
      },
      "geometry": {
        "type": "Polygon",
        "coordinates": [
          [
            [
              77.25,
              28.569565
            ],
            [
              77.255,
              28.569565
            ],
            [
              77.255,
              28.573913
            ],
            [
              77.25,
              28.573913
            ],
            [
              77.25,
              28.569565
            ]
          ]
        ]
      }
    },
    {
      "type": "Feature",
      "id": "cell_16_01",
      "properties": {
        "cell_id": "cell_16_01",
        "row": 16,
        "col": 1,
        "index": 321,
        "centroid_lon": 77.2575,
        "centroid_lat": 28.571739,
        "min_lon": 77.255,
        "min_lat": 28.569565,
        "max_lon": 77.26,
        "max_lat": 28.573913,
        "approx_width_m": 488.4,
        "approx_height_m": 483.5
      },
      "geometry": {
        "type": "Polygon",
        "coordinates": [
          [
            [
              77.255,
              28.569565
            ],
            [
              77.26,
              28.569565
            ],
            [
              77.26,
              28.573913
            ],
            [
              77.255,
              28.573913
            ],
            [
              77.255,
              28.569565
            ]
          ]
        ]
      }
    },
    {
      "type": "Feature",
      "id": "cell_16_02",
      "properties": {
        "cell_id": "cell_16_02",
        "row": 16,
        "col": 2,
        "index": 322,
        "centroid_lon": 77.2625,
        "centroid_lat": 28.571739,
        "min_lon": 77.26,
        "min_lat": 28.569565,
        "max_lon": 77.265,
        "max_lat": 28.573913,
        "approx_width_m": 488.4,
        "approx_height_m": 483.5
      },
      "geometry": {
        "type": "Polygon",
        "coordinates": [
          [
            [
              77.26,
              28.569565
            ],
            [
              77.265,
              28.569565
            ],
            [
              77.265,
              28.573913
            ],
            [
              77.26,
              28.573913
            ],
            [
              77.26,
              28.569565
            ]
          ]
        ]
      }
    },
    {
      "type": "Feature",
      "id": "cell_16_03",
      "properties": {
        "cell_id": "cell_16_03",
        "row": 16,
        "col": 3,
        "index": 323,
        "centroid_lon": 77.2675,
        "centroid_lat": 28.571739,
        "min_lon": 77.265,
        "min_lat": 28.569565,
        "max_lon": 77.27,
        "max_lat": 28.573913,
        "approx_width_m": 488.4,
        "approx_height_m": 483.5
      },
      "geometry": {
        "type": "Polygon",
        "coordinates": [
          [
            [
              77.265,
              28.569565
            ],
            [
              77.27,
              28.569565
            ],
            [
              77.27,
              28.573913
            ],
            [
              77.265,
              28.573913
            ],
            [
              77.265,
              28.569565
            ]
          ]
        ]
      }
    },
    {
      "type": "Feature",
      "id": "cell_16_04",
      "properties": {
        "cell_id": "cell_16_04",
        "row": 16,
        "col": 4,
        "index": 324,
        "centroid_lon": 77.2725,
        "centroid_lat": 28.571739,
        "min_lon": 77.27,
        "min_lat": 28.569565,
        "max_lon": 77.275,
        "max_lat": 28.573913,
        "approx_width_m": 488.4,
        "approx_height_m": 483.5
      },
      "geometry": {
        "type": "Polygon",
        "coordinates": [
          [
            [
              77.27,
              28.569565
            ],
            [
              77.275,
              28.569565
            ],
            [
              77.275,
              28.573913
            ],
            [
              77.27,
              28.573913
            ],
            [
              77.27,
              28.569565
            ]
          ]
        ]
      }
    },
    {
      "type": "Feature",
      "id": "cell_16_05",
      "properties": {
        "cell_id": "cell_16_05",
        "row": 16,
        "col": 5,
        "index": 325,
        "centroid_lon": 77.2775,
        "centroid_lat": 28.571739,
        "min_lon": 77.275,
        "min_lat": 28.569565,
        "max_lon": 77.28,
        "max_lat": 28.573913,
        "approx_width_m": 488.4,
        "approx_height_m": 483.5
      },
      "geometry": {
        "type": "Polygon",
        "coordinates": [
          [
            [
              77.275,
              28.569565
            ],
            [
              77.28,
              28.569565
            ],
            [
              77.28,
              28.573913
            ],
            [
              77.275,
              28.573913
            ],
            [
              77.275,
              28.569565
            ]
          ]
        ]
      }
    },
    {
      "type": "Feature",
      "id": "cell_16_06",
      "properties": {
        "cell_id": "cell_16_06",
        "row": 16,
        "col": 6,
        "index": 326,
        "centroid_lon": 77.2825,
        "centroid_lat": 28.571739,
        "min_lon": 77.28,
        "min_lat": 28.569565,
        "max_lon": 77.285,
        "max_lat": 28.573913,
        "approx_width_m": 488.4,
        "approx_height_m": 483.5
      },
      "geometry": {
        "type": "Polygon",
        "coordinates": [
          [
            [
              77.28,
              28.569565
            ],
            [
              77.285,
              28.569565
            ],
            [
              77.285,
              28.573913
            ],
            [
              77.28,
              28.573913
            ],
            [
              77.28,
              28.569565
            ]
          ]
        ]
      }
    },
    {
      "type": "Feature",
      "id": "cell_16_07",
      "properties": {
        "cell_id": "cell_16_07",
        "row": 16,
        "col": 7,
        "index": 327,
        "centroid_lon": 77.2875,
        "centroid_lat": 28.571739,
        "min_lon": 77.285,
        "min_lat": 28.569565,
        "max_lon": 77.29,
        "max_lat": 28.573913,
        "approx_width_m": 488.4,
        "approx_height_m": 483.5
      },
      "geometry": {
        "type": "Polygon",
        "coordinates": [
          [
            [
              77.285,
              28.569565
            ],
            [
              77.29,
              28.569565
            ],
            [
              77.29,
              28.573913
            ],
            [
              77.285,
              28.573913
            ],
            [
              77.285,
              28.569565
            ]
          ]
        ]
      }
    },
    {
      "type": "Feature",
      "id": "cell_16_08",
      "properties": {
        "cell_id": "cell_16_08",
        "row": 16,
        "col": 8,
        "index": 328,
        "centroid_lon": 77.2925,
        "centroid_lat": 28.571739,
        "min_lon": 77.29,
        "min_lat": 28.569565,
        "max_lon": 77.295,
        "max_lat": 28.573913,
        "approx_width_m": 488.4,
        "approx_height_m": 483.5
      },
      "geometry": {
        "type": "Polygon",
        "coordinates": [
          [
            [
              77.29,
              28.569565
            ],
            [
              77.295,
              28.569565
            ],
            [
              77.295,
              28.573913
            ],
            [
              77.29,
              28.573913
            ],
            [
              77.29,
              28.569565
            ]
          ]
        ]
      }
    },
    {
      "type": "Feature",
      "id": "cell_16_09",
      "properties": {
        "cell_id": "cell_16_09",
        "row": 16,
        "col": 9,
        "index": 329,
        "centroid_lon": 77.2975,
        "centroid_lat": 28.571739,
        "min_lon": 77.295,
        "min_lat": 28.569565,
        "max_lon": 77.3,
        "max_lat": 28.573913,
        "approx_width_m": 488.4,
        "approx_height_m": 483.5
      },
      "geometry": {
        "type": "Polygon",
        "coordinates": [
          [
            [
              77.295,
              28.569565
            ],
            [
              77.3,
              28.569565
            ],
            [
              77.3,
              28.573913
            ],
            [
              77.295,
              28.573913
            ],
            [
              77.295,
              28.569565
            ]
          ]
        ]
      }
    },
    {
      "type": "Feature",
      "id": "cell_16_10",
      "properties": {
        "cell_id": "cell_16_10",
        "row": 16,
        "col": 10,
        "index": 330,
        "centroid_lon": 77.3025,
        "centroid_lat": 28.571739,
        "min_lon": 77.3,
        "min_lat": 28.569565,
        "max_lon": 77.305,
        "max_lat": 28.573913,
        "approx_width_m": 488.4,
        "approx_height_m": 483.5
      },
      "geometry": {
        "type": "Polygon",
        "coordinates": [
          [
            [
              77.3,
              28.569565
            ],
            [
              77.305,
              28.569565
            ],
            [
              77.305,
              28.573913
            ],
            [
              77.3,
              28.573913
            ],
            [
              77.3,
              28.569565
            ]
          ]
        ]
      }
    },
    {
      "type": "Feature",
      "id": "cell_16_11",
      "properties": {
        "cell_id": "cell_16_11",
        "row": 16,
        "col": 11,
        "index": 331,
        "centroid_lon": 77.3075,
        "centroid_lat": 28.571739,
        "min_lon": 77.305,
        "min_lat": 28.569565,
        "max_lon": 77.31,
        "max_lat": 28.573913,
        "approx_width_m": 488.4,
        "approx_height_m": 483.5
      },
      "geometry": {
        "type": "Polygon",
        "coordinates": [
          [
            [
              77.305,
              28.569565
            ],
            [
              77.31,
              28.569565
            ],
            [
              77.31,
              28.573913
            ],
            [
              77.305,
              28.573913
            ],
            [
              77.305,
              28.569565
            ]
          ]
        ]
      }
    },
    {
      "type": "Feature",
      "id": "cell_16_12",
      "properties": {
        "cell_id": "cell_16_12",
        "row": 16,
        "col": 12,
        "index": 332,
        "centroid_lon": 77.3125,
        "centroid_lat": 28.571739,
        "min_lon": 77.31,
        "min_lat": 28.569565,
        "max_lon": 77.315,
        "max_lat": 28.573913,
        "approx_width_m": 488.4,
        "approx_height_m": 483.5
      },
      "geometry": {
        "type": "Polygon",
        "coordinates": [
          [
            [
              77.31,
              28.569565
            ],
            [
              77.315,
              28.569565
            ],
            [
              77.315,
              28.573913
            ],
            [
              77.31,
              28.573913
            ],
            [
              77.31,
              28.569565
            ]
          ]
        ]
      }
    },
    {
      "type": "Feature",
      "id": "cell_16_13",
      "properties": {
        "cell_id": "cell_16_13",
        "row": 16,
        "col": 13,
        "index": 333,
        "centroid_lon": 77.3175,
        "centroid_lat": 28.571739,
        "min_lon": 77.315,
        "min_lat": 28.569565,
        "max_lon": 77.32,
        "max_lat": 28.573913,
        "approx_width_m": 488.4,
        "approx_height_m": 483.5
      },
      "geometry": {
        "type": "Polygon",
        "coordinates": [
          [
            [
              77.315,
              28.569565
            ],
            [
              77.32,
              28.569565
            ],
            [
              77.32,
              28.573913
            ],
            [
              77.315,
              28.573913
            ],
            [
              77.315,
              28.569565
            ]
          ]
        ]
      }
    },
    {
      "type": "Feature",
      "id": "cell_16_14",
      "properties": {
        "cell_id": "cell_16_14",
        "row": 16,
        "col": 14,
        "index": 334,
        "centroid_lon": 77.3225,
        "centroid_lat": 28.571739,
        "min_lon": 77.32,
        "min_lat": 28.569565,
        "max_lon": 77.325,
        "max_lat": 28.573913,
        "approx_width_m": 488.4,
        "approx_height_m": 483.5
      },
      "geometry": {
        "type": "Polygon",
        "coordinates": [
          [
            [
              77.32,
              28.569565
            ],
            [
              77.325,
              28.569565
            ],
            [
              77.325,
              28.573913
            ],
            [
              77.32,
              28.573913
            ],
            [
              77.32,
              28.569565
            ]
          ]
        ]
      }
    },
    {
      "type": "Feature",
      "id": "cell_16_15",
      "properties": {
        "cell_id": "cell_16_15",
        "row": 16,
        "col": 15,
        "index": 335,
        "centroid_lon": 77.3275,
        "centroid_lat": 28.571739,
        "min_lon": 77.325,
        "min_lat": 28.569565,
        "max_lon": 77.33,
        "max_lat": 28.573913,
        "approx_width_m": 488.4,
        "approx_height_m": 483.5
      },
      "geometry": {
        "type": "Polygon",
        "coordinates": [
          [
            [
              77.325,
              28.569565
            ],
            [
              77.33,
              28.569565
            ],
            [
              77.33,
              28.573913
            ],
            [
              77.325,
              28.573913
            ],
            [
              77.325,
              28.569565
            ]
          ]
        ]
      }
    },
    {
      "type": "Feature",
      "id": "cell_16_16",
      "properties": {
        "cell_id": "cell_16_16",
        "row": 16,
        "col": 16,
        "index": 336,
        "centroid_lon": 77.3325,
        "centroid_lat": 28.571739,
        "min_lon": 77.33,
        "min_lat": 28.569565,
        "max_lon": 77.335,
        "max_lat": 28.573913,
        "approx_width_m": 488.4,
        "approx_height_m": 483.5
      },
      "geometry": {
        "type": "Polygon",
        "coordinates": [
          [
            [
              77.33,
              28.569565
            ],
            [
              77.335,
              28.569565
            ],
            [
              77.335,
              28.573913
            ],
            [
              77.33,
              28.573913
            ],
            [
              77.33,
              28.569565
            ]
          ]
        ]
      }
    },
    {
      "type": "Feature",
      "id": "cell_16_17",
      "properties": {
        "cell_id": "cell_16_17",
        "row": 16,
        "col": 17,
        "index": 337,
        "centroid_lon": 77.3375,
        "centroid_lat": 28.571739,
        "min_lon": 77.335,
        "min_lat": 28.569565,
        "max_lon": 77.34,
        "max_lat": 28.573913,
        "approx_width_m": 488.4,
        "approx_height_m": 483.5
      },
      "geometry": {
        "type": "Polygon",
        "coordinates": [
          [
            [
              77.335,
              28.569565
            ],
            [
              77.34,
              28.569565
            ],
            [
              77.34,
              28.573913
            ],
            [
              77.335,
              28.573913
            ],
            [
              77.335,
              28.569565
            ]
          ]
        ]
      }
    },
    {
      "type": "Feature",
      "id": "cell_16_18",
      "properties": {
        "cell_id": "cell_16_18",
        "row": 16,
        "col": 18,
        "index": 338,
        "centroid_lon": 77.3425,
        "centroid_lat": 28.571739,
        "min_lon": 77.34,
        "min_lat": 28.569565,
        "max_lon": 77.345,
        "max_lat": 28.573913,
        "approx_width_m": 488.4,
        "approx_height_m": 483.5
      },
      "geometry": {
        "type": "Polygon",
        "coordinates": [
          [
            [
              77.34,
              28.569565
            ],
            [
              77.345,
              28.569565
            ],
            [
              77.345,
              28.573913
            ],
            [
              77.34,
              28.573913
            ],
            [
              77.34,
              28.569565
            ]
          ]
        ]
      }
    },
    {
      "type": "Feature",
      "id": "cell_16_19",
      "properties": {
        "cell_id": "cell_16_19",
        "row": 16,
        "col": 19,
        "index": 339,
        "centroid_lon": 77.3475,
        "centroid_lat": 28.571739,
        "min_lon": 77.345,
        "min_lat": 28.569565,
        "max_lon": 77.35,
        "max_lat": 28.573913,
        "approx_width_m": 488.4,
        "approx_height_m": 483.5
      },
      "geometry": {
        "type": "Polygon",
        "coordinates": [
          [
            [
              77.345,
              28.569565
            ],
            [
              77.35,
              28.569565
            ],
            [
              77.35,
              28.573913
            ],
            [
              77.345,
              28.573913
            ],
            [
              77.345,
              28.569565
            ]
          ]
        ]
      }
    },
    {
      "type": "Feature",
      "id": "cell_17_00",
      "properties": {
        "cell_id": "cell_17_00",
        "row": 17,
        "col": 0,
        "index": 340,
        "centroid_lon": 77.2525,
        "centroid_lat": 28.576087,
        "min_lon": 77.25,
        "min_lat": 28.573913,
        "max_lon": 77.255,
        "max_lat": 28.578261,
        "approx_width_m": 488.4,
        "approx_height_m": 483.5
      },
      "geometry": {
        "type": "Polygon",
        "coordinates": [
          [
            [
              77.25,
              28.573913
            ],
            [
              77.255,
              28.573913
            ],
            [
              77.255,
              28.578261
            ],
            [
              77.25,
              28.578261
            ],
            [
              77.25,
              28.573913
            ]
          ]
        ]
      }
    },
    {
      "type": "Feature",
      "id": "cell_17_01",
      "properties": {
        "cell_id": "cell_17_01",
        "row": 17,
        "col": 1,
        "index": 341,
        "centroid_lon": 77.2575,
        "centroid_lat": 28.576087,
        "min_lon": 77.255,
        "min_lat": 28.573913,
        "max_lon": 77.26,
        "max_lat": 28.578261,
        "approx_width_m": 488.4,
        "approx_height_m": 483.5
      },
      "geometry": {
        "type": "Polygon",
        "coordinates": [
          [
            [
              77.255,
              28.573913
            ],
            [
              77.26,
              28.573913
            ],
            [
              77.26,
              28.578261
            ],
            [
              77.255,
              28.578261
            ],
            [
              77.255,
              28.573913
            ]
          ]
        ]
      }
    },
    {
      "type": "Feature",
      "id": "cell_17_02",
      "properties": {
        "cell_id": "cell_17_02",
        "row": 17,
        "col": 2,
        "index": 342,
        "centroid_lon": 77.2625,
        "centroid_lat": 28.576087,
        "min_lon": 77.26,
        "min_lat": 28.573913,
        "max_lon": 77.265,
        "max_lat": 28.578261,
        "approx_width_m": 488.4,
        "approx_height_m": 483.5
      },
      "geometry": {
        "type": "Polygon",
        "coordinates": [
          [
            [
              77.26,
              28.573913
            ],
            [
              77.265,
              28.573913
            ],
            [
              77.265,
              28.578261
            ],
            [
              77.26,
              28.578261
            ],
            [
              77.26,
              28.573913
            ]
          ]
        ]
      }
    },
    {
      "type": "Feature",
      "id": "cell_17_03",
      "properties": {
        "cell_id": "cell_17_03",
        "row": 17,
        "col": 3,
        "index": 343,
        "centroid_lon": 77.2675,
        "centroid_lat": 28.576087,
        "min_lon": 77.265,
        "min_lat": 28.573913,
        "max_lon": 77.27,
        "max_lat": 28.578261,
        "approx_width_m": 488.4,
        "approx_height_m": 483.5
      },
      "geometry": {
        "type": "Polygon",
        "coordinates": [
          [
            [
              77.265,
              28.573913
            ],
            [
              77.27,
              28.573913
            ],
            [
              77.27,
              28.578261
            ],
            [
              77.265,
              28.578261
            ],
            [
              77.265,
              28.573913
            ]
          ]
        ]
      }
    },
    {
      "type": "Feature",
      "id": "cell_17_04",
      "properties": {
        "cell_id": "cell_17_04",
        "row": 17,
        "col": 4,
        "index": 344,
        "centroid_lon": 77.2725,
        "centroid_lat": 28.576087,
        "min_lon": 77.27,
        "min_lat": 28.573913,
        "max_lon": 77.275,
        "max_lat": 28.578261,
        "approx_width_m": 488.4,
        "approx_height_m": 483.5
      },
      "geometry": {
        "type": "Polygon",
        "coordinates": [
          [
            [
              77.27,
              28.573913
            ],
            [
              77.275,
              28.573913
            ],
            [
              77.275,
              28.578261
            ],
            [
              77.27,
              28.578261
            ],
            [
              77.27,
              28.573913
            ]
          ]
        ]
      }
    },
    {
      "type": "Feature",
      "id": "cell_17_05",
      "properties": {
        "cell_id": "cell_17_05",
        "row": 17,
        "col": 5,
        "index": 345,
        "centroid_lon": 77.2775,
        "centroid_lat": 28.576087,
        "min_lon": 77.275,
        "min_lat": 28.573913,
        "max_lon": 77.28,
        "max_lat": 28.578261,
        "approx_width_m": 488.4,
        "approx_height_m": 483.5
      },
      "geometry": {
        "type": "Polygon",
        "coordinates": [
          [
            [
              77.275,
              28.573913
            ],
            [
              77.28,
              28.573913
            ],
            [
              77.28,
              28.578261
            ],
            [
              77.275,
              28.578261
            ],
            [
              77.275,
              28.573913
            ]
          ]
        ]
      }
    },
    {
      "type": "Feature",
      "id": "cell_17_06",
      "properties": {
        "cell_id": "cell_17_06",
        "row": 17,
        "col": 6,
        "index": 346,
        "centroid_lon": 77.2825,
        "centroid_lat": 28.576087,
        "min_lon": 77.28,
        "min_lat": 28.573913,
        "max_lon": 77.285,
        "max_lat": 28.578261,
        "approx_width_m": 488.4,
        "approx_height_m": 483.5
      },
      "geometry": {
        "type": "Polygon",
        "coordinates": [
          [
            [
              77.28,
              28.573913
            ],
            [
              77.285,
              28.573913
            ],
            [
              77.285,
              28.578261
            ],
            [
              77.28,
              28.578261
            ],
            [
              77.28,
              28.573913
            ]
          ]
        ]
      }
    },
    {
      "type": "Feature",
      "id": "cell_17_07",
      "properties": {
        "cell_id": "cell_17_07",
        "row": 17,
        "col": 7,
        "index": 347,
        "centroid_lon": 77.2875,
        "centroid_lat": 28.576087,
        "min_lon": 77.285,
        "min_lat": 28.573913,
        "max_lon": 77.29,
        "max_lat": 28.578261,
        "approx_width_m": 488.4,
        "approx_height_m": 483.5
      },
      "geometry": {
        "type": "Polygon",
        "coordinates": [
          [
            [
              77.285,
              28.573913
            ],
            [
              77.29,
              28.573913
            ],
            [
              77.29,
              28.578261
            ],
            [
              77.285,
              28.578261
            ],
            [
              77.285,
              28.573913
            ]
          ]
        ]
      }
    },
    {
      "type": "Feature",
      "id": "cell_17_08",
      "properties": {
        "cell_id": "cell_17_08",
        "row": 17,
        "col": 8,
        "index": 348,
        "centroid_lon": 77.2925,
        "centroid_lat": 28.576087,
        "min_lon": 77.29,
        "min_lat": 28.573913,
        "max_lon": 77.295,
        "max_lat": 28.578261,
        "approx_width_m": 488.4,
        "approx_height_m": 483.5
      },
      "geometry": {
        "type": "Polygon",
        "coordinates": [
          [
            [
              77.29,
              28.573913
            ],
            [
              77.295,
              28.573913
            ],
            [
              77.295,
              28.578261
            ],
            [
              77.29,
              28.578261
            ],
            [
              77.29,
              28.573913
            ]
          ]
        ]
      }
    },
    {
      "type": "Feature",
      "id": "cell_17_09",
      "properties": {
        "cell_id": "cell_17_09",
        "row": 17,
        "col": 9,
        "index": 349,
        "centroid_lon": 77.2975,
        "centroid_lat": 28.576087,
        "min_lon": 77.295,
        "min_lat": 28.573913,
        "max_lon": 77.3,
        "max_lat": 28.578261,
        "approx_width_m": 488.4,
        "approx_height_m": 483.5
      },
      "geometry": {
        "type": "Polygon",
        "coordinates": [
          [
            [
              77.295,
              28.573913
            ],
            [
              77.3,
              28.573913
            ],
            [
              77.3,
              28.578261
            ],
            [
              77.295,
              28.578261
            ],
            [
              77.295,
              28.573913
            ]
          ]
        ]
      }
    },
    {
      "type": "Feature",
      "id": "cell_17_10",
      "properties": {
        "cell_id": "cell_17_10",
        "row": 17,
        "col": 10,
        "index": 350,
        "centroid_lon": 77.3025,
        "centroid_lat": 28.576087,
        "min_lon": 77.3,
        "min_lat": 28.573913,
        "max_lon": 77.305,
        "max_lat": 28.578261,
        "approx_width_m": 488.4,
        "approx_height_m": 483.5
      },
      "geometry": {
        "type": "Polygon",
        "coordinates": [
          [
            [
              77.3,
              28.573913
            ],
            [
              77.305,
              28.573913
            ],
            [
              77.305,
              28.578261
            ],
            [
              77.3,
              28.578261
            ],
            [
              77.3,
              28.573913
            ]
          ]
        ]
      }
    },
    {
      "type": "Feature",
      "id": "cell_17_11",
      "properties": {
        "cell_id": "cell_17_11",
        "row": 17,
        "col": 11,
        "index": 351,
        "centroid_lon": 77.3075,
        "centroid_lat": 28.576087,
        "min_lon": 77.305,
        "min_lat": 28.573913,
        "max_lon": 77.31,
        "max_lat": 28.578261,
        "approx_width_m": 488.4,
        "approx_height_m": 483.5
      },
      "geometry": {
        "type": "Polygon",
        "coordinates": [
          [
            [
              77.305,
              28.573913
            ],
            [
              77.31,
              28.573913
            ],
            [
              77.31,
              28.578261
            ],
            [
              77.305,
              28.578261
            ],
            [
              77.305,
              28.573913
            ]
          ]
        ]
      }
    },
    {
      "type": "Feature",
      "id": "cell_17_12",
      "properties": {
        "cell_id": "cell_17_12",
        "row": 17,
        "col": 12,
        "index": 352,
        "centroid_lon": 77.3125,
        "centroid_lat": 28.576087,
        "min_lon": 77.31,
        "min_lat": 28.573913,
        "max_lon": 77.315,
        "max_lat": 28.578261,
        "approx_width_m": 488.4,
        "approx_height_m": 483.5
      },
      "geometry": {
        "type": "Polygon",
        "coordinates": [
          [
            [
              77.31,
              28.573913
            ],
            [
              77.315,
              28.573913
            ],
            [
              77.315,
              28.578261
            ],
            [
              77.31,
              28.578261
            ],
            [
              77.31,
              28.573913
            ]
          ]
        ]
      }
    },
    {
      "type": "Feature",
      "id": "cell_17_13",
      "properties": {
        "cell_id": "cell_17_13",
        "row": 17,
        "col": 13,
        "index": 353,
        "centroid_lon": 77.3175,
        "centroid_lat": 28.576087,
        "min_lon": 77.315,
        "min_lat": 28.573913,
        "max_lon": 77.32,
        "max_lat": 28.578261,
        "approx_width_m": 488.4,
        "approx_height_m": 483.5
      },
      "geometry": {
        "type": "Polygon",
        "coordinates": [
          [
            [
              77.315,
              28.573913
            ],
            [
              77.32,
              28.573913
            ],
            [
              77.32,
              28.578261
            ],
            [
              77.315,
              28.578261
            ],
            [
              77.315,
              28.573913
            ]
          ]
        ]
      }
    },
    {
      "type": "Feature",
      "id": "cell_17_14",
      "properties": {
        "cell_id": "cell_17_14",
        "row": 17,
        "col": 14,
        "index": 354,
        "centroid_lon": 77.3225,
        "centroid_lat": 28.576087,
        "min_lon": 77.32,
        "min_lat": 28.573913,
        "max_lon": 77.325,
        "max_lat": 28.578261,
        "approx_width_m": 488.4,
        "approx_height_m": 483.5
      },
      "geometry": {
        "type": "Polygon",
        "coordinates": [
          [
            [
              77.32,
              28.573913
            ],
            [
              77.325,
              28.573913
            ],
            [
              77.325,
              28.578261
            ],
            [
              77.32,
              28.578261
            ],
            [
              77.32,
              28.573913
            ]
          ]
        ]
      }
    },
    {
      "type": "Feature",
      "id": "cell_17_15",
      "properties": {
        "cell_id": "cell_17_15",
        "row": 17,
        "col": 15,
        "index": 355,
        "centroid_lon": 77.3275,
        "centroid_lat": 28.576087,
        "min_lon": 77.325,
        "min_lat": 28.573913,
        "max_lon": 77.33,
        "max_lat": 28.578261,
        "approx_width_m": 488.4,
        "approx_height_m": 483.5
      },
      "geometry": {
        "type": "Polygon",
        "coordinates": [
          [
            [
              77.325,
              28.573913
            ],
            [
              77.33,
              28.573913
            ],
            [
              77.33,
              28.578261
            ],
            [
              77.325,
              28.578261
            ],
            [
              77.325,
              28.573913
            ]
          ]
        ]
      }
    },
    {
      "type": "Feature",
      "id": "cell_17_16",
      "properties": {
        "cell_id": "cell_17_16",
        "row": 17,
        "col": 16,
        "index": 356,
        "centroid_lon": 77.3325,
        "centroid_lat": 28.576087,
        "min_lon": 77.33,
        "min_lat": 28.573913,
        "max_lon": 77.335,
        "max_lat": 28.578261,
        "approx_width_m": 488.4,
        "approx_height_m": 483.5
      },
      "geometry": {
        "type": "Polygon",
        "coordinates": [
          [
            [
              77.33,
              28.573913
            ],
            [
              77.335,
              28.573913
            ],
            [
              77.335,
              28.578261
            ],
            [
              77.33,
              28.578261
            ],
            [
              77.33,
              28.573913
            ]
          ]
        ]
      }
    },
    {
      "type": "Feature",
      "id": "cell_17_17",
      "properties": {
        "cell_id": "cell_17_17",
        "row": 17,
        "col": 17,
        "index": 357,
        "centroid_lon": 77.3375,
        "centroid_lat": 28.576087,
        "min_lon": 77.335,
        "min_lat": 28.573913,
        "max_lon": 77.34,
        "max_lat": 28.578261,
        "approx_width_m": 488.4,
        "approx_height_m": 483.5
      },
      "geometry": {
        "type": "Polygon",
        "coordinates": [
          [
            [
              77.335,
              28.573913
            ],
            [
              77.34,
              28.573913
            ],
            [
              77.34,
              28.578261
            ],
            [
              77.335,
              28.578261
            ],
            [
              77.335,
              28.573913
            ]
          ]
        ]
      }
    },
    {
      "type": "Feature",
      "id": "cell_17_18",
      "properties": {
        "cell_id": "cell_17_18",
        "row": 17,
        "col": 18,
        "index": 358,
        "centroid_lon": 77.3425,
        "centroid_lat": 28.576087,
        "min_lon": 77.34,
        "min_lat": 28.573913,
        "max_lon": 77.345,
        "max_lat": 28.578261,
        "approx_width_m": 488.4,
        "approx_height_m": 483.5
      },
      "geometry": {
        "type": "Polygon",
        "coordinates": [
          [
            [
              77.34,
              28.573913
            ],
            [
              77.345,
              28.573913
            ],
            [
              77.345,
              28.578261
            ],
            [
              77.34,
              28.578261
            ],
            [
              77.34,
              28.573913
            ]
          ]
        ]
      }
    },
    {
      "type": "Feature",
      "id": "cell_17_19",
      "properties": {
        "cell_id": "cell_17_19",
        "row": 17,
        "col": 19,
        "index": 359,
        "centroid_lon": 77.3475,
        "centroid_lat": 28.576087,
        "min_lon": 77.345,
        "min_lat": 28.573913,
        "max_lon": 77.35,
        "max_lat": 28.578261,
        "approx_width_m": 488.4,
        "approx_height_m": 483.5
      },
      "geometry": {
        "type": "Polygon",
        "coordinates": [
          [
            [
              77.345,
              28.573913
            ],
            [
              77.35,
              28.573913
            ],
            [
              77.35,
              28.578261
            ],
            [
              77.345,
              28.578261
            ],
            [
              77.345,
              28.573913
            ]
          ]
        ]
      }
    },
    {
      "type": "Feature",
      "id": "cell_18_00",
      "properties": {
        "cell_id": "cell_18_00",
        "row": 18,
        "col": 0,
        "index": 360,
        "centroid_lon": 77.2525,
        "centroid_lat": 28.580435,
        "min_lon": 77.25,
        "min_lat": 28.578261,
        "max_lon": 77.255,
        "max_lat": 28.582609,
        "approx_width_m": 488.4,
        "approx_height_m": 483.5
      },
      "geometry": {
        "type": "Polygon",
        "coordinates": [
          [
            [
              77.25,
              28.578261
            ],
            [
              77.255,
              28.578261
            ],
            [
              77.255,
              28.582609
            ],
            [
              77.25,
              28.582609
            ],
            [
              77.25,
              28.578261
            ]
          ]
        ]
      }
    },
    {
      "type": "Feature",
      "id": "cell_18_01",
      "properties": {
        "cell_id": "cell_18_01",
        "row": 18,
        "col": 1,
        "index": 361,
        "centroid_lon": 77.2575,
        "centroid_lat": 28.580435,
        "min_lon": 77.255,
        "min_lat": 28.578261,
        "max_lon": 77.26,
        "max_lat": 28.582609,
        "approx_width_m": 488.4,
        "approx_height_m": 483.5
      },
      "geometry": {
        "type": "Polygon",
        "coordinates": [
          [
            [
              77.255,
              28.578261
            ],
            [
              77.26,
              28.578261
            ],
            [
              77.26,
              28.582609
            ],
            [
              77.255,
              28.582609
            ],
            [
              77.255,
              28.578261
            ]
          ]
        ]
      }
    },
    {
      "type": "Feature",
      "id": "cell_18_02",
      "properties": {
        "cell_id": "cell_18_02",
        "row": 18,
        "col": 2,
        "index": 362,
        "centroid_lon": 77.2625,
        "centroid_lat": 28.580435,
        "min_lon": 77.26,
        "min_lat": 28.578261,
        "max_lon": 77.265,
        "max_lat": 28.582609,
        "approx_width_m": 488.4,
        "approx_height_m": 483.5
      },
      "geometry": {
        "type": "Polygon",
        "coordinates": [
          [
            [
              77.26,
              28.578261
            ],
            [
              77.265,
              28.578261
            ],
            [
              77.265,
              28.582609
            ],
            [
              77.26,
              28.582609
            ],
            [
              77.26,
              28.578261
            ]
          ]
        ]
      }
    },
    {
      "type": "Feature",
      "id": "cell_18_03",
      "properties": {
        "cell_id": "cell_18_03",
        "row": 18,
        "col": 3,
        "index": 363,
        "centroid_lon": 77.2675,
        "centroid_lat": 28.580435,
        "min_lon": 77.265,
        "min_lat": 28.578261,
        "max_lon": 77.27,
        "max_lat": 28.582609,
        "approx_width_m": 488.4,
        "approx_height_m": 483.5
      },
      "geometry": {
        "type": "Polygon",
        "coordinates": [
          [
            [
              77.265,
              28.578261
            ],
            [
              77.27,
              28.578261
            ],
            [
              77.27,
              28.582609
            ],
            [
              77.265,
              28.582609
            ],
            [
              77.265,
              28.578261
            ]
          ]
        ]
      }
    },
    {
      "type": "Feature",
      "id": "cell_18_04",
      "properties": {
        "cell_id": "cell_18_04",
        "row": 18,
        "col": 4,
        "index": 364,
        "centroid_lon": 77.2725,
        "centroid_lat": 28.580435,
        "min_lon": 77.27,
        "min_lat": 28.578261,
        "max_lon": 77.275,
        "max_lat": 28.582609,
        "approx_width_m": 488.4,
        "approx_height_m": 483.5
      },
      "geometry": {
        "type": "Polygon",
        "coordinates": [
          [
            [
              77.27,
              28.578261
            ],
            [
              77.275,
              28.578261
            ],
            [
              77.275,
              28.582609
            ],
            [
              77.27,
              28.582609
            ],
            [
              77.27,
              28.578261
            ]
          ]
        ]
      }
    },
    {
      "type": "Feature",
      "id": "cell_18_05",
      "properties": {
        "cell_id": "cell_18_05",
        "row": 18,
        "col": 5,
        "index": 365,
        "centroid_lon": 77.2775,
        "centroid_lat": 28.580435,
        "min_lon": 77.275,
        "min_lat": 28.578261,
        "max_lon": 77.28,
        "max_lat": 28.582609,
        "approx_width_m": 488.4,
        "approx_height_m": 483.5
      },
      "geometry": {
        "type": "Polygon",
        "coordinates": [
          [
            [
              77.275,
              28.578261
            ],
            [
              77.28,
              28.578261
            ],
            [
              77.28,
              28.582609
            ],
            [
              77.275,
              28.582609
            ],
            [
              77.275,
              28.578261
            ]
          ]
        ]
      }
    },
    {
      "type": "Feature",
      "id": "cell_18_06",
      "properties": {
        "cell_id": "cell_18_06",
        "row": 18,
        "col": 6,
        "index": 366,
        "centroid_lon": 77.2825,
        "centroid_lat": 28.580435,
        "min_lon": 77.28,
        "min_lat": 28.578261,
        "max_lon": 77.285,
        "max_lat": 28.582609,
        "approx_width_m": 488.4,
        "approx_height_m": 483.5
      },
      "geometry": {
        "type": "Polygon",
        "coordinates": [
          [
            [
              77.28,
              28.578261
            ],
            [
              77.285,
              28.578261
            ],
            [
              77.285,
              28.582609
            ],
            [
              77.28,
              28.582609
            ],
            [
              77.28,
              28.578261
            ]
          ]
        ]
      }
    },
    {
      "type": "Feature",
      "id": "cell_18_07",
      "properties": {
        "cell_id": "cell_18_07",
        "row": 18,
        "col": 7,
        "index": 367,
        "centroid_lon": 77.2875,
        "centroid_lat": 28.580435,
        "min_lon": 77.285,
        "min_lat": 28.578261,
        "max_lon": 77.29,
        "max_lat": 28.582609,
        "approx_width_m": 488.4,
        "approx_height_m": 483.5
      },
      "geometry": {
        "type": "Polygon",
        "coordinates": [
          [
            [
              77.285,
              28.578261
            ],
            [
              77.29,
              28.578261
            ],
            [
              77.29,
              28.582609
            ],
            [
              77.285,
              28.582609
            ],
            [
              77.285,
              28.578261
            ]
          ]
        ]
      }
    },
    {
      "type": "Feature",
      "id": "cell_18_08",
      "properties": {
        "cell_id": "cell_18_08",
        "row": 18,
        "col": 8,
        "index": 368,
        "centroid_lon": 77.2925,
        "centroid_lat": 28.580435,
        "min_lon": 77.29,
        "min_lat": 28.578261,
        "max_lon": 77.295,
        "max_lat": 28.582609,
        "approx_width_m": 488.4,
        "approx_height_m": 483.5
      },
      "geometry": {
        "type": "Polygon",
        "coordinates": [
          [
            [
              77.29,
              28.578261
            ],
            [
              77.295,
              28.578261
            ],
            [
              77.295,
              28.582609
            ],
            [
              77.29,
              28.582609
            ],
            [
              77.29,
              28.578261
            ]
          ]
        ]
      }
    },
    {
      "type": "Feature",
      "id": "cell_18_09",
      "properties": {
        "cell_id": "cell_18_09",
        "row": 18,
        "col": 9,
        "index": 369,
        "centroid_lon": 77.2975,
        "centroid_lat": 28.580435,
        "min_lon": 77.295,
        "min_lat": 28.578261,
        "max_lon": 77.3,
        "max_lat": 28.582609,
        "approx_width_m": 488.4,
        "approx_height_m": 483.5
      },
      "geometry": {
        "type": "Polygon",
        "coordinates": [
          [
            [
              77.295,
              28.578261
            ],
            [
              77.3,
              28.578261
            ],
            [
              77.3,
              28.582609
            ],
            [
              77.295,
              28.582609
            ],
            [
              77.295,
              28.578261
            ]
          ]
        ]
      }
    },
    {
      "type": "Feature",
      "id": "cell_18_10",
      "properties": {
        "cell_id": "cell_18_10",
        "row": 18,
        "col": 10,
        "index": 370,
        "centroid_lon": 77.3025,
        "centroid_lat": 28.580435,
        "min_lon": 77.3,
        "min_lat": 28.578261,
        "max_lon": 77.305,
        "max_lat": 28.582609,
        "approx_width_m": 488.4,
        "approx_height_m": 483.5
      },
      "geometry": {
        "type": "Polygon",
        "coordinates": [
          [
            [
              77.3,
              28.578261
            ],
            [
              77.305,
              28.578261
            ],
            [
              77.305,
              28.582609
            ],
            [
              77.3,
              28.582609
            ],
            [
              77.3,
              28.578261
            ]
          ]
        ]
      }
    },
    {
      "type": "Feature",
      "id": "cell_18_11",
      "properties": {
        "cell_id": "cell_18_11",
        "row": 18,
        "col": 11,
        "index": 371,
        "centroid_lon": 77.3075,
        "centroid_lat": 28.580435,
        "min_lon": 77.305,
        "min_lat": 28.578261,
        "max_lon": 77.31,
        "max_lat": 28.582609,
        "approx_width_m": 488.4,
        "approx_height_m": 483.5
      },
      "geometry": {
        "type": "Polygon",
        "coordinates": [
          [
            [
              77.305,
              28.578261
            ],
            [
              77.31,
              28.578261
            ],
            [
              77.31,
              28.582609
            ],
            [
              77.305,
              28.582609
            ],
            [
              77.305,
              28.578261
            ]
          ]
        ]
      }
    },
    {
      "type": "Feature",
      "id": "cell_18_12",
      "properties": {
        "cell_id": "cell_18_12",
        "row": 18,
        "col": 12,
        "index": 372,
        "centroid_lon": 77.3125,
        "centroid_lat": 28.580435,
        "min_lon": 77.31,
        "min_lat": 28.578261,
        "max_lon": 77.315,
        "max_lat": 28.582609,
        "approx_width_m": 488.4,
        "approx_height_m": 483.5
      },
      "geometry": {
        "type": "Polygon",
        "coordinates": [
          [
            [
              77.31,
              28.578261
            ],
            [
              77.315,
              28.578261
            ],
            [
              77.315,
              28.582609
            ],
            [
              77.31,
              28.582609
            ],
            [
              77.31,
              28.578261
            ]
          ]
        ]
      }
    },
    {
      "type": "Feature",
      "id": "cell_18_13",
      "properties": {
        "cell_id": "cell_18_13",
        "row": 18,
        "col": 13,
        "index": 373,
        "centroid_lon": 77.3175,
        "centroid_lat": 28.580435,
        "min_lon": 77.315,
        "min_lat": 28.578261,
        "max_lon": 77.32,
        "max_lat": 28.582609,
        "approx_width_m": 488.4,
        "approx_height_m": 483.5
      },
      "geometry": {
        "type": "Polygon",
        "coordinates": [
          [
            [
              77.315,
              28.578261
            ],
            [
              77.32,
              28.578261
            ],
            [
              77.32,
              28.582609
            ],
            [
              77.315,
              28.582609
            ],
            [
              77.315,
              28.578261
            ]
          ]
        ]
      }
    },
    {
      "type": "Feature",
      "id": "cell_18_14",
      "properties": {
        "cell_id": "cell_18_14",
        "row": 18,
        "col": 14,
        "index": 374,
        "centroid_lon": 77.3225,
        "centroid_lat": 28.580435,
        "min_lon": 77.32,
        "min_lat": 28.578261,
        "max_lon": 77.325,
        "max_lat": 28.582609,
        "approx_width_m": 488.4,
        "approx_height_m": 483.5
      },
      "geometry": {
        "type": "Polygon",
        "coordinates": [
          [
            [
              77.32,
              28.578261
            ],
            [
              77.325,
              28.578261
            ],
            [
              77.325,
              28.582609
            ],
            [
              77.32,
              28.582609
            ],
            [
              77.32,
              28.578261
            ]
          ]
        ]
      }
    },
    {
      "type": "Feature",
      "id": "cell_18_15",
      "properties": {
        "cell_id": "cell_18_15",
        "row": 18,
        "col": 15,
        "index": 375,
        "centroid_lon": 77.3275,
        "centroid_lat": 28.580435,
        "min_lon": 77.325,
        "min_lat": 28.578261,
        "max_lon": 77.33,
        "max_lat": 28.582609,
        "approx_width_m": 488.4,
        "approx_height_m": 483.5
      },
      "geometry": {
        "type": "Polygon",
        "coordinates": [
          [
            [
              77.325,
              28.578261
            ],
            [
              77.33,
              28.578261
            ],
            [
              77.33,
              28.582609
            ],
            [
              77.325,
              28.582609
            ],
            [
              77.325,
              28.578261
            ]
          ]
        ]
      }
    },
    {
      "type": "Feature",
      "id": "cell_18_16",
      "properties": {
        "cell_id": "cell_18_16",
        "row": 18,
        "col": 16,
        "index": 376,
        "centroid_lon": 77.3325,
        "centroid_lat": 28.580435,
        "min_lon": 77.33,
        "min_lat": 28.578261,
        "max_lon": 77.335,
        "max_lat": 28.582609,
        "approx_width_m": 488.4,
        "approx_height_m": 483.5
      },
      "geometry": {
        "type": "Polygon",
        "coordinates": [
          [
            [
              77.33,
              28.578261
            ],
            [
              77.335,
              28.578261
            ],
            [
              77.335,
              28.582609
            ],
            [
              77.33,
              28.582609
            ],
            [
              77.33,
              28.578261
            ]
          ]
        ]
      }
    },
    {
      "type": "Feature",
      "id": "cell_18_17",
      "properties": {
        "cell_id": "cell_18_17",
        "row": 18,
        "col": 17,
        "index": 377,
        "centroid_lon": 77.3375,
        "centroid_lat": 28.580435,
        "min_lon": 77.335,
        "min_lat": 28.578261,
        "max_lon": 77.34,
        "max_lat": 28.582609,
        "approx_width_m": 488.4,
        "approx_height_m": 483.5
      },
      "geometry": {
        "type": "Polygon",
        "coordinates": [
          [
            [
              77.335,
              28.578261
            ],
            [
              77.34,
              28.578261
            ],
            [
              77.34,
              28.582609
            ],
            [
              77.335,
              28.582609
            ],
            [
              77.335,
              28.578261
            ]
          ]
        ]
      }
    },
    {
      "type": "Feature",
      "id": "cell_18_18",
      "properties": {
        "cell_id": "cell_18_18",
        "row": 18,
        "col": 18,
        "index": 378,
        "centroid_lon": 77.3425,
        "centroid_lat": 28.580435,
        "min_lon": 77.34,
        "min_lat": 28.578261,
        "max_lon": 77.345,
        "max_lat": 28.582609,
        "approx_width_m": 488.4,
        "approx_height_m": 483.5
      },
      "geometry": {
        "type": "Polygon",
        "coordinates": [
          [
            [
              77.34,
              28.578261
            ],
            [
              77.345,
              28.578261
            ],
            [
              77.345,
              28.582609
            ],
            [
              77.34,
              28.582609
            ],
            [
              77.34,
              28.578261
            ]
          ]
        ]
      }
    },
    {
      "type": "Feature",
      "id": "cell_18_19",
      "properties": {
        "cell_id": "cell_18_19",
        "row": 18,
        "col": 19,
        "index": 379,
        "centroid_lon": 77.3475,
        "centroid_lat": 28.580435,
        "min_lon": 77.345,
        "min_lat": 28.578261,
        "max_lon": 77.35,
        "max_lat": 28.582609,
        "approx_width_m": 488.4,
        "approx_height_m": 483.5
      },
      "geometry": {
        "type": "Polygon",
        "coordinates": [
          [
            [
              77.345,
              28.578261
            ],
            [
              77.35,
              28.578261
            ],
            [
              77.35,
              28.582609
            ],
            [
              77.345,
              28.582609
            ],
            [
              77.345,
              28.578261
            ]
          ]
        ]
      }
    },
    {
      "type": "Feature",
      "id": "cell_19_00",
      "properties": {
        "cell_id": "cell_19_00",
        "row": 19,
        "col": 0,
        "index": 380,
        "centroid_lon": 77.2525,
        "centroid_lat": 28.584783,
        "min_lon": 77.25,
        "min_lat": 28.582609,
        "max_lon": 77.255,
        "max_lat": 28.586957,
        "approx_width_m": 488.4,
        "approx_height_m": 483.5
      },
      "geometry": {
        "type": "Polygon",
        "coordinates": [
          [
            [
              77.25,
              28.582609
            ],
            [
              77.255,
              28.582609
            ],
            [
              77.255,
              28.586957
            ],
            [
              77.25,
              28.586957
            ],
            [
              77.25,
              28.582609
            ]
          ]
        ]
      }
    },
    {
      "type": "Feature",
      "id": "cell_19_01",
      "properties": {
        "cell_id": "cell_19_01",
        "row": 19,
        "col": 1,
        "index": 381,
        "centroid_lon": 77.2575,
        "centroid_lat": 28.584783,
        "min_lon": 77.255,
        "min_lat": 28.582609,
        "max_lon": 77.26,
        "max_lat": 28.586957,
        "approx_width_m": 488.4,
        "approx_height_m": 483.5
      },
      "geometry": {
        "type": "Polygon",
        "coordinates": [
          [
            [
              77.255,
              28.582609
            ],
            [
              77.26,
              28.582609
            ],
            [
              77.26,
              28.586957
            ],
            [
              77.255,
              28.586957
            ],
            [
              77.255,
              28.582609
            ]
          ]
        ]
      }
    },
    {
      "type": "Feature",
      "id": "cell_19_02",
      "properties": {
        "cell_id": "cell_19_02",
        "row": 19,
        "col": 2,
        "index": 382,
        "centroid_lon": 77.2625,
        "centroid_lat": 28.584783,
        "min_lon": 77.26,
        "min_lat": 28.582609,
        "max_lon": 77.265,
        "max_lat": 28.586957,
        "approx_width_m": 488.4,
        "approx_height_m": 483.5
      },
      "geometry": {
        "type": "Polygon",
        "coordinates": [
          [
            [
              77.26,
              28.582609
            ],
            [
              77.265,
              28.582609
            ],
            [
              77.265,
              28.586957
            ],
            [
              77.26,
              28.586957
            ],
            [
              77.26,
              28.582609
            ]
          ]
        ]
      }
    },
    {
      "type": "Feature",
      "id": "cell_19_03",
      "properties": {
        "cell_id": "cell_19_03",
        "row": 19,
        "col": 3,
        "index": 383,
        "centroid_lon": 77.2675,
        "centroid_lat": 28.584783,
        "min_lon": 77.265,
        "min_lat": 28.582609,
        "max_lon": 77.27,
        "max_lat": 28.586957,
        "approx_width_m": 488.4,
        "approx_height_m": 483.5
      },
      "geometry": {
        "type": "Polygon",
        "coordinates": [
          [
            [
              77.265,
              28.582609
            ],
            [
              77.27,
              28.582609
            ],
            [
              77.27,
              28.586957
            ],
            [
              77.265,
              28.586957
            ],
            [
              77.265,
              28.582609
            ]
          ]
        ]
      }
    },
    {
      "type": "Feature",
      "id": "cell_19_04",
      "properties": {
        "cell_id": "cell_19_04",
        "row": 19,
        "col": 4,
        "index": 384,
        "centroid_lon": 77.2725,
        "centroid_lat": 28.584783,
        "min_lon": 77.27,
        "min_lat": 28.582609,
        "max_lon": 77.275,
        "max_lat": 28.586957,
        "approx_width_m": 488.4,
        "approx_height_m": 483.5
      },
      "geometry": {
        "type": "Polygon",
        "coordinates": [
          [
            [
              77.27,
              28.582609
            ],
            [
              77.275,
              28.582609
            ],
            [
              77.275,
              28.586957
            ],
            [
              77.27,
              28.586957
            ],
            [
              77.27,
              28.582609
            ]
          ]
        ]
      }
    },
    {
      "type": "Feature",
      "id": "cell_19_05",
      "properties": {
        "cell_id": "cell_19_05",
        "row": 19,
        "col": 5,
        "index": 385,
        "centroid_lon": 77.2775,
        "centroid_lat": 28.584783,
        "min_lon": 77.275,
        "min_lat": 28.582609,
        "max_lon": 77.28,
        "max_lat": 28.586957,
        "approx_width_m": 488.4,
        "approx_height_m": 483.5
      },
      "geometry": {
        "type": "Polygon",
        "coordinates": [
          [
            [
              77.275,
              28.582609
            ],
            [
              77.28,
              28.582609
            ],
            [
              77.28,
              28.586957
            ],
            [
              77.275,
              28.586957
            ],
            [
              77.275,
              28.582609
            ]
          ]
        ]
      }
    },
    {
      "type": "Feature",
      "id": "cell_19_06",
      "properties": {
        "cell_id": "cell_19_06",
        "row": 19,
        "col": 6,
        "index": 386,
        "centroid_lon": 77.2825,
        "centroid_lat": 28.584783,
        "min_lon": 77.28,
        "min_lat": 28.582609,
        "max_lon": 77.285,
        "max_lat": 28.586957,
        "approx_width_m": 488.4,
        "approx_height_m": 483.5
      },
      "geometry": {
        "type": "Polygon",
        "coordinates": [
          [
            [
              77.28,
              28.582609
            ],
            [
              77.285,
              28.582609
            ],
            [
              77.285,
              28.586957
            ],
            [
              77.28,
              28.586957
            ],
            [
              77.28,
              28.582609
            ]
          ]
        ]
      }
    },
    {
      "type": "Feature",
      "id": "cell_19_07",
      "properties": {
        "cell_id": "cell_19_07",
        "row": 19,
        "col": 7,
        "index": 387,
        "centroid_lon": 77.2875,
        "centroid_lat": 28.584783,
        "min_lon": 77.285,
        "min_lat": 28.582609,
        "max_lon": 77.29,
        "max_lat": 28.586957,
        "approx_width_m": 488.4,
        "approx_height_m": 483.5
      },
      "geometry": {
        "type": "Polygon",
        "coordinates": [
          [
            [
              77.285,
              28.582609
            ],
            [
              77.29,
              28.582609
            ],
            [
              77.29,
              28.586957
            ],
            [
              77.285,
              28.586957
            ],
            [
              77.285,
              28.582609
            ]
          ]
        ]
      }
    },
    {
      "type": "Feature",
      "id": "cell_19_08",
      "properties": {
        "cell_id": "cell_19_08",
        "row": 19,
        "col": 8,
        "index": 388,
        "centroid_lon": 77.2925,
        "centroid_lat": 28.584783,
        "min_lon": 77.29,
        "min_lat": 28.582609,
        "max_lon": 77.295,
        "max_lat": 28.586957,
        "approx_width_m": 488.4,
        "approx_height_m": 483.5
      },
      "geometry": {
        "type": "Polygon",
        "coordinates": [
          [
            [
              77.29,
              28.582609
            ],
            [
              77.295,
              28.582609
            ],
            [
              77.295,
              28.586957
            ],
            [
              77.29,
              28.586957
            ],
            [
              77.29,
              28.582609
            ]
          ]
        ]
      }
    },
    {
      "type": "Feature",
      "id": "cell_19_09",
      "properties": {
        "cell_id": "cell_19_09",
        "row": 19,
        "col": 9,
        "index": 389,
        "centroid_lon": 77.2975,
        "centroid_lat": 28.584783,
        "min_lon": 77.295,
        "min_lat": 28.582609,
        "max_lon": 77.3,
        "max_lat": 28.586957,
        "approx_width_m": 488.4,
        "approx_height_m": 483.5
      },
      "geometry": {
        "type": "Polygon",
        "coordinates": [
          [
            [
              77.295,
              28.582609
            ],
            [
              77.3,
              28.582609
            ],
            [
              77.3,
              28.586957
            ],
            [
              77.295,
              28.586957
            ],
            [
              77.295,
              28.582609
            ]
          ]
        ]
      }
    },
    {
      "type": "Feature",
      "id": "cell_19_10",
      "properties": {
        "cell_id": "cell_19_10",
        "row": 19,
        "col": 10,
        "index": 390,
        "centroid_lon": 77.3025,
        "centroid_lat": 28.584783,
        "min_lon": 77.3,
        "min_lat": 28.582609,
        "max_lon": 77.305,
        "max_lat": 28.586957,
        "approx_width_m": 488.4,
        "approx_height_m": 483.5
      },
      "geometry": {
        "type": "Polygon",
        "coordinates": [
          [
            [
              77.3,
              28.582609
            ],
            [
              77.305,
              28.582609
            ],
            [
              77.305,
              28.586957
            ],
            [
              77.3,
              28.586957
            ],
            [
              77.3,
              28.582609
            ]
          ]
        ]
      }
    },
    {
      "type": "Feature",
      "id": "cell_19_11",
      "properties": {
        "cell_id": "cell_19_11",
        "row": 19,
        "col": 11,
        "index": 391,
        "centroid_lon": 77.3075,
        "centroid_lat": 28.584783,
        "min_lon": 77.305,
        "min_lat": 28.582609,
        "max_lon": 77.31,
        "max_lat": 28.586957,
        "approx_width_m": 488.4,
        "approx_height_m": 483.5
      },
      "geometry": {
        "type": "Polygon",
        "coordinates": [
          [
            [
              77.305,
              28.582609
            ],
            [
              77.31,
              28.582609
            ],
            [
              77.31,
              28.586957
            ],
            [
              77.305,
              28.586957
            ],
            [
              77.305,
              28.582609
            ]
          ]
        ]
      }
    },
    {
      "type": "Feature",
      "id": "cell_19_12",
      "properties": {
        "cell_id": "cell_19_12",
        "row": 19,
        "col": 12,
        "index": 392,
        "centroid_lon": 77.3125,
        "centroid_lat": 28.584783,
        "min_lon": 77.31,
        "min_lat": 28.582609,
        "max_lon": 77.315,
        "max_lat": 28.586957,
        "approx_width_m": 488.4,
        "approx_height_m": 483.5
      },
      "geometry": {
        "type": "Polygon",
        "coordinates": [
          [
            [
              77.31,
              28.582609
            ],
            [
              77.315,
              28.582609
            ],
            [
              77.315,
              28.586957
            ],
            [
              77.31,
              28.586957
            ],
            [
              77.31,
              28.582609
            ]
          ]
        ]
      }
    },
    {
      "type": "Feature",
      "id": "cell_19_13",
      "properties": {
        "cell_id": "cell_19_13",
        "row": 19,
        "col": 13,
        "index": 393,
        "centroid_lon": 77.3175,
        "centroid_lat": 28.584783,
        "min_lon": 77.315,
        "min_lat": 28.582609,
        "max_lon": 77.32,
        "max_lat": 28.586957,
        "approx_width_m": 488.4,
        "approx_height_m": 483.5
      },
      "geometry": {
        "type": "Polygon",
        "coordinates": [
          [
            [
              77.315,
              28.582609
            ],
            [
              77.32,
              28.582609
            ],
            [
              77.32,
              28.586957
            ],
            [
              77.315,
              28.586957
            ],
            [
              77.315,
              28.582609
            ]
          ]
        ]
      }
    },
    {
      "type": "Feature",
      "id": "cell_19_14",
      "properties": {
        "cell_id": "cell_19_14",
        "row": 19,
        "col": 14,
        "index": 394,
        "centroid_lon": 77.3225,
        "centroid_lat": 28.584783,
        "min_lon": 77.32,
        "min_lat": 28.582609,
        "max_lon": 77.325,
        "max_lat": 28.586957,
        "approx_width_m": 488.4,
        "approx_height_m": 483.5
      },
      "geometry": {
        "type": "Polygon",
        "coordinates": [
          [
            [
              77.32,
              28.582609
            ],
            [
              77.325,
              28.582609
            ],
            [
              77.325,
              28.586957
            ],
            [
              77.32,
              28.586957
            ],
            [
              77.32,
              28.582609
            ]
          ]
        ]
      }
    },
    {
      "type": "Feature",
      "id": "cell_19_15",
      "properties": {
        "cell_id": "cell_19_15",
        "row": 19,
        "col": 15,
        "index": 395,
        "centroid_lon": 77.3275,
        "centroid_lat": 28.584783,
        "min_lon": 77.325,
        "min_lat": 28.582609,
        "max_lon": 77.33,
        "max_lat": 28.586957,
        "approx_width_m": 488.4,
        "approx_height_m": 483.5
      },
      "geometry": {
        "type": "Polygon",
        "coordinates": [
          [
            [
              77.325,
              28.582609
            ],
            [
              77.33,
              28.582609
            ],
            [
              77.33,
              28.586957
            ],
            [
              77.325,
              28.586957
            ],
            [
              77.325,
              28.582609
            ]
          ]
        ]
      }
    },
    {
      "type": "Feature",
      "id": "cell_19_16",
      "properties": {
        "cell_id": "cell_19_16",
        "row": 19,
        "col": 16,
        "index": 396,
        "centroid_lon": 77.3325,
        "centroid_lat": 28.584783,
        "min_lon": 77.33,
        "min_lat": 28.582609,
        "max_lon": 77.335,
        "max_lat": 28.586957,
        "approx_width_m": 488.4,
        "approx_height_m": 483.5
      },
      "geometry": {
        "type": "Polygon",
        "coordinates": [
          [
            [
              77.33,
              28.582609
            ],
            [
              77.335,
              28.582609
            ],
            [
              77.335,
              28.586957
            ],
            [
              77.33,
              28.586957
            ],
            [
              77.33,
              28.582609
            ]
          ]
        ]
      }
    },
    {
      "type": "Feature",
      "id": "cell_19_17",
      "properties": {
        "cell_id": "cell_19_17",
        "row": 19,
        "col": 17,
        "index": 397,
        "centroid_lon": 77.3375,
        "centroid_lat": 28.584783,
        "min_lon": 77.335,
        "min_lat": 28.582609,
        "max_lon": 77.34,
        "max_lat": 28.586957,
        "approx_width_m": 488.4,
        "approx_height_m": 483.5
      },
      "geometry": {
        "type": "Polygon",
        "coordinates": [
          [
            [
              77.335,
              28.582609
            ],
            [
              77.34,
              28.582609
            ],
            [
              77.34,
              28.586957
            ],
            [
              77.335,
              28.586957
            ],
            [
              77.335,
              28.582609
            ]
          ]
        ]
      }
    },
    {
      "type": "Feature",
      "id": "cell_19_18",
      "properties": {
        "cell_id": "cell_19_18",
        "row": 19,
        "col": 18,
        "index": 398,
        "centroid_lon": 77.3425,
        "centroid_lat": 28.584783,
        "min_lon": 77.34,
        "min_lat": 28.582609,
        "max_lon": 77.345,
        "max_lat": 28.586957,
        "approx_width_m": 488.4,
        "approx_height_m": 483.5
      },
      "geometry": {
        "type": "Polygon",
        "coordinates": [
          [
            [
              77.34,
              28.582609
            ],
            [
              77.345,
              28.582609
            ],
            [
              77.345,
              28.586957
            ],
            [
              77.34,
              28.586957
            ],
            [
              77.34,
              28.582609
            ]
          ]
        ]
      }
    },
    {
      "type": "Feature",
      "id": "cell_19_19",
      "properties": {
        "cell_id": "cell_19_19",
        "row": 19,
        "col": 19,
        "index": 399,
        "centroid_lon": 77.3475,
        "centroid_lat": 28.584783,
        "min_lon": 77.345,
        "min_lat": 28.582609,
        "max_lon": 77.35,
        "max_lat": 28.586957,
        "approx_width_m": 488.4,
        "approx_height_m": 483.5
      },
      "geometry": {
        "type": "Polygon",
        "coordinates": [
          [
            [
              77.345,
              28.582609
            ],
            [
              77.35,
              28.582609
            ],
            [
              77.35,
              28.586957
            ],
            [
              77.345,
              28.586957
            ],
            [
              77.345,
              28.582609
            ]
          ]
        ]
      }
    },
    {
      "type": "Feature",
      "id": "cell_20_00",
      "properties": {
        "cell_id": "cell_20_00",
        "row": 20,
        "col": 0,
        "index": 400,
        "centroid_lon": 77.2525,
        "centroid_lat": 28.58913,
        "min_lon": 77.25,
        "min_lat": 28.586957,
        "max_lon": 77.255,
        "max_lat": 28.591304,
        "approx_width_m": 488.4,
        "approx_height_m": 483.5
      },
      "geometry": {
        "type": "Polygon",
        "coordinates": [
          [
            [
              77.25,
              28.586957
            ],
            [
              77.255,
              28.586957
            ],
            [
              77.255,
              28.591304
            ],
            [
              77.25,
              28.591304
            ],
            [
              77.25,
              28.586957
            ]
          ]
        ]
      }
    },
    {
      "type": "Feature",
      "id": "cell_20_01",
      "properties": {
        "cell_id": "cell_20_01",
        "row": 20,
        "col": 1,
        "index": 401,
        "centroid_lon": 77.2575,
        "centroid_lat": 28.58913,
        "min_lon": 77.255,
        "min_lat": 28.586957,
        "max_lon": 77.26,
        "max_lat": 28.591304,
        "approx_width_m": 488.4,
        "approx_height_m": 483.5
      },
      "geometry": {
        "type": "Polygon",
        "coordinates": [
          [
            [
              77.255,
              28.586957
            ],
            [
              77.26,
              28.586957
            ],
            [
              77.26,
              28.591304
            ],
            [
              77.255,
              28.591304
            ],
            [
              77.255,
              28.586957
            ]
          ]
        ]
      }
    },
    {
      "type": "Feature",
      "id": "cell_20_02",
      "properties": {
        "cell_id": "cell_20_02",
        "row": 20,
        "col": 2,
        "index": 402,
        "centroid_lon": 77.2625,
        "centroid_lat": 28.58913,
        "min_lon": 77.26,
        "min_lat": 28.586957,
        "max_lon": 77.265,
        "max_lat": 28.591304,
        "approx_width_m": 488.4,
        "approx_height_m": 483.5
      },
      "geometry": {
        "type": "Polygon",
        "coordinates": [
          [
            [
              77.26,
              28.586957
            ],
            [
              77.265,
              28.586957
            ],
            [
              77.265,
              28.591304
            ],
            [
              77.26,
              28.591304
            ],
            [
              77.26,
              28.586957
            ]
          ]
        ]
      }
    },
    {
      "type": "Feature",
      "id": "cell_20_03",
      "properties": {
        "cell_id": "cell_20_03",
        "row": 20,
        "col": 3,
        "index": 403,
        "centroid_lon": 77.2675,
        "centroid_lat": 28.58913,
        "min_lon": 77.265,
        "min_lat": 28.586957,
        "max_lon": 77.27,
        "max_lat": 28.591304,
        "approx_width_m": 488.4,
        "approx_height_m": 483.5
      },
      "geometry": {
        "type": "Polygon",
        "coordinates": [
          [
            [
              77.265,
              28.586957
            ],
            [
              77.27,
              28.586957
            ],
            [
              77.27,
              28.591304
            ],
            [
              77.265,
              28.591304
            ],
            [
              77.265,
              28.586957
            ]
          ]
        ]
      }
    },
    {
      "type": "Feature",
      "id": "cell_20_04",
      "properties": {
        "cell_id": "cell_20_04",
        "row": 20,
        "col": 4,
        "index": 404,
        "centroid_lon": 77.2725,
        "centroid_lat": 28.58913,
        "min_lon": 77.27,
        "min_lat": 28.586957,
        "max_lon": 77.275,
        "max_lat": 28.591304,
        "approx_width_m": 488.4,
        "approx_height_m": 483.5
      },
      "geometry": {
        "type": "Polygon",
        "coordinates": [
          [
            [
              77.27,
              28.586957
            ],
            [
              77.275,
              28.586957
            ],
            [
              77.275,
              28.591304
            ],
            [
              77.27,
              28.591304
            ],
            [
              77.27,
              28.586957
            ]
          ]
        ]
      }
    },
    {
      "type": "Feature",
      "id": "cell_20_05",
      "properties": {
        "cell_id": "cell_20_05",
        "row": 20,
        "col": 5,
        "index": 405,
        "centroid_lon": 77.2775,
        "centroid_lat": 28.58913,
        "min_lon": 77.275,
        "min_lat": 28.586957,
        "max_lon": 77.28,
        "max_lat": 28.591304,
        "approx_width_m": 488.4,
        "approx_height_m": 483.5
      },
      "geometry": {
        "type": "Polygon",
        "coordinates": [
          [
            [
              77.275,
              28.586957
            ],
            [
              77.28,
              28.586957
            ],
            [
              77.28,
              28.591304
            ],
            [
              77.275,
              28.591304
            ],
            [
              77.275,
              28.586957
            ]
          ]
        ]
      }
    },
    {
      "type": "Feature",
      "id": "cell_20_06",
      "properties": {
        "cell_id": "cell_20_06",
        "row": 20,
        "col": 6,
        "index": 406,
        "centroid_lon": 77.2825,
        "centroid_lat": 28.58913,
        "min_lon": 77.28,
        "min_lat": 28.586957,
        "max_lon": 77.285,
        "max_lat": 28.591304,
        "approx_width_m": 488.4,
        "approx_height_m": 483.5
      },
      "geometry": {
        "type": "Polygon",
        "coordinates": [
          [
            [
              77.28,
              28.586957
            ],
            [
              77.285,
              28.586957
            ],
            [
              77.285,
              28.591304
            ],
            [
              77.28,
              28.591304
            ],
            [
              77.28,
              28.586957
            ]
          ]
        ]
      }
    },
    {
      "type": "Feature",
      "id": "cell_20_07",
      "properties": {
        "cell_id": "cell_20_07",
        "row": 20,
        "col": 7,
        "index": 407,
        "centroid_lon": 77.2875,
        "centroid_lat": 28.58913,
        "min_lon": 77.285,
        "min_lat": 28.586957,
        "max_lon": 77.29,
        "max_lat": 28.591304,
        "approx_width_m": 488.4,
        "approx_height_m": 483.5
      },
      "geometry": {
        "type": "Polygon",
        "coordinates": [
          [
            [
              77.285,
              28.586957
            ],
            [
              77.29,
              28.586957
            ],
            [
              77.29,
              28.591304
            ],
            [
              77.285,
              28.591304
            ],
            [
              77.285,
              28.586957
            ]
          ]
        ]
      }
    },
    {
      "type": "Feature",
      "id": "cell_20_08",
      "properties": {
        "cell_id": "cell_20_08",
        "row": 20,
        "col": 8,
        "index": 408,
        "centroid_lon": 77.2925,
        "centroid_lat": 28.58913,
        "min_lon": 77.29,
        "min_lat": 28.586957,
        "max_lon": 77.295,
        "max_lat": 28.591304,
        "approx_width_m": 488.4,
        "approx_height_m": 483.5
      },
      "geometry": {
        "type": "Polygon",
        "coordinates": [
          [
            [
              77.29,
              28.586957
            ],
            [
              77.295,
              28.586957
            ],
            [
              77.295,
              28.591304
            ],
            [
              77.29,
              28.591304
            ],
            [
              77.29,
              28.586957
            ]
          ]
        ]
      }
    },
    {
      "type": "Feature",
      "id": "cell_20_09",
      "properties": {
        "cell_id": "cell_20_09",
        "row": 20,
        "col": 9,
        "index": 409,
        "centroid_lon": 77.2975,
        "centroid_lat": 28.58913,
        "min_lon": 77.295,
        "min_lat": 28.586957,
        "max_lon": 77.3,
        "max_lat": 28.591304,
        "approx_width_m": 488.4,
        "approx_height_m": 483.5
      },
      "geometry": {
        "type": "Polygon",
        "coordinates": [
          [
            [
              77.295,
              28.586957
            ],
            [
              77.3,
              28.586957
            ],
            [
              77.3,
              28.591304
            ],
            [
              77.295,
              28.591304
            ],
            [
              77.295,
              28.586957
            ]
          ]
        ]
      }
    },
    {
      "type": "Feature",
      "id": "cell_20_10",
      "properties": {
        "cell_id": "cell_20_10",
        "row": 20,
        "col": 10,
        "index": 410,
        "centroid_lon": 77.3025,
        "centroid_lat": 28.58913,
        "min_lon": 77.3,
        "min_lat": 28.586957,
        "max_lon": 77.305,
        "max_lat": 28.591304,
        "approx_width_m": 488.4,
        "approx_height_m": 483.5
      },
      "geometry": {
        "type": "Polygon",
        "coordinates": [
          [
            [
              77.3,
              28.586957
            ],
            [
              77.305,
              28.586957
            ],
            [
              77.305,
              28.591304
            ],
            [
              77.3,
              28.591304
            ],
            [
              77.3,
              28.586957
            ]
          ]
        ]
      }
    },
    {
      "type": "Feature",
      "id": "cell_20_11",
      "properties": {
        "cell_id": "cell_20_11",
        "row": 20,
        "col": 11,
        "index": 411,
        "centroid_lon": 77.3075,
        "centroid_lat": 28.58913,
        "min_lon": 77.305,
        "min_lat": 28.586957,
        "max_lon": 77.31,
        "max_lat": 28.591304,
        "approx_width_m": 488.4,
        "approx_height_m": 483.5
      },
      "geometry": {
        "type": "Polygon",
        "coordinates": [
          [
            [
              77.305,
              28.586957
            ],
            [
              77.31,
              28.586957
            ],
            [
              77.31,
              28.591304
            ],
            [
              77.305,
              28.591304
            ],
            [
              77.305,
              28.586957
            ]
          ]
        ]
      }
    },
    {
      "type": "Feature",
      "id": "cell_20_12",
      "properties": {
        "cell_id": "cell_20_12",
        "row": 20,
        "col": 12,
        "index": 412,
        "centroid_lon": 77.3125,
        "centroid_lat": 28.58913,
        "min_lon": 77.31,
        "min_lat": 28.586957,
        "max_lon": 77.315,
        "max_lat": 28.591304,
        "approx_width_m": 488.4,
        "approx_height_m": 483.5
      },
      "geometry": {
        "type": "Polygon",
        "coordinates": [
          [
            [
              77.31,
              28.586957
            ],
            [
              77.315,
              28.586957
            ],
            [
              77.315,
              28.591304
            ],
            [
              77.31,
              28.591304
            ],
            [
              77.31,
              28.586957
            ]
          ]
        ]
      }
    },
    {
      "type": "Feature",
      "id": "cell_20_13",
      "properties": {
        "cell_id": "cell_20_13",
        "row": 20,
        "col": 13,
        "index": 413,
        "centroid_lon": 77.3175,
        "centroid_lat": 28.58913,
        "min_lon": 77.315,
        "min_lat": 28.586957,
        "max_lon": 77.32,
        "max_lat": 28.591304,
        "approx_width_m": 488.4,
        "approx_height_m": 483.5
      },
      "geometry": {
        "type": "Polygon",
        "coordinates": [
          [
            [
              77.315,
              28.586957
            ],
            [
              77.32,
              28.586957
            ],
            [
              77.32,
              28.591304
            ],
            [
              77.315,
              28.591304
            ],
            [
              77.315,
              28.586957
            ]
          ]
        ]
      }
    },
    {
      "type": "Feature",
      "id": "cell_20_14",
      "properties": {
        "cell_id": "cell_20_14",
        "row": 20,
        "col": 14,
        "index": 414,
        "centroid_lon": 77.3225,
        "centroid_lat": 28.58913,
        "min_lon": 77.32,
        "min_lat": 28.586957,
        "max_lon": 77.325,
        "max_lat": 28.591304,
        "approx_width_m": 488.4,
        "approx_height_m": 483.5
      },
      "geometry": {
        "type": "Polygon",
        "coordinates": [
          [
            [
              77.32,
              28.586957
            ],
            [
              77.325,
              28.586957
            ],
            [
              77.325,
              28.591304
            ],
            [
              77.32,
              28.591304
            ],
            [
              77.32,
              28.586957
            ]
          ]
        ]
      }
    },
    {
      "type": "Feature",
      "id": "cell_20_15",
      "properties": {
        "cell_id": "cell_20_15",
        "row": 20,
        "col": 15,
        "index": 415,
        "centroid_lon": 77.3275,
        "centroid_lat": 28.58913,
        "min_lon": 77.325,
        "min_lat": 28.586957,
        "max_lon": 77.33,
        "max_lat": 28.591304,
        "approx_width_m": 488.4,
        "approx_height_m": 483.5
      },
      "geometry": {
        "type": "Polygon",
        "coordinates": [
          [
            [
              77.325,
              28.586957
            ],
            [
              77.33,
              28.586957
            ],
            [
              77.33,
              28.591304
            ],
            [
              77.325,
              28.591304
            ],
            [
              77.325,
              28.586957
            ]
          ]
        ]
      }
    },
    {
      "type": "Feature",
      "id": "cell_20_16",
      "properties": {
        "cell_id": "cell_20_16",
        "row": 20,
        "col": 16,
        "index": 416,
        "centroid_lon": 77.3325,
        "centroid_lat": 28.58913,
        "min_lon": 77.33,
        "min_lat": 28.586957,
        "max_lon": 77.335,
        "max_lat": 28.591304,
        "approx_width_m": 488.4,
        "approx_height_m": 483.5
      },
      "geometry": {
        "type": "Polygon",
        "coordinates": [
          [
            [
              77.33,
              28.586957
            ],
            [
              77.335,
              28.586957
            ],
            [
              77.335,
              28.591304
            ],
            [
              77.33,
              28.591304
            ],
            [
              77.33,
              28.586957
            ]
          ]
        ]
      }
    },
    {
      "type": "Feature",
      "id": "cell_20_17",
      "properties": {
        "cell_id": "cell_20_17",
        "row": 20,
        "col": 17,
        "index": 417,
        "centroid_lon": 77.3375,
        "centroid_lat": 28.58913,
        "min_lon": 77.335,
        "min_lat": 28.586957,
        "max_lon": 77.34,
        "max_lat": 28.591304,
        "approx_width_m": 488.4,
        "approx_height_m": 483.5
      },
      "geometry": {
        "type": "Polygon",
        "coordinates": [
          [
            [
              77.335,
              28.586957
            ],
            [
              77.34,
              28.586957
            ],
            [
              77.34,
              28.591304
            ],
            [
              77.335,
              28.591304
            ],
            [
              77.335,
              28.586957
            ]
          ]
        ]
      }
    },
    {
      "type": "Feature",
      "id": "cell_20_18",
      "properties": {
        "cell_id": "cell_20_18",
        "row": 20,
        "col": 18,
        "index": 418,
        "centroid_lon": 77.3425,
        "centroid_lat": 28.58913,
        "min_lon": 77.34,
        "min_lat": 28.586957,
        "max_lon": 77.345,
        "max_lat": 28.591304,
        "approx_width_m": 488.4,
        "approx_height_m": 483.5
      },
      "geometry": {
        "type": "Polygon",
        "coordinates": [
          [
            [
              77.34,
              28.586957
            ],
            [
              77.345,
              28.586957
            ],
            [
              77.345,
              28.591304
            ],
            [
              77.34,
              28.591304
            ],
            [
              77.34,
              28.586957
            ]
          ]
        ]
      }
    },
    {
      "type": "Feature",
      "id": "cell_20_19",
      "properties": {
        "cell_id": "cell_20_19",
        "row": 20,
        "col": 19,
        "index": 419,
        "centroid_lon": 77.3475,
        "centroid_lat": 28.58913,
        "min_lon": 77.345,
        "min_lat": 28.586957,
        "max_lon": 77.35,
        "max_lat": 28.591304,
        "approx_width_m": 488.4,
        "approx_height_m": 483.5
      },
      "geometry": {
        "type": "Polygon",
        "coordinates": [
          [
            [
              77.345,
              28.586957
            ],
            [
              77.35,
              28.586957
            ],
            [
              77.35,
              28.591304
            ],
            [
              77.345,
              28.591304
            ],
            [
              77.345,
              28.586957
            ]
          ]
        ]
      }
    },
    {
      "type": "Feature",
      "id": "cell_21_00",
      "properties": {
        "cell_id": "cell_21_00",
        "row": 21,
        "col": 0,
        "index": 420,
        "centroid_lon": 77.2525,
        "centroid_lat": 28.593478,
        "min_lon": 77.25,
        "min_lat": 28.591304,
        "max_lon": 77.255,
        "max_lat": 28.595652,
        "approx_width_m": 488.4,
        "approx_height_m": 483.5
      },
      "geometry": {
        "type": "Polygon",
        "coordinates": [
          [
            [
              77.25,
              28.591304
            ],
            [
              77.255,
              28.591304
            ],
            [
              77.255,
              28.595652
            ],
            [
              77.25,
              28.595652
            ],
            [
              77.25,
              28.591304
            ]
          ]
        ]
      }
    },
    {
      "type": "Feature",
      "id": "cell_21_01",
      "properties": {
        "cell_id": "cell_21_01",
        "row": 21,
        "col": 1,
        "index": 421,
        "centroid_lon": 77.2575,
        "centroid_lat": 28.593478,
        "min_lon": 77.255,
        "min_lat": 28.591304,
        "max_lon": 77.26,
        "max_lat": 28.595652,
        "approx_width_m": 488.4,
        "approx_height_m": 483.5
      },
      "geometry": {
        "type": "Polygon",
        "coordinates": [
          [
            [
              77.255,
              28.591304
            ],
            [
              77.26,
              28.591304
            ],
            [
              77.26,
              28.595652
            ],
            [
              77.255,
              28.595652
            ],
            [
              77.255,
              28.591304
            ]
          ]
        ]
      }
    },
    {
      "type": "Feature",
      "id": "cell_21_02",
      "properties": {
        "cell_id": "cell_21_02",
        "row": 21,
        "col": 2,
        "index": 422,
        "centroid_lon": 77.2625,
        "centroid_lat": 28.593478,
        "min_lon": 77.26,
        "min_lat": 28.591304,
        "max_lon": 77.265,
        "max_lat": 28.595652,
        "approx_width_m": 488.4,
        "approx_height_m": 483.5
      },
      "geometry": {
        "type": "Polygon",
        "coordinates": [
          [
            [
              77.26,
              28.591304
            ],
            [
              77.265,
              28.591304
            ],
            [
              77.265,
              28.595652
            ],
            [
              77.26,
              28.595652
            ],
            [
              77.26,
              28.591304
            ]
          ]
        ]
      }
    },
    {
      "type": "Feature",
      "id": "cell_21_03",
      "properties": {
        "cell_id": "cell_21_03",
        "row": 21,
        "col": 3,
        "index": 423,
        "centroid_lon": 77.2675,
        "centroid_lat": 28.593478,
        "min_lon": 77.265,
        "min_lat": 28.591304,
        "max_lon": 77.27,
        "max_lat": 28.595652,
        "approx_width_m": 488.4,
        "approx_height_m": 483.5
      },
      "geometry": {
        "type": "Polygon",
        "coordinates": [
          [
            [
              77.265,
              28.591304
            ],
            [
              77.27,
              28.591304
            ],
            [
              77.27,
              28.595652
            ],
            [
              77.265,
              28.595652
            ],
            [
              77.265,
              28.591304
            ]
          ]
        ]
      }
    },
    {
      "type": "Feature",
      "id": "cell_21_04",
      "properties": {
        "cell_id": "cell_21_04",
        "row": 21,
        "col": 4,
        "index": 424,
        "centroid_lon": 77.2725,
        "centroid_lat": 28.593478,
        "min_lon": 77.27,
        "min_lat": 28.591304,
        "max_lon": 77.275,
        "max_lat": 28.595652,
        "approx_width_m": 488.4,
        "approx_height_m": 483.5
      },
      "geometry": {
        "type": "Polygon",
        "coordinates": [
          [
            [
              77.27,
              28.591304
            ],
            [
              77.275,
              28.591304
            ],
            [
              77.275,
              28.595652
            ],
            [
              77.27,
              28.595652
            ],
            [
              77.27,
              28.591304
            ]
          ]
        ]
      }
    },
    {
      "type": "Feature",
      "id": "cell_21_05",
      "properties": {
        "cell_id": "cell_21_05",
        "row": 21,
        "col": 5,
        "index": 425,
        "centroid_lon": 77.2775,
        "centroid_lat": 28.593478,
        "min_lon": 77.275,
        "min_lat": 28.591304,
        "max_lon": 77.28,
        "max_lat": 28.595652,
        "approx_width_m": 488.4,
        "approx_height_m": 483.5
      },
      "geometry": {
        "type": "Polygon",
        "coordinates": [
          [
            [
              77.275,
              28.591304
            ],
            [
              77.28,
              28.591304
            ],
            [
              77.28,
              28.595652
            ],
            [
              77.275,
              28.595652
            ],
            [
              77.275,
              28.591304
            ]
          ]
        ]
      }
    },
    {
      "type": "Feature",
      "id": "cell_21_06",
      "properties": {
        "cell_id": "cell_21_06",
        "row": 21,
        "col": 6,
        "index": 426,
        "centroid_lon": 77.2825,
        "centroid_lat": 28.593478,
        "min_lon": 77.28,
        "min_lat": 28.591304,
        "max_lon": 77.285,
        "max_lat": 28.595652,
        "approx_width_m": 488.4,
        "approx_height_m": 483.5
      },
      "geometry": {
        "type": "Polygon",
        "coordinates": [
          [
            [
              77.28,
              28.591304
            ],
            [
              77.285,
              28.591304
            ],
            [
              77.285,
              28.595652
            ],
            [
              77.28,
              28.595652
            ],
            [
              77.28,
              28.591304
            ]
          ]
        ]
      }
    },
    {
      "type": "Feature",
      "id": "cell_21_07",
      "properties": {
        "cell_id": "cell_21_07",
        "row": 21,
        "col": 7,
        "index": 427,
        "centroid_lon": 77.2875,
        "centroid_lat": 28.593478,
        "min_lon": 77.285,
        "min_lat": 28.591304,
        "max_lon": 77.29,
        "max_lat": 28.595652,
        "approx_width_m": 488.4,
        "approx_height_m": 483.5
      },
      "geometry": {
        "type": "Polygon",
        "coordinates": [
          [
            [
              77.285,
              28.591304
            ],
            [
              77.29,
              28.591304
            ],
            [
              77.29,
              28.595652
            ],
            [
              77.285,
              28.595652
            ],
            [
              77.285,
              28.591304
            ]
          ]
        ]
      }
    },
    {
      "type": "Feature",
      "id": "cell_21_08",
      "properties": {
        "cell_id": "cell_21_08",
        "row": 21,
        "col": 8,
        "index": 428,
        "centroid_lon": 77.2925,
        "centroid_lat": 28.593478,
        "min_lon": 77.29,
        "min_lat": 28.591304,
        "max_lon": 77.295,
        "max_lat": 28.595652,
        "approx_width_m": 488.4,
        "approx_height_m": 483.5
      },
      "geometry": {
        "type": "Polygon",
        "coordinates": [
          [
            [
              77.29,
              28.591304
            ],
            [
              77.295,
              28.591304
            ],
            [
              77.295,
              28.595652
            ],
            [
              77.29,
              28.595652
            ],
            [
              77.29,
              28.591304
            ]
          ]
        ]
      }
    },
    {
      "type": "Feature",
      "id": "cell_21_09",
      "properties": {
        "cell_id": "cell_21_09",
        "row": 21,
        "col": 9,
        "index": 429,
        "centroid_lon": 77.2975,
        "centroid_lat": 28.593478,
        "min_lon": 77.295,
        "min_lat": 28.591304,
        "max_lon": 77.3,
        "max_lat": 28.595652,
        "approx_width_m": 488.4,
        "approx_height_m": 483.5
      },
      "geometry": {
        "type": "Polygon",
        "coordinates": [
          [
            [
              77.295,
              28.591304
            ],
            [
              77.3,
              28.591304
            ],
            [
              77.3,
              28.595652
            ],
            [
              77.295,
              28.595652
            ],
            [
              77.295,
              28.591304
            ]
          ]
        ]
      }
    },
    {
      "type": "Feature",
      "id": "cell_21_10",
      "properties": {
        "cell_id": "cell_21_10",
        "row": 21,
        "col": 10,
        "index": 430,
        "centroid_lon": 77.3025,
        "centroid_lat": 28.593478,
        "min_lon": 77.3,
        "min_lat": 28.591304,
        "max_lon": 77.305,
        "max_lat": 28.595652,
        "approx_width_m": 488.4,
        "approx_height_m": 483.5
      },
      "geometry": {
        "type": "Polygon",
        "coordinates": [
          [
            [
              77.3,
              28.591304
            ],
            [
              77.305,
              28.591304
            ],
            [
              77.305,
              28.595652
            ],
            [
              77.3,
              28.595652
            ],
            [
              77.3,
              28.591304
            ]
          ]
        ]
      }
    },
    {
      "type": "Feature",
      "id": "cell_21_11",
      "properties": {
        "cell_id": "cell_21_11",
        "row": 21,
        "col": 11,
        "index": 431,
        "centroid_lon": 77.3075,
        "centroid_lat": 28.593478,
        "min_lon": 77.305,
        "min_lat": 28.591304,
        "max_lon": 77.31,
        "max_lat": 28.595652,
        "approx_width_m": 488.4,
        "approx_height_m": 483.5
      },
      "geometry": {
        "type": "Polygon",
        "coordinates": [
          [
            [
              77.305,
              28.591304
            ],
            [
              77.31,
              28.591304
            ],
            [
              77.31,
              28.595652
            ],
            [
              77.305,
              28.595652
            ],
            [
              77.305,
              28.591304
            ]
          ]
        ]
      }
    },
    {
      "type": "Feature",
      "id": "cell_21_12",
      "properties": {
        "cell_id": "cell_21_12",
        "row": 21,
        "col": 12,
        "index": 432,
        "centroid_lon": 77.3125,
        "centroid_lat": 28.593478,
        "min_lon": 77.31,
        "min_lat": 28.591304,
        "max_lon": 77.315,
        "max_lat": 28.595652,
        "approx_width_m": 488.4,
        "approx_height_m": 483.5
      },
      "geometry": {
        "type": "Polygon",
        "coordinates": [
          [
            [
              77.31,
              28.591304
            ],
            [
              77.315,
              28.591304
            ],
            [
              77.315,
              28.595652
            ],
            [
              77.31,
              28.595652
            ],
            [
              77.31,
              28.591304
            ]
          ]
        ]
      }
    },
    {
      "type": "Feature",
      "id": "cell_21_13",
      "properties": {
        "cell_id": "cell_21_13",
        "row": 21,
        "col": 13,
        "index": 433,
        "centroid_lon": 77.3175,
        "centroid_lat": 28.593478,
        "min_lon": 77.315,
        "min_lat": 28.591304,
        "max_lon": 77.32,
        "max_lat": 28.595652,
        "approx_width_m": 488.4,
        "approx_height_m": 483.5
      },
      "geometry": {
        "type": "Polygon",
        "coordinates": [
          [
            [
              77.315,
              28.591304
            ],
            [
              77.32,
              28.591304
            ],
            [
              77.32,
              28.595652
            ],
            [
              77.315,
              28.595652
            ],
            [
              77.315,
              28.591304
            ]
          ]
        ]
      }
    },
    {
      "type": "Feature",
      "id": "cell_21_14",
      "properties": {
        "cell_id": "cell_21_14",
        "row": 21,
        "col": 14,
        "index": 434,
        "centroid_lon": 77.3225,
        "centroid_lat": 28.593478,
        "min_lon": 77.32,
        "min_lat": 28.591304,
        "max_lon": 77.325,
        "max_lat": 28.595652,
        "approx_width_m": 488.4,
        "approx_height_m": 483.5
      },
      "geometry": {
        "type": "Polygon",
        "coordinates": [
          [
            [
              77.32,
              28.591304
            ],
            [
              77.325,
              28.591304
            ],
            [
              77.325,
              28.595652
            ],
            [
              77.32,
              28.595652
            ],
            [
              77.32,
              28.591304
            ]
          ]
        ]
      }
    },
    {
      "type": "Feature",
      "id": "cell_21_15",
      "properties": {
        "cell_id": "cell_21_15",
        "row": 21,
        "col": 15,
        "index": 435,
        "centroid_lon": 77.3275,
        "centroid_lat": 28.593478,
        "min_lon": 77.325,
        "min_lat": 28.591304,
        "max_lon": 77.33,
        "max_lat": 28.595652,
        "approx_width_m": 488.4,
        "approx_height_m": 483.5
      },
      "geometry": {
        "type": "Polygon",
        "coordinates": [
          [
            [
              77.325,
              28.591304
            ],
            [
              77.33,
              28.591304
            ],
            [
              77.33,
              28.595652
            ],
            [
              77.325,
              28.595652
            ],
            [
              77.325,
              28.591304
            ]
          ]
        ]
      }
    },
    {
      "type": "Feature",
      "id": "cell_21_16",
      "properties": {
        "cell_id": "cell_21_16",
        "row": 21,
        "col": 16,
        "index": 436,
        "centroid_lon": 77.3325,
        "centroid_lat": 28.593478,
        "min_lon": 77.33,
        "min_lat": 28.591304,
        "max_lon": 77.335,
        "max_lat": 28.595652,
        "approx_width_m": 488.4,
        "approx_height_m": 483.5
      },
      "geometry": {
        "type": "Polygon",
        "coordinates": [
          [
            [
              77.33,
              28.591304
            ],
            [
              77.335,
              28.591304
            ],
            [
              77.335,
              28.595652
            ],
            [
              77.33,
              28.595652
            ],
            [
              77.33,
              28.591304
            ]
          ]
        ]
      }
    },
    {
      "type": "Feature",
      "id": "cell_21_17",
      "properties": {
        "cell_id": "cell_21_17",
        "row": 21,
        "col": 17,
        "index": 437,
        "centroid_lon": 77.3375,
        "centroid_lat": 28.593478,
        "min_lon": 77.335,
        "min_lat": 28.591304,
        "max_lon": 77.34,
        "max_lat": 28.595652,
        "approx_width_m": 488.4,
        "approx_height_m": 483.5
      },
      "geometry": {
        "type": "Polygon",
        "coordinates": [
          [
            [
              77.335,
              28.591304
            ],
            [
              77.34,
              28.591304
            ],
            [
              77.34,
              28.595652
            ],
            [
              77.335,
              28.595652
            ],
            [
              77.335,
              28.591304
            ]
          ]
        ]
      }
    },
    {
      "type": "Feature",
      "id": "cell_21_18",
      "properties": {
        "cell_id": "cell_21_18",
        "row": 21,
        "col": 18,
        "index": 438,
        "centroid_lon": 77.3425,
        "centroid_lat": 28.593478,
        "min_lon": 77.34,
        "min_lat": 28.591304,
        "max_lon": 77.345,
        "max_lat": 28.595652,
        "approx_width_m": 488.4,
        "approx_height_m": 483.5
      },
      "geometry": {
        "type": "Polygon",
        "coordinates": [
          [
            [
              77.34,
              28.591304
            ],
            [
              77.345,
              28.591304
            ],
            [
              77.345,
              28.595652
            ],
            [
              77.34,
              28.595652
            ],
            [
              77.34,
              28.591304
            ]
          ]
        ]
      }
    },
    {
      "type": "Feature",
      "id": "cell_21_19",
      "properties": {
        "cell_id": "cell_21_19",
        "row": 21,
        "col": 19,
        "index": 439,
        "centroid_lon": 77.3475,
        "centroid_lat": 28.593478,
        "min_lon": 77.345,
        "min_lat": 28.591304,
        "max_lon": 77.35,
        "max_lat": 28.595652,
        "approx_width_m": 488.4,
        "approx_height_m": 483.5
      },
      "geometry": {
        "type": "Polygon",
        "coordinates": [
          [
            [
              77.345,
              28.591304
            ],
            [
              77.35,
              28.591304
            ],
            [
              77.35,
              28.595652
            ],
            [
              77.345,
              28.595652
            ],
            [
              77.345,
              28.591304
            ]
          ]
        ]
      }
    },
    {
      "type": "Feature",
      "id": "cell_22_00",
      "properties": {
        "cell_id": "cell_22_00",
        "row": 22,
        "col": 0,
        "index": 440,
        "centroid_lon": 77.2525,
        "centroid_lat": 28.597826,
        "min_lon": 77.25,
        "min_lat": 28.595652,
        "max_lon": 77.255,
        "max_lat": 28.6,
        "approx_width_m": 488.4,
        "approx_height_m": 483.5
      },
      "geometry": {
        "type": "Polygon",
        "coordinates": [
          [
            [
              77.25,
              28.595652
            ],
            [
              77.255,
              28.595652
            ],
            [
              77.255,
              28.6
            ],
            [
              77.25,
              28.6
            ],
            [
              77.25,
              28.595652
            ]
          ]
        ]
      }
    },
    {
      "type": "Feature",
      "id": "cell_22_01",
      "properties": {
        "cell_id": "cell_22_01",
        "row": 22,
        "col": 1,
        "index": 441,
        "centroid_lon": 77.2575,
        "centroid_lat": 28.597826,
        "min_lon": 77.255,
        "min_lat": 28.595652,
        "max_lon": 77.26,
        "max_lat": 28.6,
        "approx_width_m": 488.4,
        "approx_height_m": 483.5
      },
      "geometry": {
        "type": "Polygon",
        "coordinates": [
          [
            [
              77.255,
              28.595652
            ],
            [
              77.26,
              28.595652
            ],
            [
              77.26,
              28.6
            ],
            [
              77.255,
              28.6
            ],
            [
              77.255,
              28.595652
            ]
          ]
        ]
      }
    },
    {
      "type": "Feature",
      "id": "cell_22_02",
      "properties": {
        "cell_id": "cell_22_02",
        "row": 22,
        "col": 2,
        "index": 442,
        "centroid_lon": 77.2625,
        "centroid_lat": 28.597826,
        "min_lon": 77.26,
        "min_lat": 28.595652,
        "max_lon": 77.265,
        "max_lat": 28.6,
        "approx_width_m": 488.4,
        "approx_height_m": 483.5
      },
      "geometry": {
        "type": "Polygon",
        "coordinates": [
          [
            [
              77.26,
              28.595652
            ],
            [
              77.265,
              28.595652
            ],
            [
              77.265,
              28.6
            ],
            [
              77.26,
              28.6
            ],
            [
              77.26,
              28.595652
            ]
          ]
        ]
      }
    },
    {
      "type": "Feature",
      "id": "cell_22_03",
      "properties": {
        "cell_id": "cell_22_03",
        "row": 22,
        "col": 3,
        "index": 443,
        "centroid_lon": 77.2675,
        "centroid_lat": 28.597826,
        "min_lon": 77.265,
        "min_lat": 28.595652,
        "max_lon": 77.27,
        "max_lat": 28.6,
        "approx_width_m": 488.4,
        "approx_height_m": 483.5
      },
      "geometry": {
        "type": "Polygon",
        "coordinates": [
          [
            [
              77.265,
              28.595652
            ],
            [
              77.27,
              28.595652
            ],
            [
              77.27,
              28.6
            ],
            [
              77.265,
              28.6
            ],
            [
              77.265,
              28.595652
            ]
          ]
        ]
      }
    },
    {
      "type": "Feature",
      "id": "cell_22_04",
      "properties": {
        "cell_id": "cell_22_04",
        "row": 22,
        "col": 4,
        "index": 444,
        "centroid_lon": 77.2725,
        "centroid_lat": 28.597826,
        "min_lon": 77.27,
        "min_lat": 28.595652,
        "max_lon": 77.275,
        "max_lat": 28.6,
        "approx_width_m": 488.4,
        "approx_height_m": 483.5
      },
      "geometry": {
        "type": "Polygon",
        "coordinates": [
          [
            [
              77.27,
              28.595652
            ],
            [
              77.275,
              28.595652
            ],
            [
              77.275,
              28.6
            ],
            [
              77.27,
              28.6
            ],
            [
              77.27,
              28.595652
            ]
          ]
        ]
      }
    },
    {
      "type": "Feature",
      "id": "cell_22_05",
      "properties": {
        "cell_id": "cell_22_05",
        "row": 22,
        "col": 5,
        "index": 445,
        "centroid_lon": 77.2775,
        "centroid_lat": 28.597826,
        "min_lon": 77.275,
        "min_lat": 28.595652,
        "max_lon": 77.28,
        "max_lat": 28.6,
        "approx_width_m": 488.4,
        "approx_height_m": 483.5
      },
      "geometry": {
        "type": "Polygon",
        "coordinates": [
          [
            [
              77.275,
              28.595652
            ],
            [
              77.28,
              28.595652
            ],
            [
              77.28,
              28.6
            ],
            [
              77.275,
              28.6
            ],
            [
              77.275,
              28.595652
            ]
          ]
        ]
      }
    },
    {
      "type": "Feature",
      "id": "cell_22_06",
      "properties": {
        "cell_id": "cell_22_06",
        "row": 22,
        "col": 6,
        "index": 446,
        "centroid_lon": 77.2825,
        "centroid_lat": 28.597826,
        "min_lon": 77.28,
        "min_lat": 28.595652,
        "max_lon": 77.285,
        "max_lat": 28.6,
        "approx_width_m": 488.4,
        "approx_height_m": 483.5
      },
      "geometry": {
        "type": "Polygon",
        "coordinates": [
          [
            [
              77.28,
              28.595652
            ],
            [
              77.285,
              28.595652
            ],
            [
              77.285,
              28.6
            ],
            [
              77.28,
              28.6
            ],
            [
              77.28,
              28.595652
            ]
          ]
        ]
      }
    },
    {
      "type": "Feature",
      "id": "cell_22_07",
      "properties": {
        "cell_id": "cell_22_07",
        "row": 22,
        "col": 7,
        "index": 447,
        "centroid_lon": 77.2875,
        "centroid_lat": 28.597826,
        "min_lon": 77.285,
        "min_lat": 28.595652,
        "max_lon": 77.29,
        "max_lat": 28.6,
        "approx_width_m": 488.4,
        "approx_height_m": 483.5
      },
      "geometry": {
        "type": "Polygon",
        "coordinates": [
          [
            [
              77.285,
              28.595652
            ],
            [
              77.29,
              28.595652
            ],
            [
              77.29,
              28.6
            ],
            [
              77.285,
              28.6
            ],
            [
              77.285,
              28.595652
            ]
          ]
        ]
      }
    },
    {
      "type": "Feature",
      "id": "cell_22_08",
      "properties": {
        "cell_id": "cell_22_08",
        "row": 22,
        "col": 8,
        "index": 448,
        "centroid_lon": 77.2925,
        "centroid_lat": 28.597826,
        "min_lon": 77.29,
        "min_lat": 28.595652,
        "max_lon": 77.295,
        "max_lat": 28.6,
        "approx_width_m": 488.4,
        "approx_height_m": 483.5
      },
      "geometry": {
        "type": "Polygon",
        "coordinates": [
          [
            [
              77.29,
              28.595652
            ],
            [
              77.295,
              28.595652
            ],
            [
              77.295,
              28.6
            ],
            [
              77.29,
              28.6
            ],
            [
              77.29,
              28.595652
            ]
          ]
        ]
      }
    },
    {
      "type": "Feature",
      "id": "cell_22_09",
      "properties": {
        "cell_id": "cell_22_09",
        "row": 22,
        "col": 9,
        "index": 449,
        "centroid_lon": 77.2975,
        "centroid_lat": 28.597826,
        "min_lon": 77.295,
        "min_lat": 28.595652,
        "max_lon": 77.3,
        "max_lat": 28.6,
        "approx_width_m": 488.4,
        "approx_height_m": 483.5
      },
      "geometry": {
        "type": "Polygon",
        "coordinates": [
          [
            [
              77.295,
              28.595652
            ],
            [
              77.3,
              28.595652
            ],
            [
              77.3,
              28.6
            ],
            [
              77.295,
              28.6
            ],
            [
              77.295,
              28.595652
            ]
          ]
        ]
      }
    },
    {
      "type": "Feature",
      "id": "cell_22_10",
      "properties": {
        "cell_id": "cell_22_10",
        "row": 22,
        "col": 10,
        "index": 450,
        "centroid_lon": 77.3025,
        "centroid_lat": 28.597826,
        "min_lon": 77.3,
        "min_lat": 28.595652,
        "max_lon": 77.305,
        "max_lat": 28.6,
        "approx_width_m": 488.4,
        "approx_height_m": 483.5
      },
      "geometry": {
        "type": "Polygon",
        "coordinates": [
          [
            [
              77.3,
              28.595652
            ],
            [
              77.305,
              28.595652
            ],
            [
              77.305,
              28.6
            ],
            [
              77.3,
              28.6
            ],
            [
              77.3,
              28.595652
            ]
          ]
        ]
      }
    },
    {
      "type": "Feature",
      "id": "cell_22_11",
      "properties": {
        "cell_id": "cell_22_11",
        "row": 22,
        "col": 11,
        "index": 451,
        "centroid_lon": 77.3075,
        "centroid_lat": 28.597826,
        "min_lon": 77.305,
        "min_lat": 28.595652,
        "max_lon": 77.31,
        "max_lat": 28.6,
        "approx_width_m": 488.4,
        "approx_height_m": 483.5
      },
      "geometry": {
        "type": "Polygon",
        "coordinates": [
          [
            [
              77.305,
              28.595652
            ],
            [
              77.31,
              28.595652
            ],
            [
              77.31,
              28.6
            ],
            [
              77.305,
              28.6
            ],
            [
              77.305,
              28.595652
            ]
          ]
        ]
      }
    },
    {
      "type": "Feature",
      "id": "cell_22_12",
      "properties": {
        "cell_id": "cell_22_12",
        "row": 22,
        "col": 12,
        "index": 452,
        "centroid_lon": 77.3125,
        "centroid_lat": 28.597826,
        "min_lon": 77.31,
        "min_lat": 28.595652,
        "max_lon": 77.315,
        "max_lat": 28.6,
        "approx_width_m": 488.4,
        "approx_height_m": 483.5
      },
      "geometry": {
        "type": "Polygon",
        "coordinates": [
          [
            [
              77.31,
              28.595652
            ],
            [
              77.315,
              28.595652
            ],
            [
              77.315,
              28.6
            ],
            [
              77.31,
              28.6
            ],
            [
              77.31,
              28.595652
            ]
          ]
        ]
      }
    },
    {
      "type": "Feature",
      "id": "cell_22_13",
      "properties": {
        "cell_id": "cell_22_13",
        "row": 22,
        "col": 13,
        "index": 453,
        "centroid_lon": 77.3175,
        "centroid_lat": 28.597826,
        "min_lon": 77.315,
        "min_lat": 28.595652,
        "max_lon": 77.32,
        "max_lat": 28.6,
        "approx_width_m": 488.4,
        "approx_height_m": 483.5
      },
      "geometry": {
        "type": "Polygon",
        "coordinates": [
          [
            [
              77.315,
              28.595652
            ],
            [
              77.32,
              28.595652
            ],
            [
              77.32,
              28.6
            ],
            [
              77.315,
              28.6
            ],
            [
              77.315,
              28.595652
            ]
          ]
        ]
      }
    },
    {
      "type": "Feature",
      "id": "cell_22_14",
      "properties": {
        "cell_id": "cell_22_14",
        "row": 22,
        "col": 14,
        "index": 454,
        "centroid_lon": 77.3225,
        "centroid_lat": 28.597826,
        "min_lon": 77.32,
        "min_lat": 28.595652,
        "max_lon": 77.325,
        "max_lat": 28.6,
        "approx_width_m": 488.4,
        "approx_height_m": 483.5
      },
      "geometry": {
        "type": "Polygon",
        "coordinates": [
          [
            [
              77.32,
              28.595652
            ],
            [
              77.325,
              28.595652
            ],
            [
              77.325,
              28.6
            ],
            [
              77.32,
              28.6
            ],
            [
              77.32,
              28.595652
            ]
          ]
        ]
      }
    },
    {
      "type": "Feature",
      "id": "cell_22_15",
      "properties": {
        "cell_id": "cell_22_15",
        "row": 22,
        "col": 15,
        "index": 455,
        "centroid_lon": 77.3275,
        "centroid_lat": 28.597826,
        "min_lon": 77.325,
        "min_lat": 28.595652,
        "max_lon": 77.33,
        "max_lat": 28.6,
        "approx_width_m": 488.4,
        "approx_height_m": 483.5
      },
      "geometry": {
        "type": "Polygon",
        "coordinates": [
          [
            [
              77.325,
              28.595652
            ],
            [
              77.33,
              28.595652
            ],
            [
              77.33,
              28.6
            ],
            [
              77.325,
              28.6
            ],
            [
              77.325,
              28.595652
            ]
          ]
        ]
      }
    },
    {
      "type": "Feature",
      "id": "cell_22_16",
      "properties": {
        "cell_id": "cell_22_16",
        "row": 22,
        "col": 16,
        "index": 456,
        "centroid_lon": 77.3325,
        "centroid_lat": 28.597826,
        "min_lon": 77.33,
        "min_lat": 28.595652,
        "max_lon": 77.335,
        "max_lat": 28.6,
        "approx_width_m": 488.4,
        "approx_height_m": 483.5
      },
      "geometry": {
        "type": "Polygon",
        "coordinates": [
          [
            [
              77.33,
              28.595652
            ],
            [
              77.335,
              28.595652
            ],
            [
              77.335,
              28.6
            ],
            [
              77.33,
              28.6
            ],
            [
              77.33,
              28.595652
            ]
          ]
        ]
      }
    },
    {
      "type": "Feature",
      "id": "cell_22_17",
      "properties": {
        "cell_id": "cell_22_17",
        "row": 22,
        "col": 17,
        "index": 457,
        "centroid_lon": 77.3375,
        "centroid_lat": 28.597826,
        "min_lon": 77.335,
        "min_lat": 28.595652,
        "max_lon": 77.34,
        "max_lat": 28.6,
        "approx_width_m": 488.4,
        "approx_height_m": 483.5
      },
      "geometry": {
        "type": "Polygon",
        "coordinates": [
          [
            [
              77.335,
              28.595652
            ],
            [
              77.34,
              28.595652
            ],
            [
              77.34,
              28.6
            ],
            [
              77.335,
              28.6
            ],
            [
              77.335,
              28.595652
            ]
          ]
        ]
      }
    },
    {
      "type": "Feature",
      "id": "cell_22_18",
      "properties": {
        "cell_id": "cell_22_18",
        "row": 22,
        "col": 18,
        "index": 458,
        "centroid_lon": 77.3425,
        "centroid_lat": 28.597826,
        "min_lon": 77.34,
        "min_lat": 28.595652,
        "max_lon": 77.345,
        "max_lat": 28.6,
        "approx_width_m": 488.4,
        "approx_height_m": 483.5
      },
      "geometry": {
        "type": "Polygon",
        "coordinates": [
          [
            [
              77.34,
              28.595652
            ],
            [
              77.345,
              28.595652
            ],
            [
              77.345,
              28.6
            ],
            [
              77.34,
              28.6
            ],
            [
              77.34,
              28.595652
            ]
          ]
        ]
      }
    },
    {
      "type": "Feature",
      "id": "cell_22_19",
      "properties": {
        "cell_id": "cell_22_19",
        "row": 22,
        "col": 19,
        "index": 459,
        "centroid_lon": 77.3475,
        "centroid_lat": 28.597826,
        "min_lon": 77.345,
        "min_lat": 28.595652,
        "max_lon": 77.35,
        "max_lat": 28.6,
        "approx_width_m": 488.4,
        "approx_height_m": 483.5
      },
      "geometry": {
        "type": "Polygon",
        "coordinates": [
          [
            [
              77.345,
              28.595652
            ],
            [
              77.35,
              28.595652
            ],
            [
              77.35,
              28.6
            ],
            [
              77.345,
              28.6
            ],
            [
              77.345,
              28.595652
            ]
          ]
        ]
      }
    }
  ]
}