cell_id,ndvi_mean_mean,ndvi_mean_median,ndvi_mean_std,ndvi_mean_mad,ndvi_mean_min,ndvi_mean_max,ndvi_mean_count,ndbi_mean_mean,ndbi_mean_median,ndbi_mean_std,ndbi_mean_mad,ndbi_mean_min,ndbi_mean_max,ndbi_mean_count,ndwi_mean_mean,ndwi_mean_median,ndwi_mean_std,ndwi_mean_mad,ndwi_mean_min,ndwi_mean_max,ndwi_mean_count,viirs_avg_rad_mean_mean,viirs_avg_rad_mean_median,viirs_avg_rad_mean_std,viirs_avg_rad_mean_mad,viirs_avg_rad_mean_min,viirs_avg_rad_mean_max,viirs_avg_rad_mean_count,viirs_avg_rad_mean_cv,era5_temperature_mean_mean,era5_temperature_mean_median,era5_temperature_mean_std,era5_temperature_mean_mad,era5_temperature_mean_min,era5_temperature_mean_max,era5_temperature_mean_count,era5_precipitation_total_mean,era5_precipitation_total_median,era5_precipitation_total_std,era5_precipitation_total_mad,era5_precipitation_total_min,era5_precipitation_total_max,era5_precipitation_total_count,era5_wind_speed_mean_mean,era5_wind_speed_mean_median,era5_wind_speed_mean_std,era5_wind_speed_mean_mad,era5_wind_speed_mean_min,era5_wind_speed_mean_max,era5_wind_speed_mean_count
cell_00_00,0.0915,0.0987,0.0202,0.0128,0.0446,0.1115,11,0.0415,0.0406,0.0178,0.0061,0.0031,0.0728,11,-0.1434,-0.154,0.0229,0.0146,-0.1686,-0.1067,11,26.5169,25.6955,6.2425,2.9679,16.5448,40.7831,12,0.2354,23.8752,26.0813,6.4561,4.041,12.0071,31.3499,12,59.3447,30.0216,78.3186,25.7034,1.6184,283.0278,12,2.2161,2.2648,0.3122,0.2101,1.7241,2.6772,12
cell_00_01,0.431,0.4103,0.1314,0.0424,0.2367,0.7519,12,-0.0925,-0.0744,0.0951,0.0515,-0.2977,0.0401,12,-0.4223,-0.4012,0.1004,0.0664,-0.6661,-0.2889,12,22.677,23.1484,3.8811,3.1324,16.2878,28.4066,12,0.1711,23.8752,26.0813,6.4561,4.041,12.0071,31.3499,12,59.3447,30.0216,78.3186,25.7034,1.6184,283.0278,12,2.2161,2.2648,0.3122,0.2101,1.7241,2.6772,12
cell_00_02,0.6212,0.62,0.1251,0.0597,0.3996,0.8449,12,-0.162,-0.1632,0.1129,0.0749,-0.314,0.0165,12,-0.5756,-0.5744,0.0962,0.0618,-0.7508,-0.4322,12,22.8162,23.3487,3.9825,2.7476,16.9523,29.5003,12,0.1745,23.8752,26.0813,6.4561,4.041,12.0071,31.3499,12,59.3447,30.0216,78.3186,25.7034,1.6184,283.0278,12,2.2161,2.2648,0.3122,0.2101,1.7241,2.6772,12
cell_00_03,0.5779,0.5888,0.1232,0.0517,0.3254,0.7841,12,-0.1291,-0.1304,0.1022,0.0541,-0.2738,0.0456,12,-0.5341,-0.5459,0.0942,0.0506,-0.692,-0.3601,12,25.2549,25.096,4.7229,3.7962,17.8365,32.663,12,0.187,23.8752,26.0813,6.4561,4.041,12.0071,31.3499,12,59.3447,30.0216,78.3186,25.7034,1.6184,283.0278,12,2.2161,2.2648,0.3122,0.2101,1.7241,2.6772,12
cell_00_04,0.6126,0.6077,0.1394,0.0988,0.3636,0.8132,12,-0.1663,-0.1666,0.1258,0.0872,-0.3303,0.042,12,-0.5632,-0.5586,0.1085,0.1031,-0.7211,-0.3992,12,21.1933,21.259,3.1545,2.0945,15.5373,25.6031,12,0.1488,23.8752,26.0813,6.4561,4.041,12.0071,31.3499,12,59.3447,30.0216,78.3186,25.7034,1.6184,283.0278,12,2.2161,2.2648,0.3122,0.2101,1.7241,2.6772,12
cell_00_05,0.5151,0.512,0.1207,0.0743,0.3003,0.7069,12,-0.1302,-0.1282,0.1044,0.0645,-0.3171,0.0306,12,-0.4959,-0.4939,0.0933,0.0826,-0.6331,-0.3566,12,29.3363,29.55,5.6676,3.7046,19.9145,38.578,12,0.1932,23.8752,26.0813,6.4561,4.041,12.0071,31.3499,12,59.3447,30.0216,78.3186,25.7034,1.6184,283.0278,12,2.2161,2.2648,0.3122,0.2101,1.7241,2.6772,12
cell_00_06,0.3078,0.3096,0.0751,0.0262,0.1356,0.4482,12,-0.0602,-0.0462,0.0663,0.03,-0.1887,0.0422,12,-0.3188,-0.3307,0.0543,0.0324,-0.3884,-0.2048,12,38.4919,38.7697,6.62,4.0494,27.3833,49.1965,12,0.172,23.8752,26.0813,6.4561,4.041,12.0071,31.3499,12,59.3447,30.0216,78.3186,25.7034,1.6184,283.0278,12,2.2161,2.2648,0.3122,0.2101,1.7241,2.6772,12
cell_00_07,0.2658,0.2768,0.0597,0.0263,0.1317,0.3473,10,-0.0293,-0.0332,0.0293,0.0222,-0.0609,0.0362,10,-0.3033,-0.3187,0.0498,0.0225,-0.3697,-0.1992,10,47.0007,45.8688,8.4927,5.3326,35.2507,64.3988,12,0.1807,23.8752,26.0813,6.4561,4.041,12.0071,31.3499,12,59.3447,30.0216,78.3186,25.7034,1.6184,283.0278,12,2.2161,2.2648,0.3122,0.2101,1.7241,2.6772,12
cell_00_08,0.3027,0.2993,0.0775,0.0402,0.1417,0.4262,10,-0.0471,-0.0553,0.0351,0.0234,-0.0897,0.0221,10,-0.3432,-0.3505,0.0635,0.0252,-0.4502,-0.2161,10,50.7338,50.1592,8.631,6.2424,38.4315,67.8299,12,0.1701,23.8752,26.0813,6.4561,4.041,12.0071,31.3499,12,59.3447,30.0216,78.3186,25.7034,1.6184,283.0278,12,2.2161,2.2648,0.3122,0.2101,1.7241,2.6772,12
cell_00_09,0.224,0.2167,0.0631,0.037,0.1024,0.3403,11,-0.0136,-0.0161,0.0443,0.0205,-0.1167,0.0549,11,-0.2816,-0.2764,0.0446,0.0286,-0.3371,-0.1963,11,52.2825,53.1538,8.8945,6.716,38.7381,67.4075,12,0.1701,23.8752,26.0813,6.4561,4.041,12.0071,31.3499,12,59.3447,30.0216,78.3186,25.7034,1.6184,283.0278,12,2.2161,2.2648,0.3122,0.2101,1.7241,2.6772,12
cell_00_10,0.245,0.244,0.0512,0.0176,0.1484,0.348,12,-0.026,-0.0227,0.0358,0.0121,-0.1083,0.0333,12,-0.2686,-0.2842,0.0497,0.0206,-0.3501,-0.1886,12,48.2968,49.7776,7.6095,5.7304,35.7202,59.7907,12,0.1576,23.8364,26.0252,6.4548,4.0199,11.9731,31.3438,12,60.2464,30.8004,76.5328,26.8958,2.0117,272.3437,12,2.1944,2.2575,0.3133,0.2303,1.6983,2.6096,12
cell_00_11,0.3472,0.3269,0.1292,0.0574,0.1954,0.6438,12,-0.0135,-0.0024,0.0867,0.0652,-0.2024,0.0863,12,-0.3881,-0.3887,0.1185,0.1039,-0.627,-0.2469,12,32.8817,34.2183,4.3305,2.2547,25.8713,40.035,12,0.1317,23.8364,26.0252,6.4548,4.0199,11.9731,31.3438,12,60.2464,30.8004,76.5328,26.8958,2.0117,272.3437,12,2.1944,2.2575,0.3133,0.2303,1.6983,2.6096,12
cell_00_12,0.3076,0.2942,0.0788,0.0476,0.1832,0.4315,12,-0.0437,-0.0402,0.055,0.049,-0.1348,0.038,12,-0.3229,-0.3279,0.0665,0.033,-0.4457,-0.1968,12,26.4132,26.7062,3.616,1.7352,18.6775,32.6297,12,0.1369,23.8364,26.0252,6.4548,4.0199,11.9731,31.3438,12,60.2464,30.8004,76.5328,26.8958,2.0117,272.3437,12,2.1944,2.2575,0.3133,0.2303,1.6983,2.6096,12
cell_00_13,0.1498,0.1639,0.0449,0.0266,0.0743,0.1914,10,0.031,0.032,0.0237,0.0107,-0.0186,0.0664,10,-0.203,-0.2248,0.0445,0.011,-0.2386,-0.0982,10,29.6916,30.0371,5.8484,3.4332,19.2266,40.4551,12,0.197,23.8364,26.0252,6.4548,4.0199,11.9731,31.3438,12,60.2464,30.8004,76.5328,26.8958,2.0117,272.3437,12,2.1944,2.2575,0.3133,0.2303,1.6983,2.6096,12
cell_00_14,0.1135,0.1221,0.0305,0.0099,0.0477,0.1465,10,0.0338,0.0414,0.0235,0.0031,-0.0311,0.0466,10,-0.1631,-0.1754,0.0394,0.0083,-0.1919,-0.0575,10,31.9673,31.9571,7.5918,4.9965,20.0635,47.6232,12,0.2375,23.8364,26.0252,6.4548,4.0199,11.9731,31.3438,12,60.2464,30.8004,76.5328,26.8958,2.0117,272.3437,12,2.1944,2.2575,0.3133,0.2303,1.6983,2.6096,12
cell_00_15,0.0897,0.0996,0.0268,0.0097,0.027,0.1145,10,0.0348,0.042,0.0258,0.0065,-0.0328,0.0543,10,-0.1436,-0.1574,0.0372,0.0088,-0.1691,-0.0424,10,32.1371,31.4417,8.0401,4.8931,19.9825,50.2988,12,0.2502,23.8364,26.0252,6.4548,4.0199,11.9731,31.3438,12,60.2464,30.8004,76.5328,26.8958,2.0117,272.3437,12,2.1944,2.2575,0.3133,0.2303,1.6983,2.6096,12
cell_00_16,0.0703,0.0788,0.023,0.0085,0.0144,0.0879,10,0.0267,0.0321,0.0312,0.008,-0.0524,0.0581,10,-0.1249,-0.1348,0.0339,0.0065,-0.1505,-0.0319,10,29.146,29.3568,7.8872,4.4354,17.9721,48.4115,12,0.2706,23.8364,26.0252,6.4548,4.0199,11.9731,31.3438,12,60.2464,30.8004,76.5328,26.8958,2.0117,272.3437,12,2.1944,2.2575,0.3133,0.2303,1.6983,2.6096,12
cell_00_17,0.1082,0.1155,0.0305,0.0086,0.0441,0.1415,10,0.0325,0.0391,0.0234,0.0066,-0.0279,0.0553,10,-0.1643,-0.1747,0.0357,0.0095,-0.1947,-0.0705,10,23.9713,24.0477,6.3663,3.1283,14.5411,39.3755,12,0.2656,23.8364,26.0252,6.4548,4.0199,11.9731,31.3438,12,60.2464,30.8004,76.5328,26.8958,2.0117,272.3437,12,2.1944,2.2575,0.3133,0.2303,1.6983,2.6096,12
cell_00_18,0.1958,0.2053,0.04,0.011,0.12,0.2413,10,0.0149,0.0181,0.0228,0.0067,-0.0407,0.0499,10,-0.2455,-0.2612,0.0472,0.0078,-0.2795,-0.1248,10,20.0614,20.003,5.2304,2.3299,12.6873,31.6163,12,0.2607,23.8364,26.0252,6.4548,4.0199,11.9731,31.3438,12,60.2464,30.8004,76.5328,26.8958,2.0117,272.3437,12,2.1944,2.2575,0.3133,0.2303,1.6983,2.6096,12
cell_00_19,0.3782,0.3938,0.0965,0.0365,0.2221,0.5274,12,-0.1083,-0.1094,0.0673,0.024,-0.2561,0.0114,12,-0.369,-0.3893,0.0951,0.0572,-0.5031,-0.206,12,12.6855,13.1227,2.4503,0.9423,8.9371,17.6992,12,0.1932,23.8364,26.0252,6.4548,4.0199,11.9731,31.3438,12,60.2464,30.8004,76.5328,26.8958,2.0117,272.3437,12,2.1944,2.2575,0.3133,0.2303,1.6983,2.6096,12
cell_01_00,0.1563,0.1433,0.0754,0.0079,0.0684,0.3811,12,0.0249,0.03,0.0297,0.0116,-0.0629,0.047,12,-0.1964,-0.1911,0.0624,0.0121,-0.3773,-0.1288,12,32.023,31.7329,5.4689,3.2275,23.2458,40.6282,12,0.1708,23.8752,26.0813,6.4561,4.041,12.0071,31.3499,12,59.3447,30.0216,78.3186,25.7034,1.6184,283.0278,12,2.2161,2.2648,0.3122,0.2101,1.7241,2.6772,12
cell_01_01,0.3009,0.3071,0.0508,0.0285,0.1801,0.3632,12,-0.0068,-0.01,0.0258,0.0185,-0.0354,0.0443,12,-0.3163,-0.3262,0.0406,0.0277,-0.3616,-0.233,12,33.2096,33.534,4.5934,2.1423,25.6112,40.7752,12,0.1383,23.8752,26.0813,6.4561,4.041,12.0071,31.3499,12,59.3447,30.0216,78.3186,25.7034,1.6184,283.0278,12,2.2161,2.2648,0.3122,0.2101,1.7241,2.6772,12
cell_01_02,0.4362,0.4323,0.0932,0.0373,0.2317,0.5962,12,-0.0685,-0.0721,0.0641,0.0423,-0.1713,0.0552,12,-0.4473,-0.4454,0.0654,0.0371,-0.5637,-0.3132,12,34.712,35.0546,5.0777,3.363,26.2933,42.9229,12,0.1463,23.8752,26.0813,6.4561,4.041,12.0071,31.3499,12,59.3447,30.0216,78.3186,25.7034,1.6184,283.0278,12,2.2161,2.2648,0.3122,0.2101,1.7241,2.6772,12
cell_01_03,0.5452,0.519,0.1137,0.0657,0.3157,0.7336,12,-0.1279,-0.1328,0.0883,0.0493,-0.2542,0.0331,12,-0.5254,-0.5161,0.0856,0.0741,-0.6644,-0.3785,12,30.1585,31.301,5.4739,2.9907,21.1624,39.8329,12,0.1815,23.8752,26.0813,6.4561,4.041,12.0071,31.3499,12,59.3447,30.0216,78.3186,25.7034,1.6184,283.0278,12,2.2161,2.2648,0.3122,0.2101,1.7241,2.6772,12
cell_01_04,0.5163,0.5079,0.096,0.0422,0.31,0.6799,12,-0.1426,-0.1494,0.0763,0.0407,-0.2497,0.0158,12,-0.4976,-0.4992,0.0782,0.0567,-0.6282,-0.362,12,24.3902,24.8363,3.4246,2.2043,18.8565,29.2187,12,0.1404,23.8752,26.0813,6.4561,4.041,12.0071,31.3499,12,59.3447,30.0216,78.3186,25.7034,1.6184,283.0278,12,2.2161,2.2648,0.3122,0.2101,1.7241,2.6772,12
cell_01_05,0.475,0.4729,0.1137,0.038,0.2262,0.6808,12,-0.097,-0.0989,0.0901,0.0443,-0.225,0.0708,12,-0.4677,-0.4686,0.0907,0.0546,-0.6319,-0.2972,12,34.7519,34.0276,7.3841,5.4426,24.3913,47.943,12,0.2125,23.8752,26.0813,6.4561,4.041,12.0071,31.3499,12,59.3447,30.0216,78.3186,25.7034,1.6184,283.0278,12,2.2161,2.2648,0.3122,0.2101,1.7241,2.6772,12
cell_01_06,0.262,0.262,0.0653,0.0317,0.1273,0.3785,11,-0.0005,0.0085,0.0508,0.0267,-0.0995,0.0739,11,-0.3098,-0.3126,0.0589,0.0401,-0.3953,-0.2128,11,46.079,48.2559,7.4568,4.9559,34.0797,59.6152,12,0.1618,23.8752,26.0813,6.4561,4.041,12.0071,31.3499,12,59.3447,30.0216,78.3186,25.7034,1.6184,283.0278,12,2.2161,2.2648,0.3122,0.2101,1.7241,2.6772,12
cell_01_07,0.2311,0.2326,0.0612,0.0255,0.1091,0.352,11,-0.0214,-0.0035,0.0626,0.0214,-0.1916,0.0506,11,-0.2717,-0.2881,0.0447,0.0115,-0.3263,-0.1844,11,54.9194,52.7084,9.1876,6.3584,42.5681,72.5258,12,0.1673,23.8752,26.0813,6.4561,4.041,12.0071,31.3499,12,59.3447,30.0216,78.3186,25.7034,1.6184,283.0278,12,2.2161,2.2648,0.3122,0.2101,1.7241,2.6772,12
cell_01_08,0.3176,0.322,0.0724,0.0394,0.1932,0.4448,10,-0.0225,-0.0221,0.042,0.0378,-0.0752,0.053,10,-0.3468,-0.3608,0.0653,0.023,-0.4561,-0.2228,10,55.1366,52.9615,8.427,7.3424,43.5431,69.9391,12,0.1528,23.8752,26.0813,6.4561,4.041,12.0071,31.3499,12,59.3447,30.0216,78.3186,25.7034,1.6184,283.0278,12,2.2161,2.2648,0.3122,0.2101,1.7241,2.6772,12
cell_01_09,0.2248,0.2363,0.0473,0.0238,0.1191,0.2871,11,-0.0098,-0.0122,0.0263,0.0142,-0.0495,0.0448,11,-0.2637,-0.279,0.0468,0.0154,-0.3265,-0.1888,11,51.5942,52.5531,7.6807,5.6826,39.9886,66.7214,12,0.1489,23.8752,26.0813,6.4561,4.041,12.0071,31.3499,12,59.3447,30.0216,78.3186,25.7034,1.6184,283.0278,12,2.2161,2.2648,0.3122,0.2101,1.7241,2.6772,12
cell_01_10,0.3732,0.3762,0.0756,0.0405,0.2183,0.5074,12,-0.0786,-0.0869,0.0425,0.0274,-0.1311,0.0086,12,-0.374,-0.3907,0.0733,0.0338,-0.5008,-0.2665,12,46.3117,48.3314,7.356,3.9624,34.8044,61.3291,12,0.1588,23.8364,26.0252,6.4548,4.0199,11.9731,31.3438,12,60.2464,30.8004,76.5328,26.8958,2.0117,272.3437,12,2.1944,2.2575,0.3133,0.2303,1.6983,2.6096,12
cell_01_11,0.2711,0.2519,0.0825,0.0346,0.1738,0.4582,12,0.0101,0.0294,0.0606,0.0414,-0.1119,0.0807,12,-0.3201,-0.3116,0.0871,0.0495,-0.4759,-0.1429,12,32.1716,32.7246,4.4711,2.2339,24.6292,39.8896,12,0.139,23.8364,26.0252,6.4548,4.0199,11.9731,31.3438,12,60.2464,30.8004,76.5328,26.8958,2.0117,272.3437,12,2.1944,2.2575,0.3133,0.2303,1.6983,2.6096,12
cell_01_12,0.3132,0.3117,0.0773,0.0358,0.19,0.4427,11,-0.0474,-0.034,0.0586,0.0545,-0.1389,0.041,11,-0.3316,-0.3463,0.0708,0.027,-0.4474,-0.1751,11,26.6502,27.3129,3.9295,1.5146,18.9274,31.8377,12,0.1474,23.8364,26.0252,6.4548,4.0199,11.9731,31.3438,12,60.2464,30.8004,76.5328,26.8958,2.0117,272.3437,12,2.1944,2.2575,0.3133,0.2303,1.6983,2.6096,12
cell_01_13,0.1318,0.1461,0.0362,0.0097,0.054,0.1611,10,0.0213,0.0289,0.0277,0.0074,-0.0533,0.0457,10,-0.1733,-0.1896,0.0446,0.008,-0.2008,-0.0554,10,31.273,32.5003,5.9568,3.4431,21.4375,40.5955,12,0.1905,23.8364,26.0252,6.4548,4.0199,11.9731,31.3438,12,60.2464,30.8004,76.5328,26.8958,2.0117,272.3437,12,2.1944,2.2575,0.3133,0.2303,1.6983,2.6096,12
cell_01_14,0.0746,0.0823,0.0223,0.0134,0.0257,0.0969,10,0.0356,0.0415,0.0334,0.0088,-0.0528,0.0713,10,-0.1237,-0.1348,0.0362,0.0128,-0.1611,-0.0294,10,33.0218,34.0909,7.2879,4.8398,22.6796,46.8623,12,0.2207,23.8364,26.0252,6.4548,4.0199,11.9731,31.3438,12,60.2464,30.8004,76.5328,26.8958,2.0117,272.3437,12,2.1944,2.2575,0.3133,0.2303,1.6983,2.6096,12
cell_01_15,0.1059,0.1125,0.0257,0.0069,0.0505,0.1366,10,0.0293,0.0371,0.027,0.0038,-0.0441,0.0487,10,-0.1558,-0.1664,0.0345,0.0085,-0.1823,-0.063,10,32.9368,34.5238,7.5324,4.9093,21.849,46.4617,12,0.2287,23.8364,26.0252,6.4548,4.0199,11.9731,31.3438,12,60.2464,30.8004,76.5328,26.8958,2.0117,272.3437,12,2.1944,2.2575,0.3133,0.2303,1.6983,2.6096,12
cell_01_16,0.1157,0.1192,0.0293,0.0135,0.0537,0.147,11,0.0157,0.0204,0.0271,0.0082,-0.0604,0.0377,11,-0.1646,-0.1787,0.0456,0.0163,-0.2029,-0.0704,11,30.1735,30.7325,6.9493,5.0914,20.0595,43.411,12,0.2303,23.8364,26.0252,6.4548,4.0199,11.9731,31.3438,12,60.2464,30.8004,76.5328,26.8958,2.0117,272.3437,12,2.1944,2.2575,0.3133,0.2303,1.6983,2.6096,12
cell_01_17,0.099,0.1128,0.0341,0.0137,0.0412,0.1331,11,0.0284,0.0302,0.027,0.0119,-0.0463,0.0485,11,-0.1464,-0.1682,0.0547,0.0154,-0.1929,-0.0308,11,25.1764,25.8124,5.4706,3.7062,15.9261,35.422,12,0.2173,23.8364,26.0252,6.4548,4.0199,11.9731,31.3438,12,60.2464,30.8004,76.5328,26.8958,2.0117,272.3437,12,2.1944,2.2575,0.3133,0.2303,1.6983,2.6096,12
cell_01_18,0.2421,0.2611,0.0501,0.0226,0.1366,0.2888,11,-0.0199,-0.0216,0.0266,0.0126,-0.0661,0.0337,11,-0.2721,-0.2951,0.057,0.0161,-0.3251,-0.1338,11,19.6039,20.3499,4.3384,1.6257,12.5093,27.1448,12,0.2213,23.8364,26.0252,6.4548,4.0199,11.9731,31.3438,12,60.2464,30.8004,76.5328,26.8958,2.0117,272.3437,12,2.1944,2.2575,0.3133,0.2303,1.6983,2.6096,12
cell_01_19,0.3291,0.3513,0.123,0.0392,0.0752,0.5001,11,-0.1237,-0.1177,0.0698,0.05,-0.263,-0.0169,11,-0.3174,-0.3411,0.1072,0.0451,-0.4669,-0.1235,11,12.4571,12.8769,2.1258,0.9121,8.5478,16.2972,12,0.1706,23.8364,26.0252,6.4548,4.0199,11.9731,31.3438,12,60.2464,30.8004,76.5328,26.8958,2.0117,272.3437,12,2.1944,2.2575,0.3133,0.2303,1.6983,2.6096,12
cell_02_00,0.3144,0.3191,0.0613,0.0335,0.1698,0.3966,12,-0.0307,-0.0338,0.0314,0.0177,-0.072,0.0401,12,-0.3478,-0.3546,0.0496,0.0396,-0.4174,-0.2454,12,39.9545,40.0988,5.9524,3.9183,31.6939,52.1827,12,0.149,23.8752,26.0813,6.4561,4.041,12.0071,31.3499,12,59.3447,30.0216,78.3186,25.7034,1.6184,283.0278,12,2.2161,2.2648,0.3122,0.2101,1.7241,2.6772,12
cell_02_01,0.4306,0.4161,0.0774,0.0371,0.2646,0.5689,12,-0.072,-0.0724,0.0521,0.0363,-0.1421,0.0374,12,-0.4383,-0.4355,0.0675,0.0551,-0.5636,-0.3288,12,42.053,40.2436,7.2578,5.3427,31.4215,57.1023,12,0.1726,23.8752,26.0813,6.4561,4.041,12.0071,31.3499,12,59.3447,30.0216,78.3186,25.7034,1.6184,283.0278,12,2.2161,2.2648,0.3122,0.2101,1.7241,2.6772,12
cell_02_02,0.4887,0.4867,0.1086,0.0403,0.2651,0.7,12,-0.1019,-0.1057,0.0774,0.0345,-0.2282,0.0452,12,-0.4846,-0.4911,0.0844,0.0416,-0.6535,-0.3335,12,39.8346,38.909,7.0433,4.1515,30.0043,52.3706,12,0.1768,23.8752,26.0813,6.4561,4.041,12.0071,31.3499,12,59.3447,30.0216,78.3186,25.7034,1.6184,283.0278,12,2.2161,2.2648,0.3122,0.2101,1.7241,2.6772,12
cell_02_03,0.2767,0.2831,0.0736,0.0229,0.1224,0.4432,12,-0.0218,-0.0225,0.0355,0.01,-0.1091,0.0405,12,-0.2933,-0.3038,0.0586,0.0157,-0.4219,-0.1746,12,33.4571,34.362,6.0335,3.3233,21.8563,41.6551,12,0.1803,23.8752,26.0813,6.4561,4.041,12.0071,31.3499,12,59.3447,30.0216,78.3186,25.7034,1.6184,283.0278,12,2.2161,2.2648,0.3122,0.2101,1.7241,2.6772,12
cell_02_04,0.3136,0.3225,0.0608,0.0238,0.1622,0.4005,12,-0.0165,-0.0081,0.0475,0.0286,-0.1095,0.0611,12,-0.3272,-0.3292,0.0435,0.0255,-0.3922,-0.2329,12,28.1341,28.2763,4.2727,3.1893,21.0601,35.3963,12,0.1519,23.8752,26.0813,6.4561,4.041,12.0071,31.3499,12,59.3447,30.0216,78.3186,25.7034,1.6184,283.0278,12,2.2161,2.2648,0.3122,0.2101,1.7241,2.6772,12
cell_02_05,0.5022,0.5147,0.1511,0.0464,0.2014,0.8018,11,-0.0787,-0.0775,0.1039,0.0554,-0.2884,0.0673,11,-0.5004,-0.5126,0.1168,0.0461,-0.7242,-0.2587,11,31.6858,31.6512,5.886,4.5301,20.3895,41.0338,12,0.1858,23.8752,26.0813,6.4561,4.041,12.0071,31.3499,12,59.3447,30.0216,78.3186,25.7034,1.6184,283.0278,12,2.2161,2.2648,0.3122,0.2101,1.7241,2.6772,12
cell_02_06,0.1738,0.1823,0.0409,0.0159,0.0708,0.2151,11,0.0592,0.0563,0.0214,0.0203,0.0301,0.0865,11,-0.2454,-0.2588,0.0423,0.0163,-0.2859,-0.1577,11,48.4843,49.7213,7.9533,5.3923,33.0393,63.3444,12,0.164,23.8752,26.0813,6.4561,4.041,12.0071,31.3499,12,59.3447,30.0216,78.3186,25.7034,1.6184,283.0278,12,2.2161,2.2648,0.3122,0.2101,1.7241,2.6772,12
cell_02_07,0.0891,0.0967,0.0261,0.0189,0.0435,0.1186,11,0.0683,0.0653,0.0385,0.0201,0.0092,0.1511,11,-0.1943,-0.2097,0.0403,0.0071,-0.2465,-0.1052,11,57.1095,55.8092,8.723,6.3368,45.6452,72.1634,12,0.1527,23.8752,26.0813,6.4561,4.041,12.0071,31.3499,12,59.3447,30.0216,78.3186,25.7034,1.6184,283.0278,12,2.2161,2.2648,0.3122,0.2101,1.7241,2.6772,12
cell_02_08,0.2357,0.2332,0.0621,0.0304,0.1285,0.3407,10,-0.0004,0.0071,0.0397,0.0236,-0.0536,0.0638,10,-0.289,-0.3007,0.064,0.0197,-0.3875,-0.1574,10,51.5494,50.8959,6.8068,6.0548,41.9169,62.7714,12,0.132,23.8752,26.0813,6.4561,4.041,12.0071,31.3499,12,59.3447,30.0216,78.3186,25.7034,1.6184,283.0278,12,2.2161,2.2648,0.3122,0.2101,1.7241,2.6772,12
cell_02_09,0.1905,0.2062,0.0413,0.0172,0.0987,0.2339,11,-0.0015,0.0004,0.0243,0.0059,-0.0533,0.0469,11,-0.2249,-0.2447,0.0468,0.0119,-0.2651,-0.1229,11,47.1803,48.4377,5.7859,3.8436,38.5924,56.745,12,0.1226,23.8752,26.0813,6.4561,4.041,12.0071,31.3499,12,59.3447,30.0216,78.3186,25.7034,1.6184,283.0278,12,2.2161,2.2648,0.3122,0.2101,1.7241,2.6772,12
cell_02_10,0.2723,0.2886,0.0586,0.0375,0.1876,0.3663,12,-0.0334,-0.031,0.0364,0.0219,-0.1069,0.0342,12,-0.2924,-0.3192,0.069,0.025,-0.3855,-0.1581,12,44.6231,46.1183,6.8315,3.4703,32.3559,56.4313,12,0.1531,23.8364,26.0252,6.4548,4.0199,11.9731,31.3438,12,60.2464,30.8004,76.5328,26.8958,2.0117,272.3437,12,2.1944,2.2575,0.3133,0.2303,1.6983,2.6096,12
cell_02_11,0.5717,0.5788,0.1474,0.0634,0.2757,0.8424,12,-0.1764,-0.1707,0.0763,0.0544,-0.3013,-0.0662,12,-0.5349,-0.5559,0.1477,0.0468,-0.777,-0.2079,12,32.7632,33.3331,5.0481,2.5927,23.1744,39.384,12,0.1541,23.8364,26.0252,6.4548,4.0199,11.9731,31.3438,12,60.2464,30.8004,76.5328,26.8958,2.0117,272.3437,12,2.1944,2.2575,0.3133,0.2303,1.6983,2.6096,12
cell_02_12,0.3573,0.3833,0.1103,0.0615,0.1338,0.5135,11,-0.0881,-0.0959,0.0556,0.049,-0.181,0.0055,11,-0.369,-0.3982,0.1065,0.0434,-0.5153,-0.1541,11,25.5574,26.0378,4.0494,1.5269,19.3681,32.0984,12,0.1584,23.8364,26.0252,6.4548,4.0199,11.9731,31.3438,12,60.2464,30.8004,76.5328,26.8958,2.0117,272.3437,12,2.1944,2.2575,0.3133,0.2303,1.6983,2.6096,12
cell_02_13,0.1791,0.1731,0.0628,0.0136,0.0921,0.325,11,-0.0053,0.0083,0.0407,0.0137,-0.0994,0.0462,11,-0.2226,-0.2256,0.0587,0.0146,-0.3318,-0.0904,11,30.9763,32.4736,6.0311,4.3423,21.2667,39.9502,12,0.1947,23.8364,26.0252,6.4548,4.0199,11.9731,31.3438,12,60.2464,30.8004,76.5328,26.8958,2.0117,272.3437,12,2.1944,2.2575,0.3133,0.2303,1.6983,2.6096,12
cell_02_14,0.33,0.3375,0.0841,0.028,0.1796,0.4727,10,-0.0548,-0.0491,0.0458,0.0269,-0.1178,0.0263,10,-0.3557,-0.3783,0.0825,0.0285,-0.472,-0.1625,10,34.7631,35.442,8.2436,6.7808,21.8437,44.4387,12,0.2371,23.8364,26.0252,6.4548,4.0199,11.9731,31.3438,12,60.2464,30.8004,76.5328,26.8958,2.0117,272.3437,12,2.1944,2.2575,0.3133,0.2303,1.6983,2.6096,12
cell_02_15,0.3054,0.2941,0.0999,0.041,0.1428,0.5097,11,-0.0503,-0.041,0.0567,0.0391,-0.1585,0.0364,11,-0.3287,-0.3374,0.0951,0.0276,-0.4954,-0.1324,11,33.7491,35.303,9.6036,7.3871,18.9841,48.3149,12,0.2846,23.8364,26.0252,6.4548,4.0199,11.9731,31.3438,12,60.2464,30.8004,76.5328,26.8958,2.0117,272.3437,12,2.1944,2.2575,0.3133,0.2303,1.6983,2.6096,12
cell_02_16,0.2283,0.2241,0.0697,0.0211,0.119,0.3644,11,0.0089,0.0203,0.0414,0.0293,-0.0556,0.0732,11,-0.2753,-0.2929,0.0792,0.0166,-0.3996,-0.1256,11,27.6111,28.4189,7.5465,5.3366,16.2647,41.2078,12,0.2733,23.8364,26.0252,6.4548,4.0199,11.9731,31.3438,12,60.2464,30.8004,76.5328,26.8958,2.0117,272.3437,12,2.1944,2.2575,0.3133,0.2303,1.6983,2.6096,12
cell_02_17,0.0886,0.1037,0.0327,0.0143,0.0246,0.1184,11,0.0362,0.0452,0.0282,0.0072,-0.0429,0.0575,11,-0.1311,-0.151,0.0416,0.0162,-0.1677,-0.0438,11,22.0572,22.9272,4.9835,3.4361,15.3108,31.1908,12,0.2259,23.8364,26.0252,6.4548,4.0199,11.9731,31.3438,12,60.2464,30.8004,76.5328,26.8958,2.0117,272.3437,12,2.1944,2.2575,0.3133,0.2303,1.6983,2.6096,12
cell_02_18,0.2788,0.3004,0.0578,0.0311,0.1654,0.3369,11,-0.0403,-0.0461,0.0221,0.0081,-0.0699,-0.0012,11,-0.2986,-0.3362,0.0617,0.0242,-0.3604,-0.1612,11,17.2394,17.659,3.3293,0.9492,11.4752,22.4478,12,0.1931,23.8364,26.0252,6.4548,4.0199,11.9731,31.3438,12,60.2464,30.8004,76.5328,26.8958,2.0117,272.3437,12,2.1944,2.2575,0.3133,0.2303,1.6983,2.6096,12
cell_02_19,0.1622,0.1967,0.1624,0.0756,-0.2786,0.3218,12,-0.0455,-0.0564,0.1254,0.0208,-0.2386,0.3028,12,-0.1743,-0.2076,0.1606,0.0707,-0.3279,0.2829,12,12.8237,12.9403,2.3738,1.5617,8.1755,16.2338,12,0.1851,23.8364,26.0252,6.4548,4.0199,11.9731,31.3438,12,60.2464,30.8004,76.5328,26.8958,2.0117,272.3437,12,2.1944,2.2575,0.3133,0.2303,1.6983,2.6096,12
cell_03_00,0.4478,0.4495,0.0799,0.0429,0.2743,0.5748,12,-0.0948,-0.0917,0.0539,0.0404,-0.1703,0.0096,12,-0.4458,-0.4365,0.0627,0.0406,-0.5514,-0.3276,12,35.8068,36.1403,5.5672,3.3914,27.462,47.2427,12,0.1555,23.8752,26.0813,6.4561,4.041,12.0071,31.3499,12,59.3447,30.0216,78.3186,25.7034,1.6184,283.0278,12,2.2161,2.2648,0.3122,0.2101,1.7241,2.6772,12
cell_03_01,0.6026,0.5692,0.1409,0.0618,0.3827,0.8538,12,-0.1449,-0.1194,0.1221,0.067,-0.3311,0.0323,12,-0.5599,-0.5298,0.1031,0.0725,-0.7461,-0.4333,12,34.4431,33.3945,5.8123,3.8312,26.5161,46.1813,12,0.1687,23.8752,26.0813,6.4561,4.041,12.0071,31.3499,12,59.3447,30.0216,78.3186,25.7034,1.6184,283.0278,12,2.2161,2.2648,0.3122,0.2101,1.7241,2.6772,12
cell_03_02,0.4073,0.385,0.1053,0.059,0.2392,0.5857,12,-0.0601,-0.0409,0.0881,0.0607,-0.1936,0.0595,12,-0.4118,-0.3874,0.0731,0.0389,-0.5345,-0.3149,12,30.5686,30.5178,5.5296,3.0407,21.9513,39.6576,12,0.1809,23.8752,26.0813,6.4561,4.041,12.0071,31.3499,12,59.3447,30.0216,78.3186,25.7034,1.6184,283.0278,12,2.2161,2.2648,0.3122,0.2101,1.7241,2.6772,12
cell_03_03,0.0802,0.0852,0.0294,0.0184,0.0274,0.1377,12,0.0592,0.0545,0.0193,0.0081,0.0252,0.094,12,-0.1274,-0.14,0.0255,0.0103,-0.1579,-0.0876,12,29.7584,31.0453,5.6853,2.9911,18.4801,37.9859,12,0.191,23.8752,26.0813,6.4561,4.041,12.0071,31.3499,12,59.3447,30.0216,78.3186,25.7034,1.6184,283.0278,12,2.2161,2.2648,0.3122,0.2101,1.7241,2.6772,12
cell_03_04,0.2932,0.2874,0.0618,0.019,0.151,0.4017,12,0.0057,0.0088,0.0364,0.0169,-0.0708,0.0651,12,-0.3109,-0.3111,0.0432,0.0187,-0.3797,-0.2212,12,27.6565,27.8147,4.5943,2.3025,20.3023,35.2481,12,0.1661,23.8752,26.0813,6.4561,4.041,12.0071,31.3499,12,59.3447,30.0216,78.3186,25.7034,1.6184,283.0278,12,2.2161,2.2648,0.3122,0.2101,1.7241,2.6772,12
cell_03_05,0.5789,0.5674,0.1431,0.0706,0.3297,0.8834,11,-0.1219,-0.1047,0.1152,0.077,-0.3471,0.0463,11,-0.5581,-0.553,0.1036,0.0533,-0.7835,-0.3938,11,29.8196,30.6213,4.2886,2.1817,19.9452,35.7121,12,0.1438,23.8752,26.0813,6.4561,4.041,12.0071,31.3499,12,59.3447,30.0216,78.3186,25.7034,1.6184,283.0278,12,2.2161,2.2648,0.3122,0.2101,1.7241,2.6772,12
cell_03_06,0.2851,0.2833,0.0791,0.0155,0.0985,0.4123,11,-0.013,-0.0034,0.0382,0.0182,-0.1033,0.0343,11,-0.3076,-0.3152,0.0654,0.0178,-0.3817,-0.1285,11,46.1394,47.0511,7.4837,4.6305,33.6607,61.1512,12,0.1622,23.8752,26.0813,6.4561,4.041,12.0071,31.3499,12,59.3447,30.0216,78.3186,25.7034,1.6184,283.0278,12,2.2161,2.2648,0.3122,0.2101,1.7241,2.6772,12
cell_03_07,0.2459,0.2513,0.0453,0.0249,0.1468,0.3137,10,0.0185,0.0146,0.0205,0.0143,-0.0072,0.0577,10,-0.3125,-0.313,0.0415,0.0235,-0.3897,-0.2324,10,51.1024,50.6936,8.3375,5.6068,38.304,68.7111,12,0.1632,23.8752,26.0813,6.4561,4.041,12.0071,31.3499,12,59.3447,30.0216,78.3186,25.7034,1.6184,283.0278,12,2.2161,2.2648,0.3122,0.2101,1.7241,2.6772,12
cell_03_08,0.3879,0.3913,0.0883,0.071,0.2367,0.546,11,-0.0517,-0.0519,0.0691,0.0543,-0.1568,0.0673,11,-0.411,-0.4243,0.0657,0.0442,-0.5438,-0.3155,11,46.4117,46.7982,5.8224,4.8741,36.842,56.4414,12,0.1255,23.8752,26.0813,6.4561,4.041,12.0071,31.3499,12,59.3447,30.0216,78.3186,25.7034,1.6184,283.0278,12,2.2161,2.2648,0.3122,0.2101,1.7241,2.6772,12
cell_03_09,0.2705,0.2834,0.0633,0.0267,0.1408,0.3729,12,-0.029,-0.0329,0.0393,0.0297,-0.0833,0.0481,12,-0.2893,-0.3108,0.0662,0.025,-0.3817,-0.1617,12,47.5042,48.09,6.5333,5.8413,37.6362,57.0829,12,0.1375,23.8752,26.0813,6.4561,4.041,12.0071,31.3499,12,59.3447,30.0216,78.3186,25.7034,1.6184,283.0278,12,2.2161,2.2648,0.3122,0.2101,1.7241,2.6772,12
cell_03_10,0.2669,0.2812,0.0616,0.031,0.1613,0.3762,12,-0.0306,-0.0308,0.0326,0.0256,-0.085,0.0332,12,-0.2957,-0.3238,0.0729,0.0295,-0.3971,-0.1665,12,44.2497,46.7831,6.326,2.0783,32.4615,53.0695,12,0.143,23.8364,26.0252,6.4548,4.0199,11.9731,31.3438,12,60.2464,30.8004,76.5328,26.8958,2.0117,272.3437,12,2.1944,2.2575,0.3133,0.2303,1.6983,2.6096,12
cell_03_11,0.3248,0.316,0.114,0.0486,0.1994,0.6268,12,-0.0729,-0.0548,0.0675,0.0315,-0.2424,0.027,12,-0.3278,-0.3406,0.1057,0.0347,-0.562,-0.1464,12,31.0382,31.8914,4.5114,2.7247,22.2904,36.0667,12,0.1453,23.8364,26.0252,6.4548,4.0199,11.9731,31.3438,12,60.2464,30.8004,76.5328,26.8958,2.0117,272.3437,12,2.1944,2.2575,0.3133,0.2303,1.6983,2.6096,12
cell_03_12,0.2504,0.2541,0.0815,0.0528,0.1224,0.3708,10,-0.0532,-0.0488,0.0414,0.02,-0.1196,0.025,10,-0.2812,-0.2956,0.0785,0.0382,-0.3883,-0.1189,10,22.3044,23.258,3.6839,1.4334,14.8784,28.6581,12,0.1652,23.8364,26.0252,6.4548,4.0199,11.9731,31.3438,12,60.2464,30.8004,76.5328,26.8958,2.0117,272.3437,12,2.1944,2.2575,0.3133,0.2303,1.6983,2.6096,12
cell_03_13,0.2107,0.1956,0.0753,0.0207,0.1035,0.355,11,-0.0132,-0.0119,0.0407,0.0236,-0.0953,0.0466,11,-0.2574,-0.2578,0.0633,0.0205,-0.366,-0.1333,11,25.8986,26.7032,5.9417,2.4691,15.9856,34.4772,12,0.2294,23.8364,26.0252,6.4548,4.0199,11.9731,31.3438,12,60.2464,30.8004,76.5328,26.8958,2.0117,272.3437,12,2.1944,2.2575,0.3133,0.2303,1.6983,2.6096,12
cell_03_14,0.3428,0.3776,0.0882,0.0236,0.1787,0.4609,11,-0.0039,-0.0117,0.0555,0.0429,-0.1041,0.0936,11,-0.3754,-0.4035,0.0745,0.0121,-0.4664,-0.1887,11,30.8965,32.1215,9.2344,6.8377,17.3274,45.1488,12,0.2989,23.8364,26.0252,6.4548,4.0199,11.9731,31.3438,12,60.2464,30.8004,76.5328,26.8958,2.0117,272.3437,12,2.1944,2.2575,0.3133,0.2303,1.6983,2.6096,12
cell_03_15,0.1966,0.2028,0.073,0.0581,0.0905,0.3134,11,0.0107,0.0175,0.0478,0.0223,-0.0775,0.0705,11,-0.2499,-0.2656,0.0567,0.027,-0.3296,-0.1202,11,28.7948,29.2863,9.5564,6.6536,14.3481,45.3399,12,0.3319,23.8364,26.0252,6.4548,4.0199,11.9731,31.3438,12,60.2464,30.8004,76.5328,26.8958,2.0117,272.3437,12,2.1944,2.2575,0.3133,0.2303,1.6983,2.6096,12
cell_03_16,0.3028,0.3288,0.1144,0.0671,0.118,0.5277,11,-0.0077,-0.0039,0.077,0.0418,-0.133,0.1157,11,-0.3374,-0.3467,0.1014,0.0486,-0.5185,-0.1179,11,21.8545,22.0317,6.5226,4.4951,11.9333,35.0132,12,0.2985,23.8364,26.0252,6.4548,4.0199,11.9731,31.3438,12,60.2464,30.8004,76.5328,26.8958,2.0117,272.3437,12,2.1944,2.2575,0.3133,0.2303,1.6983,2.6096,12
cell_03_17,0.2647,0.269,0.0572,0.0225,0.1526,0.3744,11,-0.0329,-0.0208,0.0407,0.0094,-0.1371,0.0158,11,-0.2869,-0.3013,0.0491,0.0106,-0.3326,-0.1514,11,16.587,16.8918,3.2697,1.9576,11.7298,22.8811,12,0.1971,23.8364,26.0252,6.4548,4.0199,11.9731,31.3438,12,60.2464,30.8004,76.5328,26.8958,2.0117,272.3437,12,2.1944,2.2575,0.3133,0.2303,1.6983,2.6096,12
cell_03_18,0.2914,0.3306,0.1908,0.08,-0.2542,0.4503,12,-0.0815,-0.1017,0.104,0.0353,-0.2075,0.2203,12,-0.2798,-0.3274,0.1932,0.0711,-0.4332,0.2785,12,13.0715,13.6058,1.8476,1.5067,9.8312,15.3507,12,0.1413,23.8364,26.0252,6.4548,4.0199,11.9731,31.3438,12,60.2464,30.8004,76.5328,26.8958,2.0117,272.3437,12,2.1944,2.2575,0.3133,0.2303,1.6983,2.6096,12
cell_03_19,0.2185,0.2233,0.0512,0.0351,0.1193,0.296,12,-0.0478,-0.0223,0.061,0.021,-0.2115,0.0083,12,-0.2363,-0.2437,0.0522,0.0326,-0.3032,-0.1241,12,14.527,15.1906,2.2956,1.5602,10.2912,17.342,12,0.158,23.8364,26.0252,6.4548,4.0199,11.9731,31.3438,12,60.2464,30.8004,76.5328,26.8958,2.0117,272.3437,12,2.1944,2.2575,0.3133,0.2303,1.6983,2.6096,12
cell_04_00,0.6009,0.5718,0.1193,0.0662,0.4046,0.7961,12,-0.1792,-0.1851,0.0926,0.0931,-0.3091,-0.0479,12,-0.558,-0.5287,0.097,0.0593,-0.7188,-0.422,12,25.0531,25.9265,3.8243,1.648,17.521,32.1924,12,0.1526,23.8752,26.0813,6.4561,4.041,12.0071,31.3499,12,59.3447,30.0216,78.3186,25.7034,1.6184,283.0278,12,2.2161,2.2648,0.3122,0.2101,1.7241,2.6772,12
cell_04_01,0.2312,0.2362,0.0387,0.0154,0.1279,0.28,12,-0.0306,-0.0301,0.0292,0.0193,-0.0798,0.0191,12,-0.2464,-0.2495,0.0289,0.0165,-0.2874,-0.1744,12,25.5273,26.1344,4.3329,2.8049,17.7284,32.8452,12,0.1697,23.8752,26.0813,6.4561,4.041,12.0071,31.3499,12,59.3447,30.0216,78.3186,25.7034,1.6184,283.0278,12,2.2161,2.2648,0.3122,0.2101,1.7241,2.6772,12
cell_04_02,0.3,0.3021,0.0679,0.0346,0.147,0.3909,12,-0.0381,-0.0345,0.0512,0.0411,-0.1056,0.0525,12,-0.3369,-0.331,0.0527,0.0452,-0.4152,-0.237,12,25.1074,25.043,4.9422,2.6618,16.3847,32.4246,12,0.1968,23.8752,26.0813,6.4561,4.041,12.0071,31.3499,12,59.3447,30.0216,78.3186,25.7034,1.6184,283.0278,12,2.2161,2.2648,0.3122,0.2101,1.7241,2.6772,12
cell_04_03,0.2512,0.2492,0.046,0.0224,0.13,0.3138,12,-0.0124,-0.0062,0.0345,0.0242,-0.0593,0.0597,12,-0.2794,-0.2815,0.0349,0.0183,-0.3345,-0.1986,12,26.8274,27.9293,5.296,3.7759,17.1079,33.1921,12,0.1974,23.8752,26.0813,6.4561,4.041,12.0071,31.3499,12,59.3447,30.0216,78.3186,25.7034,1.6184,283.0278,12,2.2161,2.2648,0.3122,0.2101,1.7241,2.6772,12
cell_04_04,0.3819,0.3697,0.085,0.0523,0.2356,0.548,12,-0.06,-0.0485,0.0657,0.0379,-0.1671,0.049,12,-0.3901,-0.3814,0.0654,0.0414,-0.5137,-0.2785,12,24.9363,25.4867,3.8415,1.6162,17.8525,30.4805,12,0.1541,23.8752,26.0813,6.4561,4.041,12.0071,31.3499,12,59.3447,30.0216,78.3186,25.7034,1.6184,283.0278,12,2.2161,2.2648,0.3122,0.2101,1.7241,2.6772,12
cell_04_05,0.4508,0.4126,0.1481,0.0489,0.2432,0.8076,11,-0.0893,-0.0566,0.1055,0.0358,-0.3434,0.0471,11,-0.4518,-0.4307,0.1083,0.0334,-0.7205,-0.3169,11,32.9031,33.11,5.0592,1.7783,21.6373,41.3409,12,0.1538,23.8752,26.0813,6.4561,4.041,12.0071,31.3499,12,59.3447,30.0216,78.3186,25.7034,1.6184,283.0278,12,2.2161,2.2648,0.3122,0.2101,1.7241,2.6772,12
cell_04_06,0.1833,0.1951,0.0431,0.0101,0.0652,0.2255,11,0.0048,0.0036,0.0137,0.0115,-0.0226,0.0207,11,-0.2087,-0.2253,0.0544,0.0147,-0.2506,-0.0866,11,41.8473,43.1728,6.8302,4.0401,31.3923,55.1874,12,0.1632,23.8752,26.0813,6.4561,4.041,12.0071,31.3499,12,59.3447,30.0216,78.3186,25.7034,1.6184,283.0278,12,2.2161,2.2648,0.3122,0.2101,1.7241,2.6772,12
cell_04_07,0.2361,0.2314,0.0558,0.0065,0.1042,0.3164,11,-0.0109,-0.006,0.0267,0.0196,-0.0637,0.0213,11,-0.2817,-0.2829,0.0482,0.0096,-0.3439,-0.1583,11,44.2284,43.7621,6.7495,4.0417,33.3755,58.2224,12,0.1526,23.8752,26.0813,6.4561,4.041,12.0071,31.3499,12,59.3447,30.0216,78.3186,25.7034,1.6184,283.0278,12,2.2161,2.2648,0.3122,0.2101,1.7241,2.6772,12
cell_04_08,0.3378,0.3455,0.064,0.0323,0.2065,0.4459,11,-0.0408,-0.0472,0.042,0.02,-0.1131,0.0369,11,-0.3599,-0.3665,0.0525,0.0308,-0.4442,-0.2635,11,47.1828,48.8787,6.0612,2.556,37.3081,58.2143,12,0.1285,23.8752,26.0813,6.4561,4.041,12.0071,31.3499,12,59.3447,30.0216,78.3186,25.7034,1.6184,283.0278,12,2.2161,2.2648,0.3122,0.2101,1.7241,2.6772,12
cell_04_09,0.3038,0.313,0.0982,0.0827,0.1369,0.4695,11,-0.0115,-0.0113,0.0674,0.0597,-0.1213,0.0859,11,-0.3428,-0.342,0.0624,0.0414,-0.4548,-0.2324,11,49.8531,51.025,7.212,4.2079,38.4223,63.6636,12,0.1447,23.8752,26.0813,6.4561,4.041,12.0071,31.3499,12,59.3447,30.0216,78.3186,25.7034,1.6184,283.0278,12,2.2161,2.2648,0.3122,0.2101,1.7241,2.6772,12
cell_04_10,0.2705,0.2645,0.0865,0.0535,0.1348,0.4248,12,0.0179,0.0232,0.0607,0.0407,-0.0931,0.0986,12,-0.3267,-0.3258,0.0622,0.0401,-0.4349,-0.2333,12,38.732,37.764,5.6479,4.3695,29.3941,48.6524,12,0.1458,23.8364,26.0252,6.4548,4.0199,11.9731,31.3438,12,60.2464,30.8004,76.5328,26.8958,2.0117,272.3437,12,2.1944,2.2575,0.3133,0.2303,1.6983,2.6096,12
cell_04_11,0.1467,0.1582,0.0341,0.0094,0.0798,0.1788,11,0.012,0.0163,0.0276,0.012,-0.0507,0.0523,11,-0.1823,-0.1959,0.0408,0.0171,-0.215,-0.0957,11,25.9504,25.7802,3.7857,1.8919,19.376,33.0711,12,0.1459,23.8364,26.0252,6.4548,4.0199,11.9731,31.3438,12,60.2464,30.8004,76.5328,26.8958,2.0117,272.3437,12,2.1944,2.2575,0.3133,0.2303,1.6983,2.6096,12
cell_04_12,0.1466,0.1465,0.0482,0.0153,0.0599,0.2259,11,-0.0229,-0.0166,0.0298,0.0154,-0.0665,0.0324,11,-0.185,-0.1919,0.0405,0.0157,-0.2329,-0.0969,11,17.6669,18.381,2.9938,1.9973,12.3569,21.4772,12,0.1695,23.8364,26.0252,6.4548,4.0199,11.9731,31.3438,12,60.2464,30.8004,76.5328,26.8958,2.0117,272.3437,12,2.1944,2.2575,0.3133,0.2303,1.6983,2.6096,12
cell_04_13,0.2027,0.2058,0.0669,0.0219,0.1057,0.3397,10,-0.0272,-0.0336,0.0396,0.0159,-0.1049,0.0428,10,-0.237,-0.2484,0.0574,0.0187,-0.3365,-0.1222,10,18.9888,18.7745,4.445,3.512,11.6157,25.6008,12,0.2341,23.8364,26.0252,6.4548,4.0199,11.9731,31.3438,12,60.2464,30.8004,76.5328,26.8958,2.0117,272.3437,12,2.1944,2.2575,0.3133,0.2303,1.6983,2.6096,12
cell_04_14,0.2824,0.2809,0.0843,0.0544,0.1604,0.4485,10,-0.0363,-0.0314,0.0508,0.0246,-0.1309,0.0598,10,-0.3163,-0.3252,0.0748,0.0396,-0.4226,-0.1552,10,21.6205,20.4636,6.7793,4.9943,11.0563,33.2231,12,0.3136,23.8364,26.0252,6.4548,4.0199,11.9731,31.3438,12,60.2464,30.8004,76.5328,26.8958,2.0117,272.3437,12,2.1944,2.2575,0.3133,0.2303,1.6983,2.6096,12
cell_04_15,0.2937,0.28,0.1206,0.0494,0.1172,0.5565,11,-0.0086,-0.0169,0.0807,0.0542,-0.1654,0.1215,11,-0.3294,-0.3461,0.1065,0.0334,-0.5314,-0.1407,11,19.31,19.0213,6.2607,3.4661,9.7009,33.3401,12,0.3242,23.8364,26.0252,6.4548,4.0199,11.9731,31.3438,12,60.2464,30.8004,76.5328,26.8958,2.0117,272.3437,12,2.1944,2.2575,0.3133,0.2303,1.6983,2.6096,12
cell_04_16,0.4036,0.3953,0.1258,0.0464,0.2196,0.6852,11,-0.0511,-0.0591,0.0716,0.0626,-0.1749,0.0428,11,-0.4132,-0.4354,0.1117,0.0345,-0.6425,-0.2025,11,14.692,14.9123,3.5176,1.9818,8.9408,22.1156,12,0.2394,23.8364,26.0252,6.4548,4.0199,11.9731,31.3438,12,60.2464,30.8004,76.5328,26.8958,2.0117,272.3437,12,2.1944,2.2575,0.3133,0.2303,1.6983,2.6096,12
cell_04_17,0.3931,0.362,0.1056,0.078,0.2284,0.546,11,-0.1263,-0.1248,0.0613,0.0465,-0.2197,-0.0519,11,-0.3848,-0.3719,0.0944,0.0505,-0.5195,-0.2118,11,11.876,11.804,2.1048,1.664,8.2915,14.3307,12,0.1772,23.8364,26.0252,6.4548,4.0199,11.9731,31.3438,12,60.2464,30.8004,76.5328,26.8958,2.0117,272.3437,12,2.1944,2.2575,0.3133,0.2303,1.6983,2.6096,12
cell_04_18,0.2453,0.2646,0.0984,0.0614,0.0287,0.3602,12,-0.1435,-0.1317,0.0786,0.0351,-0.3292,-0.0443,12,-0.2297,-0.2468,0.0832,0.0534,-0.3516,-0.0883,12,12.582,12.9067,1.9672,1.4966,9.8258,15.6277,12,0.1563,23.8364,26.0252,6.4548,4.0199,11.9731,31.3438,12,60.2464,30.8004,76.5328,26.8958,2.0117,272.3437,12,2.1944,2.2575,0.3133,0.2303,1.6983,2.6096,12
cell_04_19,0.4171,0.4226,0.1316,0.1141,0.23,0.6006,12,-0.1317,-0.1214,0.0874,0.0817,-0.2644,-0.0236,12,-0.4065,-0.3994,0.1236,0.0792,-0.5768,-0.2068,12,18.979,19.081,2.887,1.3802,13.3743,24.3125,12,0.1521,23.8364,26.0252,6.4548,4.0199,11.9731,31.3438,12,60.2464,30.8004,76.5328,26.8958,2.0117,272.3437,12,2.1944,2.2575,0.3133,0.2303,1.6983,2.6096,12
cell_05_00,0.5096,0.4906,0.0842,0.0457,0.3563,0.6302,12,-0.1639,-0.168,0.0609,0.0526,-0.2433,-0.0678,12,-0.4811,-0.4611,0.0743,0.0468,-0.5937,-0.3727,12,26.2704,26.3772,3.9351,2.5692,18.7349,32.9815,12,0.1498,23.8752,26.0813,6.4561,4.041,12.0071,31.3499,12,59.3447,30.0216,78.3186,25.7034,1.6184,283.0278,12,2.2161,2.2648,0.3122,0.2101,1.7241,2.6772,12
cell_05_01,0.1527,0.1642,0.0333,0.0112,0.0681,0.192,12,-0.001,0.0,0.0211,0.0111,-0.0502,0.0306,12,-0.182,-0.1978,0.0301,0.01,-0.2104,-0.1244,12,29.7464,29.3066,4.6352,3.2495,21.6727,38.2117,12,0.1558,23.8752,26.0813,6.4561,4.041,12.0071,31.3499,12,59.3447,30.0216,78.3186,25.7034,1.6184,283.0278,12,2.2161,2.2648,0.3122,0.2101,1.7241,2.6772,12
cell_05_02,0.2926,0.296,0.0502,0.0197,0.154,0.3501,12,-0.044,-0.0458,0.0325,0.0096,-0.0859,0.0409,12,-0.3129,-0.3209,0.0392,0.024,-0.3597,-0.2255,12,32.163,32.285,5.4889,4.49,23.2966,39.6982,12,0.1707,23.8752,26.0813,6.4561,4.041,12.0071,31.3499,12,59.3447,30.0216,78.3186,25.7034,1.6184,283.0278,12,2.2161,2.2648,0.3122,0.2101,1.7241,2.6772,12
cell_05_03,0.603,0.5792,0.1397,0.0494,0.3279,0.8541,12,-0.148,-0.1412,0.1016,0.0472,-0.2943,0.0407,12,-0.5665,-0.5533,0.1073,0.0611,-0.7669,-0.3834,12,32.3108,32.8544,5.8572,3.5754,21.2339,40.9616,12,0.1813,23.8752,26.0813,6.4561,4.041,12.0071,31.3499,12,59.3447,30.0216,78.3186,25.7034,1.6184,283.0278,12,2.2161,2.2648,0.3122,0.2101,1.7241,2.6772,12
cell_05_04,0.5565,0.5436,0.138,0.0643,0.297,0.7938,12,-0.1298,-0.1296,0.1001,0.0564,-0.2781,0.0374,12,-0.5324,-0.5341,0.1057,0.0718,-0.7155,-0.3577,12,28.3305,29.023,4.0826,2.7778,20.2745,32.6484,12,0.1441,23.8752,26.0813,6.4561,4.041,12.0071,31.3499,12,59.3447,30.0216,78.3186,25.7034,1.6184,283.0278,12,2.2161,2.2648,0.3122,0.2101,1.7241,2.6772,12
cell_05_05,0.197,0.209,0.0389,0.0162,0.0946,0.2411,12,0.0185,0.0136,0.0269,0.0135,-0.0209,0.0847,12,-0.2354,-0.2496,0.0401,0.0162,-0.2767,-0.1567,12,36.9119,38.5218,5.8197,3.1315,25.0166,47.134,12,0.1577,23.8752,26.0813,6.4561,4.041,12.0071,31.3499,12,59.3447,30.0216,78.3186,25.7034,1.6184,283.0278,12,2.2161,2.2648,0.3122,0.2101,1.7241,2.6772,12
cell_05_06,0.2631,0.2818,0.0641,0.0268,0.1071,0.3339,12,-0.0164,-0.0246,0.032,0.0171,-0.0683,0.0377,12,-0.2824,-0.3114,0.0624,0.0282,-0.3554,-0.1393,12,39.6555,40.4252,6.2772,3.83,29.3159,51.4204,12,0.1583,23.8752,26.0813,6.4561,4.041,12.0071,31.3499,12,59.3447,30.0216,78.3186,25.7034,1.6184,283.0278,12,2.2161,2.2648,0.3122,0.2101,1.7241,2.6772,12
cell_05_07,0.3006,0.2951,0.0758,0.0279,0.1387,0.3992,11,-0.0547,-0.043,0.0481,0.0411,-0.1329,0.0193,11,-0.3315,-0.3354,0.0649,0.0294,-0.4099,-0.1891,11,40.9949,41.0319,5.6586,3.8518,31.6182,50.3945,12,0.138,23.8752,26.0813,6.4561,4.041,12.0071,31.3499,12,59.3447,30.0216,78.3186,25.7034,1.6184,283.0278,12,2.2161,2.2648,0.3122,0.2101,1.7241,2.6772,12
cell_05_08,0.2803,0.2794,0.0425,0.0219,0.1921,0.3463,11,-0.0268,-0.0184,0.0355,0.0197,-0.0751,0.0431,11,-0.3042,-0.3082,0.0352,0.0218,-0.3566,-0.2492,11,45.519,48.4818,6.2285,2.3259,34.0868,53.4814,12,0.1368,23.8752,26.0813,6.4561,4.041,12.0071,31.3499,12,59.3447,30.0216,78.3186,25.7034,1.6184,283.0278,12,2.2161,2.2648,0.3122,0.2101,1.7241,2.6772,12
cell_05_09,0.4565,0.4766,0.1195,0.101,0.2575,0.6847,11,-0.0571,-0.059,0.0858,0.0492,-0.2071,0.0784,11,-0.4736,-0.4746,0.0786,0.0393,-0.639,-0.3575,11,43.6426,44.4033,5.3762,3.1345,33.3055,50.6281,12,0.1232,23.8752,26.0813,6.4561,4.041,12.0071,31.3499,12,59.3447,30.0216,78.3186,25.7034,1.6184,283.0278,12,2.2161,2.2648,0.3122,0.2101,1.7241,2.6772,12
cell_05_10,0.2031,0.2051,0.0691,0.0462,0.107,0.344,11,0.0306,0.0315,0.0471,0.0378,-0.068,0.0915,11,-0.2639,-0.262,0.0416,0.0222,-0.3519,-0.2148,11,30.439,31.331,4.3243,2.8342,21.9391,35.0004,12,0.1421,23.8364,26.0252,6.4548,4.0199,11.9731,31.3438,12,60.2464,30.8004,76.5328,26.8958,2.0117,272.3437,12,2.1944,2.2575,0.3133,0.2303,1.6983,2.6096,12
cell_05_11,0.2322,0.2253,0.0523,0.0153,0.1476,0.3197,11,-0.0111,0.0048,0.0471,0.025,-0.0892,0.0701,11,-0.2833,-0.2863,0.0467,0.0172,-0.3505,-0.1778,11,21.7909,22.0986,3.438,2.4468,15.8054,27.5227,12,0.1578,23.8364,26.0252,6.4548,4.0199,11.9731,31.3438,12,60.2464,30.8004,76.5328,26.8958,2.0117,272.3437,12,2.1944,2.2575,0.3133,0.2303,1.6983,2.6096,12
cell_05_12,0.27,0.2426,0.0777,0.0293,0.1985,0.4202,11,-0.002,-0.0003,0.0695,0.0441,-0.1326,0.1037,11,-0.3331,-0.3183,0.0656,0.0345,-0.4448,-0.246,11,16.3415,16.9454,3.0732,2.063,10.3196,20.2668,12,0.1881,23.8364,26.0252,6.4548,4.0199,11.9731,31.3438,12,60.2464,30.8004,76.5328,26.8958,2.0117,272.3437,12,2.1944,2.2575,0.3133,0.2303,1.6983,2.6096,12
cell_05_13,0.383,0.3787,0.1744,0.1104,0.1268,0.7185,10,-0.0494,-0.0633,0.1277,0.1003,-0.2652,0.1367,10,-0.4114,-0.4051,0.1313,0.0981,-0.661,-0.243,10,16.4708,17.5513,2.8844,1.1069,10.6888,19.5304,12,0.1751,23.8364,26.0252,6.4548,4.0199,11.9731,31.3438,12,60.2464,30.8004,76.5328,26.8958,2.0117,272.3437,12,2.1944,2.2575,0.3133,0.2303,1.6983,2.6096,12
cell_05_14,0.4208,0.4362,0.217,0.1678,0.121,0.7934,10,-0.0714,-0.0932,0.1359,0.0996,-0.3027,0.1214,10,-0.4284,-0.4528,0.1611,0.1034,-0.7077,-0.2188,10,16.0772,16.3315,3.0267,1.8193,10.6358,20.2934,12,0.1883,23.8364,26.0252,6.4548,4.0199,11.9731,31.3438,12,60.2464,30.8004,76.5328,26.8958,2.0117,272.3437,12,2.1944,2.2575,0.3133,0.2303,1.6983,2.6096,12
cell_05_15,0.3545,0.4012,0.1202,0.1097,0.1743,0.574,11,-0.0398,-0.0503,0.0771,0.0704,-0.1563,0.0867,11,-0.3712,-0.3604,0.0975,0.0624,-0.5542,-0.1861,11,14.2352,14.5788,2.6517,1.7588,9.6236,18.5432,12,0.1863,23.8364,26.0252,6.4548,4.0199,11.9731,31.3438,12,60.2464,30.8004,76.5328,26.8958,2.0117,272.3437,12,2.1944,2.2575,0.3133,0.2303,1.6983,2.6096,12
cell_05_16,0.4542,0.4691,0.0794,0.0545,0.2855,0.5398,11,-0.1212,-0.1299,0.0469,0.0295,-0.2096,-0.0574,11,-0.4394,-0.4592,0.0878,0.0568,-0.5236,-0.248,11,11.8941,12.2069,2.341,1.3573,7.6878,15.9797,12,0.1968,23.8364,26.0252,6.4548,4.0199,11.9731,31.3438,12,60.2464,30.8004,76.5328,26.8958,2.0117,272.3437,12,2.1944,2.2575,0.3133,0.2303,1.6983,2.6096,12
cell_05_17,0.2314,0.246,0.0698,0.0532,0.1065,0.3014,11,-0.1105,-0.0894,0.0703,0.0354,-0.287,-0.0446,11,-0.2259,-0.2342,0.0595,0.0467,-0.2966,-0.1316,11,10.6796,10.5366,2.3513,1.8891,6.7139,14.6513,12,0.2202,23.8364,26.0252,6.4548,4.0199,11.9731,31.3438,12,60.2464,30.8004,76.5328,26.8958,2.0117,272.3437,12,2.1944,2.2575,0.3133,0.2303,1.6983,2.6096,12
cell_05_18,0.4394,0.4419,0.0596,0.0434,0.3372,0.5186,12,-0.1231,-0.1278,0.0484,0.0458,-0.1839,-0.0437,12,-0.418,-0.4268,0.0678,0.0505,-0.4975,-0.2962,12,14.791,14.6436,2.2064,1.4477,11.5954,18.7326,12,0.1492,23.8364,26.0252,6.4548,4.0199,11.9731,31.3438,12,60.2464,30.8004,76.5328,26.8958,2.0117,272.3437,12,2.1944,2.2575,0.3133,0.2303,1.6983,2.6096,12
cell_05_19,0.4247,0.4375,0.0738,0.0529,0.3056,0.5158,12,-0.119,-0.132,0.0542,0.0455,-0.1811,-0.0418,12,-0.4175,-0.4145,0.0789,0.0534,-0.5236,-0.272,12,22.83,22.8992,3.5008,1.9749,17.5111,29.343,12,0.1533,23.8364,26.0252,6.4548,4.0199,11.9731,31.3438,12,60.2464,30.8004,76.5328,26.8958,2.0117,272.3437,12,2.1944,2.2575,0.3133,0.2303,1.6983,2.6096,12
cell_06_00,0.3342,0.3385,0.0528,0.0264,0.1977,0.402,12,-0.0739,-0.0738,0.0294,0.0183,-0.1197,-0.0168,12,-0.3439,-0.3508,0.0448,0.0306,-0.4014,-0.2447,12,34.382,35.5788,6.064,4.163,23.4109,44.6612,12,0.1764,23.8752,26.0813,6.4561,4.041,12.0071,31.3499,12,59.3447,30.0216,78.3186,25.7034,1.6184,283.0278,12,2.2161,2.2648,0.3122,0.2101,1.7241,2.6772,12
cell_06_01,0.1956,0.2103,0.0381,0.0102,0.0888,0.2315,12,-0.0074,-0.005,0.0184,0.0125,-0.0402,0.0281,12,-0.2349,-0.2473,0.0331,0.0143,-0.269,-0.1561,12,38.2726,38.4077,5.9556,3.813,27.3586,46.9984,12,0.1556,23.8752,26.0813,6.4561,4.041,12.0071,31.3499,12,59.3447,30.0216,78.3186,25.7034,1.6184,283.0278,12,2.2161,2.2648,0.3122,0.2101,1.7241,2.6772,12
cell_06_02,0.3789,0.3818,0.0686,0.038,0.2171,0.4805,12,-0.091,-0.1014,0.0354,0.0177,-0.1303,-0.0148,12,-0.3871,-0.3897,0.0579,0.0396,-0.4777,-0.2668,12,39.7813,40.6111,6.4574,4.158,28.1351,49.6795,12,0.1623,23.8752,26.0813,6.4561,4.041,12.0071,31.3499,12,59.3447,30.0216,78.3186,25.7034,1.6184,283.0278,12,2.2161,2.2648,0.3122,0.2101,1.7241,2.6772,12
cell_06_03,0.4872,0.488,0.0915,0.0465,0.2722,0.6287,12,-0.1405,-0.1503,0.0513,0.0308,-0.2026,-0.0206,12,-0.4725,-0.479,0.0793,0.0438,-0.5998,-0.3081,12,38.665,40.7949,6.9151,4.5861,26.076,49.9765,12,0.1788,23.8752,26.0813,6.4561,4.041,12.0071,31.3499,12,59.3447,30.0216,78.3186,25.7034,1.6184,283.0278,12,2.2161,2.2648,0.3122,0.2101,1.7241,2.6772,12
cell_06_04,0.3391,0.3321,0.0773,0.0254,0.1709,0.4844,12,-0.0518,-0.0515,0.043,0.0207,-0.1311,0.0364,12,-0.3535,-0.3561,0.0663,0.0251,-0.4759,-0.227,12,40.4605,42.2218,6.1316,3.2221,26.1884,49.2951,12,0.1515,23.8752,26.0813,6.4561,4.041,12.0071,31.3499,12,59.3447,30.0216,78.3186,25.7034,1.6184,283.0278,12,2.2161,2.2648,0.3122,0.2101,1.7241,2.6772,12
cell_06_05,0.1924,0.204,0.0375,0.0117,0.0847,0.2221,12,0.0201,0.0193,0.0158,0.0072,-0.0071,0.053,12,-0.2252,-0.2397,0.0351,0.013,-0.2552,-0.1381,12,43.4964,45.4506,6.5733,2.9177,29.745,55.9178,12,0.1511,23.8752,26.0813,6.4561,4.041,12.0071,31.3499,12,59.3447,30.0216,78.3186,25.7034,1.6184,283.0278,12,2.2161,2.2648,0.3122,0.2101,1.7241,2.6772,12
cell_06_06,0.1659,0.1818,0.0395,0.0118,0.0658,0.1997,11,0.0219,0.0248,0.0111,0.007,0.0004,0.0359,11,-0.2157,-0.2332,0.044,0.0116,-0.2459,-0.1073,11,41.8328,43.2352,6.2882,3.604,30.0222,53.8373,12,0.1503,23.8752,26.0813,6.4561,4.041,12.0071,31.3499,12,59.3447,30.0216,78.3186,25.7034,1.6184,283.0278,12,2.2161,2.2648,0.3122,0.2101,1.7241,2.6772,12
cell_06_07,0.2765,0.2725,0.0721,0.0348,0.124,0.3785,11,-0.0271,-0.0209,0.0443,0.0366,-0.1017,0.0386,11,-0.3076,-0.3106,0.0591,0.0287,-0.3893,-0.1702,11,41.81,42.2072,6.0754,3.8329,30.9017,52.8252,12,0.1453,23.8752,26.0813,6.4561,4.041,12.0071,31.3499,12,59.3447,30.0216,78.3186,25.7034,1.6184,283.0278,12,2.2161,2.2648,0.3122,0.2101,1.7241,2.6772,12
cell_06_08,0.4564,0.4639,0.0806,0.0631,0.3128,0.5815,11,-0.1196,-0.1168,0.053,0.051,-0.1836,-0.0252,11,-0.4548,-0.4677,0.0686,0.0354,-0.5735,-0.3453,11,40.1544,41.5601,6.2696,3.6867,27.6005,49.916,12,0.1561,23.8752,26.0813,6.4561,4.041,12.0071,31.3499,12,59.3447,30.0216,78.3186,25.7034,1.6184,283.0278,12,2.2161,2.2648,0.3122,0.2101,1.7241,2.6772,12
cell_06_09,0.5582,0.601,0.1347,0.1173,0.3589,0.7903,11,-0.1544,-0.1576,0.0851,0.0421,-0.2849,-0.0013,11,-0.5292,-0.5692,0.1294,0.0837,-0.7325,-0.2682,11,33.258,33.4523,4.371,3.0902,24.4462,39.2933,12,0.1314,23.8752,26.0813,6.4561,4.041,12.0071,31.3499,12,59.3447,30.0216,78.3186,25.7034,1.6184,283.0278,12,2.2161,2.2648,0.3122,0.2101,1.7241,2.6772,12
cell_06_10,0.3283,0.3495,0.0971,0.0645,0.1543,0.4939,11,-0.0736,-0.0604,0.0784,0.0394,-0.2475,0.0388,11,-0.3459,-0.3831,0.1088,0.0535,-0.4874,-0.0757,11,26.9854,27.936,3.9172,2.4389,18.8154,31.3123,12,0.1452,23.8364,26.0252,6.4548,4.0199,11.9731,31.3438,12,60.2464,30.8004,76.5328,26.8958,2.0117,272.3437,12,2.1944,2.2575,0.3133,0.2303,1.6983,2.6096,12
cell_06_11,0.2663,0.2673,0.0485,0.0159,0.1803,0.3359,11,-0.0084,0.004,0.0425,0.0248,-0.0731,0.0748,11,-0.321,-0.3247,0.0454,0.0169,-0.3769,-0.2113,11,24.1031,24.3028,3.6313,2.7427,16.8412,28.8792,12,0.1507,23.8364,26.0252,6.4548,4.0199,11.9731,31.3438,12,60.2464,30.8004,76.5328,26.8958,2.0117,272.3437,12,2.1944,2.2575,0.3133,0.2303,1.6983,2.6096,12
cell_06_12,0.2171,0.2337,0.0648,0.0254,0.0602,0.2868,11,0.0097,-0.0006,0.0333,0.0252,-0.0265,0.0705,11,-0.2737,-0.289,0.0597,0.0306,-0.3293,-0.1186,11,22.9446,23.6005,3.6557,2.9192,14.9637,27.5885,12,0.1593,23.8364,26.0252,6.4548,4.0199,11.9731,31.3438,12,60.2464,30.8004,76.5328,26.8958,2.0117,272.3437,12,2.1944,2.2575,0.3133,0.2303,1.6983,2.6096,12
cell_06_13,0.2287,0.2319,0.0562,0.0348,0.1162,0.3134,10,-0.004,-0.0159,0.0363,0.0188,-0.0401,0.062,10,-0.2779,-0.2871,0.0409,0.029,-0.3474,-0.2023,10,22.2043,22.7682,3.5424,2.6976,14.109,26.2652,12,0.1595,23.8364,26.0252,6.4548,4.0199,11.9731,31.3438,12,60.2464,30.8004,76.5328,26.8958,2.0117,272.3437,12,2.1944,2.2575,0.3133,0.2303,1.6983,2.6096,12
cell_06_14,0.3177,0.3085,0.0572,0.0502,0.2229,0.385,11,-0.0636,-0.0665,0.0278,0.0165,-0.1088,-0.0132,11,-0.3334,-0.3486,0.0582,0.0418,-0.3952,-0.233,11,18.4488,18.2521,2.8744,2.2786,12.4177,21.779,12,0.1558,23.8364,26.0252,6.4548,4.0199,11.9731,31.3438,12,60.2464,30.8004,76.5328,26.8958,2.0117,272.3437,12,2.1944,2.2575,0.3133,0.2303,1.6983,2.6096,12
cell_06_15,0.4146,0.3985,0.0849,0.0572,0.2796,0.5475,11,-0.1424,-0.1356,0.062,0.0507,-0.236,-0.0387,11,-0.4021,-0.4025,0.0733,0.0464,-0.5178,-0.2912,11,13.9492,13.9125,2.3422,1.3927,9.3447,17.595,12,0.1679,23.8364,26.0252,6.4548,4.0199,11.9731,31.3438,12,60.2464,30.8004,76.5328,26.8958,2.0117,272.3437,12,2.1944,2.2575,0.3133,0.2303,1.6983,2.6096,12
cell_06_16,0.2642,0.2542,0.0988,0.0637,0.0782,0.4062,11,-0.1312,-0.1348,0.068,0.0207,-0.3069,-0.0572,11,-0.251,-0.2428,0.0836,0.0613,-0.3692,-0.1226,11,11.8382,11.7099,2.406,1.8217,7.6159,16.1326,12,0.2032,23.8364,26.0252,6.4548,4.0199,11.9731,31.3438,12,60.2464,30.8004,76.5328,26.8958,2.0117,272.3437,12,2.1944,2.2575,0.3133,0.2303,1.6983,2.6096,12
cell_06_17,0.3966,0.4114,0.0566,0.0257,0.288,0.4525,11,-0.0744,-0.064,0.0338,0.0197,-0.1382,-0.0189,11,-0.3832,-0.4027,0.0567,0.0246,-0.4318,-0.2579,11,11.3154,11.4755,2.4933,2.083,7.0601,15.4265,12,0.2204,23.8364,26.0252,6.4548,4.0199,11.9731,31.3438,12,60.2464,30.8004,76.5328,26.8958,2.0117,272.3437,12,2.1944,2.2575,0.3133,0.2303,1.6983,2.6096,12
cell_06_18,0.4296,0.4396,0.0522,0.02,0.3223,0.4898,12,-0.0613,-0.0616,0.0263,0.0217,-0.0988,-0.0068,12,-0.42,-0.4321,0.0561,0.0359,-0.4828,-0.3009,12,18.37,18.9623,2.6482,1.7624,13.5081,21.6317,12,0.1442,23.8364,26.0252,6.4548,4.0199,11.9731,31.3438,12,60.2464,30.8004,76.5328,26.8958,2.0117,272.3437,12,2.1944,2.2575,0.3133,0.2303,1.6983,2.6096,12
cell_06_19,0.3933,0.4044,0.0511,0.0248,0.28,0.4394,12,-0.0786,-0.0794,0.0325,0.0246,-0.1391,-0.0223,12,-0.396,-0.4088,0.0525,0.0146,-0.4553,-0.2576,12,28.0891,27.8964,4.4748,2.5823,21.8972,37.6854,12,0.1593,23.8364,26.0252,6.4548,4.0199,11.9731,31.3438,12,60.2464,30.8004,76.5328,26.8958,2.0117,272.3437,12,2.1944,2.2575,0.3133,0.2303,1.6983,2.6096,12
cell_07_00,0.3843,0.3876,0.0639,0.0369,0.2383,0.4826,12,-0.111,-0.1114,0.0378,0.0323,-0.161,-0.0357,12,-0.3853,-0.3924,0.0578,0.0404,-0.4771,-0.2772,12,37.7361,38.4279,7.1945,4.8889,25.2141,50.1897,12,0.1907,23.8752,26.0813,6.4561,4.041,12.0071,31.3499,12,59.3447,30.0216,78.3186,25.7034,1.6184,283.0278,12,2.2161,2.2648,0.3122,0.2101,1.7241,2.6772,12
cell_07_01,0.2069,0.2182,0.0397,0.0141,0.0975,0.2499,12,-0.0147,-0.0145,0.0204,0.0114,-0.0517,0.0226,12,-0.2395,-0.25,0.0339,0.0166,-0.2773,-0.1581,12,40.2975,41.8042,6.7896,5.1551,28.5085,50.3928,12,0.1685,23.8752,26.0813,6.4561,4.041,12.0071,31.3499,12,59.3447,30.0216,78.3186,25.7034,1.6184,283.0278,12,2.2161,2.2648,0.3122,0.2101,1.7241,2.6772,12
cell_07_02,0.1521,0.1635,0.0311,0.0096,0.0699,0.1771,12,0.01,0.0121,0.0155,0.0108,-0.0196,0.0343,12,-0.1896,-0.2044,0.0278,0.0109,-0.2171,-0.1323,12,39.8982,41.6886,6.499,5.8738,28.6881,49.3233,12,0.1629,23.8752,26.0813,6.4561,4.041,12.0071,31.3499,12,59.3447,30.0216,78.3186,25.7034,1.6184,283.0278,12,2.2161,2.2648,0.3122,0.2101,1.7241,2.6772,12
cell_07_03,0.2071,0.2088,0.0412,0.0148,0.1007,0.2538,12,-0.014,-0.0178,0.0223,0.0136,-0.0568,0.0335,12,-0.245,-0.2545,0.0389,0.0206,-0.2919,-0.1706,12,39.9389,41.3036,7.0762,5.882,26.8395,49.6132,12,0.1772,23.8752,26.0813,6.4561,4.041,12.0071,31.3499,12,59.3447,30.0216,78.3186,25.7034,1.6184,283.0278,12,2.2161,2.2648,0.3122,0.2101,1.7241,2.6772,12
cell_07_04,0.2645,0.262,0.0465,0.0171,0.1441,0.3225,12,-0.0213,-0.0168,0.0242,0.0132,-0.0608,0.0256,12,-0.2836,-0.2847,0.0415,0.0204,-0.334,-0.1931,12,46.2834,47.3471,7.3588,4.1431,30.1923,58.7549,12,0.159,23.8752,26.0813,6.4561,4.041,12.0071,31.3499,12,59.3447,30.0216,78.3186,25.7034,1.6184,283.0278,12,2.2161,2.2648,0.3122,0.2101,1.7241,2.6772,12
cell_07_05,0.169,0.1816,0.031,0.0113,0.0941,0.2007,12,0.0363,0.0351,0.0159,0.0084,0.014,0.0751,12,-0.2085,-0.2276,0.0367,0.0096,-0.2376,-0.133,12,47.3828,48.0567,7.3698,3.7806,33.8073,63.9817,12,0.1555,23.8752,26.0813,6.4561,4.041,12.0071,31.3499,12,59.3447,30.0216,78.3186,25.7034,1.6184,283.0278,12,2.2161,2.2648,0.3122,0.2101,1.7241,2.6772,12
cell_07_06,0.2132,0.2174,0.045,0.0164,0.0998,0.2682,11,0.0027,0.0007,0.0196,0.0131,-0.0241,0.0465,11,-0.2522,-0.2571,0.041,0.0272,-0.299,-0.1512,11,45.8107,46.6214,7.5013,4.935,33.6628,60.6615,12,0.1637,23.8752,26.0813,6.4561,4.041,12.0071,31.3499,12,59.3447,30.0216,78.3186,25.7034,1.6184,283.0278,12,2.2161,2.2648,0.3122,0.2101,1.7241,2.6772,12
cell_07_07,0.3103,0.3153,0.0646,0.0281,0.157,0.4087,11,-0.0662,-0.0678,0.0311,0.0332,-0.1069,-0.0108,11,-0.3315,-0.3296,0.0594,0.0227,-0.4235,-0.1879,11,44.5892,43.9744,7.4985,5.2438,33.1925,60.5264,12,0.1682,23.8752,26.0813,6.4561,4.041,12.0071,31.3499,12,59.3447,30.0216,78.3186,25.7034,1.6184,283.0278,12,2.2161,2.2648,0.3122,0.2101,1.7241,2.6772,12
cell_07_08,0.3704,0.359,0.079,0.0509,0.219,0.4872,12,-0.0984,-0.1088,0.0458,0.0362,-0.1608,-0.0242,12,-0.3725,-0.3744,0.0797,0.0512,-0.4886,-0.2176,12,39.5403,40.0611,6.7234,4.3096,27.4373,51.6828,12,0.17,23.8752,26.0813,6.4561,4.041,12.0071,31.3499,12,59.3447,30.0216,78.3186,25.7034,1.6184,283.0278,12,2.2161,2.2648,0.3122,0.2101,1.7241,2.6772,12
cell_07_09,0.2702,0.2718,0.052,0.0286,0.1804,0.3456,11,-0.0551,-0.0576,0.0279,0.0204,-0.094,-0.007,11,-0.2905,-0.2971,0.0592,0.0331,-0.3644,-0.1584,11,33.5853,33.297,5.482,3.0035,22.7132,42.0497,12,0.1632,23.8752,26.0813,6.4561,4.041,12.0071,31.3499,12,59.3447,30.0216,78.3186,25.7034,1.6184,283.0278,12,2.2161,2.2648,0.3122,0.2101,1.7241,2.6772,12
cell_07_10,0.167,0.1803,0.0415,0.0193,0.0949,0.2035,11,-0.0307,-0.0108,0.071,0.0134,-0.2351,0.0267,11,-0.1989,-0.2275,0.0649,0.0149,-0.244,-0.0273,11,30.2903,30.4307,4.7403,2.0542,19.9032,37.1965,12,0.1565,23.8364,26.0252,6.4548,4.0199,11.9731,31.3438,12,60.2464,30.8004,76.5328,26.8958,2.0117,272.3437,12,2.1944,2.2575,0.3133,0.2303,1.6983,2.6096,12
cell_07_11,0.1793,0.1929,0.0395,0.0121,0.1043,0.2155,10,0.0203,0.0212,0.0166,0.0041,-0.0152,0.0534,10,-0.2316,-0.2474,0.0444,0.0111,-0.2631,-0.1231,10,31.4522,31.6024,4.5031,2.2205,21.135,37.9481,12,0.1432,23.8364,26.0252,6.4548,4.0199,11.9731,31.3438,12,60.2464,30.8004,76.5328,26.8958,2.0117,272.3437,12,2.1944,2.2575,0.3133,0.2303,1.6983,2.6096,12
cell_07_12,0.1638,0.1754,0.0409,0.0226,0.0901,0.2054,10,0.0323,0.0322,0.0173,0.0082,0.0037,0.0702,10,-0.2152,-0.2311,0.0375,0.0126,-0.2468,-0.1331,10,30.3247,30.4023,4.8324,2.9417,20.316,38.7004,12,0.1594,23.8364,26.0252,6.4548,4.0199,11.9731,31.3438,12,60.2464,30.8004,76.5328,26.8958,2.0117,272.3437,12,2.1944,2.2575,0.3133,0.2303,1.6983,2.6096,12
cell_07_13,0.3196,0.3311,0.0562,0.0235,0.1724,0.3693,11,-0.0532,-0.0608,0.0371,0.0196,-0.0911,0.0405,11,-0.3374,-0.3523,0.0439,0.022,-0.3788,-0.2429,11,23.1881,24.3348,4.0747,3.09,14.709,28.6398,12,0.1757,23.8364,26.0252,6.4548,4.0199,11.9731,31.3438,12,60.2464,30.8004,76.5328,26.8958,2.0117,272.3437,12,2.1944,2.2575,0.3133,0.2303,1.6983,2.6096,12
cell_07_14,0.4563,0.4833,0.0564,0.0299,0.3633,0.525,11,-0.152,-0.1429,0.0355,0.0219,-0.2248,-0.092,11,-0.4322,-0.465,0.0634,0.0249,-0.49,-0.2809,11,16.9606,17.4282,3.068,1.5778,9.8827,20.9534,12,0.1809,23.8364,26.0252,6.4548,4.0199,11.9731,31.3438,12,60.2464,30.8004,76.5328,26.8958,2.0117,272.3437,12,2.1944,2.2575,0.3133,0.2303,1.6983,2.6096,12
cell_07_15,0.2117,0.2862,0.317,0.065,-0.741,0.4375,12,-0.0743,-0.1408,0.2873,0.042,-0.266,0.8144,12,-0.2008,-0.272,0.3038,0.0556,-0.4014,0.727,12,13.1152,12.9051,2.72,2.0888,7.6821,16.8578,12,0.2074,23.8364,26.0252,6.4548,4.0199,11.9731,31.3438,12,60.2464,30.8004,76.5328,26.8958,2.0117,272.3437,12,2.1944,2.2575,0.3133,0.2303,1.6983,2.6096,12
cell_07_16,0.131,0.2431,0.3617,0.0514,-1.0,0.3207,12,0.0218,-0.0373,0.3183,0.0696,-0.2223,1.0,12,-0.1369,-0.2499,0.3617,0.0459,-0.3105,1.0,12,12.7799,12.6496,3.0074,2.4911,8.1197,17.3691,12,0.2353,23.8364,26.0252,6.4548,4.0199,11.9731,31.3438,12,60.2464,30.8004,76.5328,26.8958,2.0117,272.3437,12,2.1944,2.2575,0.3133,0.2303,1.6983,2.6096,12
cell_07_17,0.4709,0.4725,0.0532,0.0263,0.3501,0.5486,12,-0.1228,-0.1204,0.0347,0.0249,-0.1857,-0.0775,12,-0.4576,-0.4768,0.0657,0.0263,-0.5175,-0.3147,12,15.2399,15.2848,3.3483,3.115,10.8284,19.3545,12,0.2197,23.8364,26.0252,6.4548,4.0199,11.9731,31.3438,12,60.2464,30.8004,76.5328,26.8958,2.0117,272.3437,12,2.1944,2.2575,0.3133,0.2303,1.6983,2.6096,12
cell_07_18,0.43,0.4442,0.0528,0.0321,0.3239,0.5213,12,-0.1151,-0.1172,0.0371,0.0303,-0.1849,-0.0678,12,-0.422,-0.4386,0.0585,0.0248,-0.5043,-0.287,12,27.9942,28.7122,3.6724,1.7712,20.3841,33.7913,12,0.1312,23.8364,26.0252,6.4548,4.0199,11.9731,31.3438,12,60.2464,30.8004,76.5328,26.8958,2.0117,272.3437,12,2.1944,2.2575,0.3133,0.2303,1.6983,2.6096,12
cell_07_19,0.2973,0.3272,0.0801,0.0486,0.1517,0.4157,12,-0.0265,-0.0284,0.0503,0.0396,-0.095,0.0757,12,-0.32,-0.3285,0.0627,0.0353,-0.4254,-0.1902,12,38.4661,37.8182,5.7021,3.5581,28.8067,49.0863,12,0.1482,23.8364,26.0252,6.4548,4.0199,11.9731,31.3438,12,60.2464,30.8004,76.5328,26.8958,2.0117,272.3437,12,2.1944,2.2575,0.3133,0.2303,1.6983,2.6096,12
cell_08_00,0.3134,0.3148,0.0541,0.0322,0.1911,0.402,12,-0.0679,-0.0665,0.0313,0.0293,-0.1179,-0.0224,12,-0.3311,-0.3322,0.0491,0.037,-0.4122,-0.2364,12,38.4489,39.6138,7.244,5.3415,27.0116,51.7206,12,0.1884,23.8752,26.0813,6.4561,4.041,12.0071,31.3499,12,59.3447,30.0216,78.3186,25.7034,1.6184,283.0278,12,2.2161,2.2648,0.3122,0.2101,1.7241,2.6772,12
cell_08_01,0.2539,0.2541,0.0419,0.0144,0.1472,0.3104,12,-0.0452,-0.0411,0.0236,0.0169,-0.0897,-0.014,12,-0.2752,-0.2809,0.0386,0.0271,-0.3249,-0.1882,12,40.3882,42.2529,7.1121,6.0325,28.9387,52.3605,12,0.1761,23.8752,26.0813,6.4561,4.041,12.0071,31.3499,12,59.3447,30.0216,78.3186,25.7034,1.6184,283.0278,12,2.2161,2.2648,0.3122,0.2101,1.7241,2.6772,12
cell_08_02,0.1283,0.1361,0.0279,0.0122,0.0595,0.1531,12,0.0169,0.0158,0.0181,0.0091,-0.0166,0.0476,12,-0.1672,-0.1773,0.0266,0.0122,-0.194,-0.1135,12,40.0246,42.0646,7.132,6.5652,27.9706,50.5816,12,0.1782,23.8752,26.0813,6.4561,4.041,12.0071,31.3499,12,59.3447,30.0216,78.3186,25.7034,1.6184,283.0278,12,2.2161,2.2648,0.3122,0.2101,1.7241,2.6772,12
cell_08_03,0.1544,0.1607,0.0282,0.013,0.0796,0.1898,12,0.0165,0.0186,0.0157,0.0117,-0.0168,0.0388,12,-0.1913,-0.2067,0.0321,0.011,-0.2227,-0.1239,12,39.0246,40.1553,6.5925,4.9424,26.7284,48.2195,12,0.1689,23.8752,26.0813,6.4561,4.041,12.0071,31.3499,12,59.3447,30.0216,78.3186,25.7034,1.6184,283.0278,12,2.2161,2.2648,0.3122,0.2101,1.7241,2.6772,12
cell_08_04,0.1645,0.1696,0.0294,0.0135,0.0943,0.203,12,0.0301,0.0364,0.0268,0.0102,-0.0396,0.0576,12,-0.2041,-0.2161,0.0325,0.0154,-0.2461,-0.1511,12,41.4587,41.2344,6.6751,3.3639,28.2084,53.5519,12,0.161,23.8752,26.0813,6.4561,4.041,12.0071,31.3499,12,59.3447,30.0216,78.3186,25.7034,1.6184,283.0278,12,2.2161,2.2648,0.3122,0.2101,1.7241,2.6772,12
cell_08_05,0.1468,0.1594,0.0331,0.0078,0.087,0.1843,11,0.0464,0.0469,0.0169,0.0103,0.0064,0.0686,11,-0.1864,-0.2041,0.0358,0.0159,-0.2256,-0.1172,11,44.8567,43.9693,7.1953,4.1303,32.2305,59.707,12,0.1604,23.8752,26.0813,6.4561,4.041,12.0071,31.3499,12,59.3447,30.0216,78.3186,25.7034,1.6184,283.0278,12,2.2161,2.2648,0.3122,0.2101,1.7241,2.6772,12
cell_08_06,0.22,0.2114,0.0506,0.0271,0.105,0.294,12,-0.0107,-0.0115,0.0313,0.0184,-0.0522,0.0467,12,-0.2591,-0.2596,0.051,0.0278,-0.3271,-0.1668,12,49.3738,48.0976,8.9415,5.7635,34.0047,64.2908,12,0.1811,23.8752,26.0813,6.4561,4.041,12.0071,31.3499,12,59.3447,30.0216,78.3186,25.7034,1.6184,283.0278,12,2.2161,2.2648,0.3122,0.2101,1.7241,2.6772,12
cell_08_07,0.2919,0.2843,0.0883,0.0399,0.1346,0.4897,12,-0.047,-0.0362,0.0405,0.0251,-0.1144,0.0149,12,-0.3184,-0.3075,0.0727,0.0312,-0.4786,-0.1854,12,48.3619,47.5252,8.454,5.8017,35.3227,64.0842,12,0.1748,23.8752,26.0813,6.4561,4.041,12.0071,31.3499,12,59.3447,30.0216,78.3186,25.7034,1.6184,283.0278,12,2.2161,2.2648,0.3122,0.2101,1.7241,2.6772,12
cell_08_08,0.385,0.371,0.0854,0.0511,0.2333,0.535,11,-0.1043,-0.113,0.041,0.0365,-0.1608,-0.0313,11,-0.3869,-0.39,0.0829,0.0442,-0.5252,-0.2703,11,42.9772,45.0826,7.319,6.2411,29.86,53.9167,12,0.1703,23.8752,26.0813,6.4561,4.041,12.0071,31.3499,12,59.3447,30.0216,78.3186,25.7034,1.6184,283.0278,12,2.2161,2.2648,0.3122,0.2101,1.7241,2.6772,12
cell_08_09,0.2092,0.218,0.0407,0.018,0.1367,0.2644,11,-0.0261,-0.0283,0.0295,0.0146,-0.093,0.0215,11,-0.2374,-0.2545,0.0474,0.0121,-0.2898,-0.1451,11,39.4373,40.1443,6.0875,3.4099,26.9188,48.5313,12,0.1544,23.8752,26.0813,6.4561,4.041,12.0071,31.3499,12,59.3447,30.0216,78.3186,25.7034,1.6184,283.0278,12,2.2161,2.2648,0.3122,0.2101,1.7241,2.6772,12
cell_08_10,0.1606,0.1637,0.0414,0.0227,0.0751,0.2131,11,-0.0014,0.0006,0.0315,0.0184,-0.0735,0.0463,11,-0.2025,-0.2235,0.0549,0.0152,-0.2533,-0.0813,11,37.1081,36.9962,5.2672,3.5151,27.1875,46.2474,12,0.1419,23.8364,26.0252,6.4548,4.0199,11.9731,31.3438,12,60.2464,30.8004,76.5328,26.8958,2.0117,272.3437,12,2.1944,2.2575,0.3133,0.2303,1.6983,2.6096,12
cell_08_11,0.2981,0.3056,0.0637,0.0368,0.1752,0.3808,10,-0.0423,-0.0414,0.0245,0.0152,-0.0772,0.0071,10,-0.3236,-0.3394,0.0667,0.0284,-0.3956,-0.1634,10,37.1955,37.2602,4.5532,3.6634,29.122,43.6209,12,0.1224,23.8364,26.0252,6.4548,4.0199,11.9731,31.3438,12,60.2464,30.8004,76.5328,26.8958,2.0117,272.3437,12,2.1944,2.2575,0.3133,0.2303,1.6983,2.6096,12
cell_08_12,0.2571,0.2688,0.0578,0.035,0.1587,0.3502,11,-0.0194,-0.0156,0.0324,0.014,-0.0856,0.0406,11,-0.2903,-0.3046,0.0522,0.023,-0.3704,-0.1904,11,30.0107,29.8923,3.1306,1.9023,24.97,35.8356,12,0.1043,23.8364,26.0252,6.4548,4.0199,11.9731,31.3438,12,60.2464,30.8004,76.5328,26.8958,2.0117,272.3437,12,2.1944,2.2575,0.3133,0.2303,1.6983,2.6096,12
cell_08_13,0.5851,0.589,0.1051,0.0918,0.3894,0.7241,11,-0.1901,-0.218,0.0738,0.0358,-0.2921,-0.0182,11,-0.5307,-0.5601,0.0988,0.0503,-0.6568,-0.3719,11,18.8852,18.8385,2.7815,2.0226,13.7488,22.6754,12,0.1473,23.8364,26.0252,6.4548,4.0199,11.9731,31.3438,12,60.2464,30.8004,76.5328,26.8958,2.0117,272.3437,12,2.1944,2.2575,0.3133,0.2303,1.6983,2.6096,12
cell_08_14,0.2044,0.294,0.3146,0.0285,-0.7824,0.3818,12,-0.067,-0.1378,0.2889,0.0839,-0.2711,0.8069,12,-0.1896,-0.2891,0.306,0.0224,-0.3539,0.7696,12,14.2062,14.1642,2.5599,1.7058,9.4426,18.9701,12,0.1802,23.8364,26.0252,6.4548,4.0199,11.9731,31.3438,12,60.2464,30.8004,76.5328,26.8958,2.0117,272.3437,12,2.1944,2.2575,0.3133,0.2303,1.6983,2.6096,12
cell_08_15,0.1833,0.2143,0.1338,0.0373,-0.2105,0.294,12,-0.0493,-0.0671,0.1352,0.0286,-0.2146,0.3512,12,-0.2123,-0.2241,0.1169,0.0503,-0.3248,0.1301,12,14.2776,13.9569,2.8412,2.0532,8.3567,18.8806,12,0.199,23.8364,26.0252,6.4548,4.0199,11.9731,31.3438,12,60.2464,30.8004,76.5328,26.8958,2.0117,272.3437,12,2.1944,2.2575,0.3133,0.2303,1.6983,2.6096,12
cell_08_16,0.4133,0.427,0.0625,0.0237,0.2712,0.4973,12,-0.0946,-0.0942,0.0405,0.0201,-0.157,-0.0107,12,-0.4166,-0.4308,0.0552,0.0276,-0.4899,-0.32,12,19.916,19.9805,3.5595,2.8612,11.5337,23.4761,12,0.1787,23.8364,26.0252,6.4548,4.0199,11.9731,31.3438,12,60.2464,30.8004,76.5328,26.8958,2.0117,272.3437,12,2.1944,2.2575,0.3133,0.2303,1.6983,2.6096,12
cell_08_17,0.3869,0.388,0.0504,0.0154,0.2479,0.4434,12,-0.1142,-0.1125,0.0208,0.0143,-0.1518,-0.0852,12,-0.3796,-0.3877,0.0567,0.0304,-0.4365,-0.2371,12,29.4143,29.9911,4.1857,1.5322,21.2578,37.1603,12,0.1423,23.8364,26.0252,6.4548,4.0199,11.9731,31.3438,12,60.2464,30.8004,76.5328,26.8958,2.0117,272.3437,12,2.1944,2.2575,0.3133,0.2303,1.6983,2.6096,12
cell_08_18,0.2592,0.271,0.0401,0.0146,0.1746,0.2991,12,-0.0331,-0.037,0.0153,0.0063,-0.0536,0.0023,12,-0.2689,-0.2854,0.0424,0.0204,-0.3118,-0.1799,12,42.8132,42.4151,6.2241,4.1213,31.9794,52.7199,12,0.1454,23.8364,26.0252,6.4548,4.0199,11.9731,31.3438,12,60.2464,30.8004,76.5328,26.8958,2.0117,272.3437,12,2.1944,2.2575,0.3133,0.2303,1.6983,2.6096,12
cell_08_19,0.3058,0.3158,0.0495,0.0217,0.2124,0.3835,12,-0.0449,-0.0401,0.0342,0.0254,-0.091,0.0161,12,-0.3157,-0.3311,0.0498,0.0136,-0.388,-0.2104,12,44.0529,44.7872,6.7979,5.0717,30.6728,54.8405,12,0.1543,23.8364,26.0252,6.4548,4.0199,11.9731,31.3438,12,60.2464,30.8004,76.5328,26.8958,2.0117,272.3437,12,2.1944,2.2575,0.3133,0.2303,1.6983,2.6096,12
cell_09_00,0.2641,0.2696,0.0443,0.0203,0.1637,0.3206,11,-0.0547,-0.0481,0.0288,0.0171,-0.1076,-0.0177,11,-0.2843,-0.2952,0.04,0.0266,-0.3381,-0.2091,11,42.1719,43.9507,8.3053,6.5556,28.8652,55.2296,12,0.1969,23.8752,26.0813,6.4561,4.041,12.0071,31.3499,12,59.3447,30.0216,78.3186,25.7034,1.6184,283.0278,12,2.2161,2.2648,0.3122,0.2101,1.7241,2.6772,12
cell_09_01,0.3031,0.3053,0.0484,0.0224,0.1836,0.3672,12,-0.0592,-0.0602,0.0262,0.0196,-0.1023,-0.0185,12,-0.3183,-0.3264,0.0437,0.0282,-0.3779,-0.2249,12,42.5622,43.8669,7.6446,5.1485,30.7789,54.9194,12,0.1796,23.8752,26.0813,6.4561,4.041,12.0071,31.3499,12,59.3447,30.0216,78.3186,25.7034,1.6184,283.0278,12,2.2161,2.2648,0.3122,0.2101,1.7241,2.6772,12
cell_09_02,0.3604,0.3649,0.0626,0.0274,0.208,0.4523,12,-0.0807,-0.0885,0.0344,0.0246,-0.1246,-0.0079,12,-0.3708,-0.381,0.056,0.0249,-0.4593,-0.2543,12,41.4368,43.0243,6.8127,4.5804,29.2172,52.0528,12,0.1644,23.8752,26.0813,6.4561,4.041,12.0071,31.3499,12,59.3447,30.0216,78.3186,25.7034,1.6184,283.0278,12,2.2161,2.2648,0.3122,0.2101,1.7241,2.6772,12
cell_09_03,0.5601,0.5567,0.1137,0.0506,0.3183,0.7388,12,-0.1655,-0.1679,0.0665,0.028,-0.2482,-0.0247,12,-0.5327,-0.5327,0.1001,0.057,-0.6934,-0.3522,12,39.3197,40.0512,6.0222,3.4464,28.2391,50.4453,12,0.1532,23.8752,26.0813,6.4561,4.041,12.0071,31.3499,12,59.3447,30.0216,78.3186,25.7034,1.6184,283.0278,12,2.2161,2.2648,0.3122,0.2101,1.7241,2.6772,12
cell_09_04,0.3322,0.3238,0.0743,0.0351,0.1724,0.4615,12,-0.0316,-0.0248,0.0468,0.0299,-0.1134,0.0464,12,-0.3631,-0.3573,0.0553,0.0269,-0.4643,-0.2494,12,38.2634,39.4716,5.7023,3.2517,26.3329,48.4356,12,0.149,23.8752,26.0813,6.4561,4.041,12.0071,31.3499,12,59.3447,30.0216,78.3186,25.7034,1.6184,283.0278,12,2.2161,2.2648,0.3122,0.2101,1.7241,2.6772,12
cell_09_05,0.2055,0.2223,0.0562,0.0125,0.067,0.2662,12,0.0121,0.0088,0.0314,0.0136,-0.0245,0.0915,12,-0.2389,-0.2564,0.055,0.0212,-0.2973,-0.0994,12,41.5024,42.5983,6.0485,3.8524,29.4731,53.0568,12,0.1457,23.8752,26.0813,6.4561,4.041,12.0071,31.3499,12,59.3447,30.0216,78.3186,25.7034,1.6184,283.0278,12,2.2161,2.2648,0.3122,0.2101,1.7241,2.6772,12
cell_09_06,0.3931,0.3908,0.0681,0.0359,0.2377,0.4836,11,-0.1057,-0.1022,0.0389,0.0289,-0.1607,-0.027,11,-0.3897,-0.3959,0.0647,0.0304,-0.4747,-0.2635,11,44.0073,45.9424,7.2222,6.334,32.3108,56.0887,12,0.1641,23.8752,26.0813,6.4561,4.041,12.0071,31.3499,12,59.3447,30.0216,78.3186,25.7034,1.6184,283.0278,12,2.2161,2.2648,0.3122,0.2101,1.7241,2.6772,12
cell_09_07,0.4558,0.452,0.0917,0.0271,0.2881,0.6254,11,-0.0953,-0.0739,0.0513,0.0099,-0.1857,-0.0165,11,-0.4585,-0.4715,0.0846,0.0525,-0.6069,-0.3223,11,42.6786,43.7481,6.7539,5.3415,32.9476,54.6208,12,0.1583,23.8752,26.0813,6.4561,4.041,12.0071,31.3499,12,59.3447,30.0216,78.3186,25.7034,1.6184,283.0278,12,2.2161,2.2648,0.3122,0.2101,1.7241,2.6772,12
cell_09_08,0.3303,0.3345,0.0769,0.0263,0.1877,0.4507,11,-0.069,-0.0674,0.0421,0.0344,-0.1255,0.0069,11,-0.3421,-0.3545,0.0753,0.031,-0.45,-0.209,11,41.121,42.5099,7.2367,5.6872,27.9748,51.8886,12,0.176,23.8752,26.0813,6.4561,4.041,12.0071,31.3499,12,59.3447,30.0216,78.3186,25.7034,1.6184,283.0278,12,2.2161,2.2648,0.3122,0.2101,1.7241,2.6772,12
cell_09_09,0.2798,0.2885,0.0676,0.0293,0.1671,0.3858,11,-0.0576,-0.0548,0.0397,0.0271,-0.1258,0.0195,11,-0.2963,-0.3126,0.0753,0.0289,-0.4019,-0.1553,11,42.5593,44.2206,6.7925,3.6945,28.2598,53.7146,12,0.1596,23.8752,26.0813,6.4561,4.041,12.0071,31.3499,12,59.3447,30.0216,78.3186,25.7034,1.6184,283.0278,12,2.2161,2.2648,0.3122,0.2101,1.7241,2.6772,12
cell_09_10,0.1837,0.185,0.0516,0.0132,0.1039,0.2794,11,0.0039,0.0082,0.0308,0.0164,-0.0409,0.0604,11,-0.2291,-0.244,0.0637,0.0158,-0.3214,-0.1147,11,42.0081,42.8359,6.5806,3.7564,28.2879,53.993,12,0.1567,23.8364,26.0252,6.4548,4.0199,11.9731,31.3438,12,60.2464,30.8004,76.5328,26.8958,2.0117,272.3437,12,2.1944,2.2575,0.3133,0.2303,1.6983,2.6096,12
cell_09_11,0.1974,0.1923,0.0532,0.0139,0.1237,0.2849,10,0.0013,0.0161,0.0431,0.0208,-0.0879,0.0486,10,-0.2436,-0.2476,0.0471,0.0136,-0.3162,-0.1472,10,36.5481,37.5323,4.2619,3.1145,29.2156,43.2698,12,0.1166,23.8364,26.0252,6.4548,4.0199,11.9731,31.3438,12,60.2464,30.8004,76.5328,26.8958,2.0117,272.3437,12,2.1944,2.2575,0.3133,0.2303,1.6983,2.6096,12
cell_09_12,0.3994,0.4184,0.0772,0.0411,0.258,0.5007,11,-0.1022,-0.1089,0.0396,0.0178,-0.147,-0.007,11,-0.3983,-0.4174,0.0785,0.0345,-0.5041,-0.2587,11,27.4427,28.0268,1.6543,0.5349,23.2046,29.056,12,0.0603,23.8364,26.0252,6.4548,4.0199,11.9731,31.3438,12,60.2464,30.8004,76.5328,26.8958,2.0117,272.3437,12,2.1944,2.2575,0.3133,0.2303,1.6983,2.6096,12
cell_09_13,0.3257,0.3477,0.0588,0.0207,0.2013,0.3976,12,-0.1567,-0.1732,0.0738,0.0669,-0.2779,-0.0228,12,-0.2916,-0.3131,0.0543,0.0164,-0.3531,-0.1833,12,18.7355,18.8965,2.1677,1.3704,15.2148,22.4806,12,0.1157,23.8364,26.0252,6.4548,4.0199,11.9731,31.3438,12,60.2464,30.8004,76.5328,26.8958,2.0117,272.3437,12,2.1944,2.2575,0.3133,0.2303,1.6983,2.6096,12
cell_09_14,0.2454,0.2736,0.0772,0.05,0.1055,0.327,12,-0.0788,-0.0742,0.052,0.0396,-0.1685,0.0283,12,-0.2493,-0.2541,0.0749,0.0606,-0.3283,-0.0925,12,18.2558,18.2272,3.2061,2.6864,13.8395,23.8315,12,0.1756,23.8364,26.0252,6.4548,4.0199,11.9731,31.3438,12,60.2464,30.8004,76.5328,26.8958,2.0117,272.3437,12,2.1944,2.2575,0.3133,0.2303,1.6983,2.6096,12
cell_09_15,0.4202,0.4298,0.0516,0.022,0.3072,0.4981,12,-0.1165,-0.1137,0.0261,0.0138,-0.1651,-0.0625,12,-0.4212,-0.4438,0.0586,0.0197,-0.4846,-0.2974,12,26.6263,26.8916,4.2883,3.1659,18.4932,32.978,12,0.1611,23.8364,26.0252,6.4548,4.0199,11.9731,31.3438,12,60.2464,30.8004,76.5328,26.8958,2.0117,272.3437,12,2.1944,2.2575,0.3133,0.2303,1.6983,2.6096,12
cell_09_16,0.2594,0.2696,0.0524,0.0274,0.1495,0.3204,12,-0.0313,-0.0302,0.0354,0.0156,-0.1006,0.04,12,-0.281,-0.2971,0.0466,0.0162,-0.3405,-0.1888,12,38.172,39.3579,4.9682,2.0064,27.6405,44.1824,12,0.1302,23.8364,26.0252,6.4548,4.0199,11.9731,31.3438,12,60.2464,30.8004,76.5328,26.8958,2.0117,272.3437,12,2.1944,2.2575,0.3133,0.2303,1.6983,2.6096,12
cell_09_17,0.1546,0.1611,0.0327,0.0199,0.0851,0.1901,12,0.026,0.0276,0.0196,0.0076,-0.0169,0.0695,12,-0.1938,-0.2053,0.0326,0.0144,-0.2341,-0.136,12,48.8705,49.8428,7.3721,4.471,36.838,60.7522,12,0.1509,23.8364,26.0252,6.4548,4.0199,11.9731,31.3438,12,60.2464,30.8004,76.5328,26.8958,2.0117,272.3437,12,2.1944,2.2575,0.3133,0.2303,1.6983,2.6096,12
cell_09_18,0.2397,0.2465,0.0357,0.0099,0.171,0.2924,12,-0.0304,-0.023,0.0309,0.0169,-0.0779,0.0336,12,-0.2614,-0.2733,0.0349,0.0213,-0.3115,-0.2095,12,47.6151,47.6703,7.5946,7.0867,35.8566,60.5904,12,0.1595,23.8364,26.0252,6.4548,4.0199,11.9731,31.3438,12,60.2464,30.8004,76.5328,26.8958,2.0117,272.3437,12,2.1944,2.2575,0.3133,0.2303,1.6983,2.6096,12
cell_09_19,0.4599,0.4444,0.093,0.0498,0.3267,0.6524,12,-0.0929,-0.0821,0.074,0.0576,-0.2013,0.0444,12,-0.4543,-0.4471,0.0766,0.0398,-0.6118,-0.3304,12,36.1979,35.5971,5.8824,3.07,27.0216,45.6051,12,0.1625,23.8364,26.0252,6.4548,4.0199,11.9731,31.3438,12,60.2464,30.8004,76.5328,26.8958,2.0117,272.3437,12,2.1944,2.2575,0.3133,0.2303,1.6983,2.6096,12
cell_10_00,0.2045,0.2299,0.0671,0.0171,0.0421,0.2599,12,-0.0207,-0.0256,0.0368,0.0157,-0.0787,0.0706,12,-0.236,-0.259,0.0576,0.0222,-0.286,-0.1126,12,51.7155,52.4983,9.4523,8.6175,38.6461,68.8093,12,0.1828,23.8752,26.0813,6.4561,4.041,12.0071,31.3499,12,59.3447,30.0216,78.3186,25.7034,1.6184,283.0278,12,2.2161,2.2648,0.3122,0.2101,1.7241,2.6772,12
cell_10_01,0.3142,0.3296,0.0539,0.0186,0.1845,0.3781,12,-0.0777,-0.0777,0.0295,0.0167,-0.1293,-0.0161,12,-0.327,-0.3444,0.05,0.0192,-0.3917,-0.2279,12,49.7374,50.7685,7.6422,6.5089,37.9712,60.6332,12,0.1537,23.8752,26.0813,6.4561,4.041,12.0071,31.3499,12,59.3447,30.0216,78.3186,25.7034,1.6184,283.0278,12,2.2161,2.2648,0.3122,0.2101,1.7241,2.6772,12
cell_10_02,0.44,0.4423,0.0713,0.0341,0.2766,0.5523,12,-0.1057,-0.1136,0.0463,0.0312,-0.1568,0.0038,12,-0.4358,-0.4406,0.0623,0.0438,-0.5404,-0.3253,12,44.5956,45.4716,6.2344,4.5434,34.1995,53.8171,12,0.1398,23.8752,26.0813,6.4561,4.041,12.0071,31.3499,12,59.3447,30.0216,78.3186,25.7034,1.6184,283.0278,12,2.2161,2.2648,0.3122,0.2101,1.7241,2.6772,12
cell_10_03,0.4997,0.4972,0.0857,0.0402,0.3168,0.6333,12,-0.129,-0.1407,0.0526,0.0453,-0.1883,-0.0232,12,-0.4762,-0.4811,0.0701,0.0464,-0.5881,-0.3481,12,41.0525,41.5298,6.1756,3.4568,30.6617,52.9976,12,0.1504,23.8752,26.0813,6.4561,4.041,12.0071,31.3499,12,59.3447,30.0216,78.3186,25.7034,1.6184,283.0278,12,2.2161,2.2648,0.3122,0.2101,1.7241,2.6772,12
cell_10_04,0.3684,0.3573,0.0815,0.0246,0.2032,0.53,12,-0.0803,-0.0845,0.0491,0.0323,-0.1658,0.0075,12,-0.3774,-0.3756,0.0641,0.0336,-0.5023,-0.262,12,40.5579,41.3645,6.4821,3.4847,27.166,52.8403,12,0.1598,23.8752,26.0813,6.4561,4.041,12.0071,31.3499,12,59.3447,30.0216,78.3186,25.7034,1.6184,283.0278,12,2.2161,2.2648,0.3122,0.2101,1.7241,2.6772,12
cell_10_05,0.2651,0.2658,0.0532,0.0195,0.133,0.3311,11,-0.0448,-0.046,0.0275,0.0154,-0.0832,0.0131,11,-0.2904,-0.2966,0.0473,0.0253,-0.3503,-0.1898,11,39.7625,39.622,6.4349,4.0518,27.6487,52.495,12,0.1618,23.8752,26.0813,6.4561,4.041,12.0071,31.3499,12,59.3447,30.0216,78.3186,25.7034,1.6184,283.0278,12,2.2161,2.2648,0.3122,0.2101,1.7241,2.6772,12
cell_10_06,0.499,0.495,0.1027,0.0475,0.3222,0.6837,11,-0.1799,-0.1766,0.0581,0.0512,-0.275,-0.0843,11,-0.4697,-0.4636,0.0966,0.0527,-0.6469,-0.3212,11,36.4088,36.3601,5.4457,2.8046,28.2807,47.3345,12,0.1496,23.8752,26.0813,6.4561,4.041,12.0071,31.3499,12,59.3447,30.0216,78.3186,25.7034,1.6184,283.0278,12,2.2161,2.2648,0.3122,0.2101,1.7241,2.6772,12
cell_10_07,0.4224,0.4285,0.0846,0.026,0.2851,0.5926,11,-0.0945,-0.0907,0.0353,0.0158,-0.1642,-0.0268,11,-0.4259,-0.4418,0.0847,0.0238,-0.582,-0.2835,11,34.9538,35.1172,4.8641,2.3916,27.3228,45.1375,12,0.1392,23.8752,26.0813,6.4561,4.041,12.0071,31.3499,12,59.3447,30.0216,78.3186,25.7034,1.6184,283.0278,12,2.2161,2.2648,0.3122,0.2101,1.7241,2.6772,12
cell_10_08,0.2313,0.2389,0.0531,0.0202,0.1281,0.3028,11,-0.0241,-0.0175,0.028,0.0183,-0.0777,0.0211,11,-0.2569,-0.2776,0.0553,0.0219,-0.3219,-0.133,11,38.1803,39.1258,6.9149,4.0122,26.1707,51.4068,12,0.1811,23.8752,26.0813,6.4561,4.041,12.0071,31.3499,12,59.3447,30.0216,78.3186,25.7034,1.6184,283.0278,12,2.2161,2.2648,0.3122,0.2101,1.7241,2.6772,12
cell_10_09,0.2156,0.2214,0.0578,0.0232,0.1215,0.2932,10,-0.014,-0.0196,0.0279,0.0149,-0.0523,0.0432,10,-0.2506,-0.2631,0.0579,0.0224,-0.3267,-0.1259,10,39.7804,40.7017,7.0501,3.8716,26.6676,53.0366,12,0.1772,23.8752,26.0813,6.4561,4.041,12.0071,31.3499,12,59.3447,30.0216,78.3186,25.7034,1.6184,283.0278,12,2.2161,2.2648,0.3122,0.2101,1.7241,2.6772,12
cell_10_10,0.0971,0.0939,0.0316,0.0226,0.0524,0.1495,11,0.036,0.0374,0.0148,0.0042,-0.0033,0.0527,11,-0.1421,-0.1537,0.0478,0.0244,-0.1917,-0.028,11,35.6006,36.1285,6.0143,3.8092,25.5357,47.5958,12,0.1689,23.8364,26.0252,6.4548,4.0199,11.9731,31.3438,12,60.2464,30.8004,76.5328,26.8958,2.0117,272.3437,12,2.1944,2.2575,0.3133,0.2303,1.6983,2.6096,12
cell_10_11,0.2707,0.2794,0.0597,0.0328,0.1695,0.3467,10,-0.0644,-0.0701,0.0339,0.0229,-0.1191,-0.0126,10,-0.2955,-0.3061,0.0548,0.0254,-0.3684,-0.1821,10,31.1175,29.5185,4.6972,2.6482,24.0152,41.1759,12,0.151,23.8364,26.0252,6.4548,4.0199,11.9731,31.3438,12,60.2464,30.8004,76.5328,26.8958,2.0117,272.3437,12,2.1944,2.2575,0.3133,0.2303,1.6983,2.6096,12
cell_10_12,0.1816,0.1375,0.1302,0.0834,0.0364,0.3771,11,-0.1705,-0.1657,0.0636,0.0445,-0.2595,-0.0688,11,-0.1753,-0.1538,0.1206,0.0816,-0.3512,-0.0238,11,26.5796,26.6738,2.8661,1.334,19.9515,31.8115,12,0.1078,23.8364,26.0252,6.4548,4.0199,11.9731,31.3438,12,60.2464,30.8004,76.5328,26.8958,2.0117,272.3437,12,2.1944,2.2575,0.3133,0.2303,1.6983,2.6096,12
cell_10_13,0.2427,0.2664,0.0927,0.0702,0.076,0.3503,12,-0.0678,-0.0616,0.0681,0.0341,-0.2008,0.0357,12,-0.2477,-0.2642,0.0784,0.0651,-0.3369,-0.1379,12,23.6136,23.5745,2.5257,1.4866,18.4064,28.4443,12,0.107,23.8364,26.0252,6.4548,4.0199,11.9731,31.3438,12,60.2464,30.8004,76.5328,26.8958,2.0117,272.3437,12,2.1944,2.2575,0.3133,0.2303,1.6983,2.6096,12
cell_10_14,0.3361,0.341,0.0575,0.0212,0.2304,0.4376,12,-0.0613,-0.0654,0.0336,0.0235,-0.1067,0.0025,12,-0.3731,-0.3868,0.0601,0.0177,-0.4762,-0.2673,12,26.1839,26.4398,3.2723,1.2076,19.6346,32.2403,12,0.125,23.8364,26.0252,6.4548,4.0199,11.9731,31.3438,12,60.2464,30.8004,76.5328,26.8958,2.0117,272.3437,12,2.1944,2.2575,0.3133,0.2303,1.6983,2.6096,12
cell_10_15,0.3218,0.3167,0.0585,0.0247,0.2072,0.4188,12,-0.0506,-0.0507,0.0338,0.0319,-0.1034,-0.0062,12,-0.3373,-0.3438,0.0588,0.0268,-0.4242,-0.2035,12,37.6384,36.171,5.8095,2.5852,27.031,49.3239,12,0.1543,23.8364,26.0252,6.4548,4.0199,11.9731,31.3438,12,60.2464,30.8004,76.5328,26.8958,2.0117,272.3437,12,2.1944,2.2575,0.3133,0.2303,1.6983,2.6096,12
cell_10_16,0.3072,0.3057,0.0523,0.0219,0.2203,0.4126,12,-0.0342,-0.0302,0.031,0.0172,-0.0876,0.0168,12,-0.3205,-0.3284,0.0512,0.03,-0.4036,-0.2369,12,49.2935,48.6418,9.0111,6.8453,38.8269,68.0878,12,0.1828,23.8364,26.0252,6.4548,4.0199,11.9731,31.3438,12,60.2464,30.8004,76.5328,26.8958,2.0117,272.3437,12,2.1944,2.2575,0.3133,0.2303,1.6983,2.6096,12
cell_10_17,0.3222,0.3313,0.0488,0.0336,0.2395,0.407,11,-0.0695,-0.0669,0.0352,0.0252,-0.1105,0.0043,11,-0.3388,-0.3563,0.0499,0.0322,-0.4216,-0.2526,11,48.8288,47.7125,7.7109,6.0912,40.1504,63.9482,12,0.1579,23.8364,26.0252,6.4548,4.0199,11.9731,31.3438,12,60.2464,30.8004,76.5328,26.8958,2.0117,272.3437,12,2.1944,2.2575,0.3133,0.2303,1.6983,2.6096,12
cell_10_18,0.3879,0.3715,0.0954,0.037,0.2587,0.5748,12,-0.0748,-0.0619,0.0607,0.0392,-0.1684,0.0208,12,-0.3919,-0.3915,0.0776,0.0517,-0.5262,-0.2666,12,40.7155,38.8025,5.9351,3.5344,32.3541,50.5848,12,0.1458,23.8364,26.0252,6.4548,4.0199,11.9731,31.3438,12,60.2464,30.8004,76.5328,26.8958,2.0117,272.3437,12,2.1944,2.2575,0.3133,0.2303,1.6983,2.6096,12
cell_10_19,0.4344,0.4086,0.1227,0.0637,0.2671,0.6429,12,-0.0444,-0.0288,0.0908,0.0777,-0.1715,0.0838,12,-0.4391,-0.4285,0.0909,0.05,-0.601,-0.3117,12,34.0348,32.8044,5.0455,1.9816,24.7727,43.4835,12,0.1482,23.8364,26.0252,6.4548,4.0199,11.9731,31.3438,12,60.2464,30.8004,76.5328,26.8958,2.0117,272.3437,12,2.1944,2.2575,0.3133,0.2303,1.6983,2.6096,12
cell_11_00,0.2798,0.2928,0.0483,0.0149,0.1682,0.3428,12,-0.0473,-0.0456,0.0279,0.0167,-0.0955,0.0034,12,-0.3033,-0.3189,0.0444,0.0175,-0.3606,-0.2175,12,57.0685,54.8659,11.783,7.922,41.5213,81.2169,12,0.2065,23.8752,26.0813,6.4561,4.041,12.0071,31.3499,12,59.3447,30.0216,78.3186,25.7034,1.6184,283.0278,12,2.2161,2.2648,0.3122,0.2101,1.7241,2.6772,12
cell_11_01,0.3341,0.3309,0.0573,0.0295,0.1988,0.4171,12,-0.068,-0.0637,0.0374,0.0301,-0.1196,0.0035,12,-0.3498,-0.3507,0.0486,0.0388,-0.4153,-0.252,12,54.4678,54.1466,9.1513,7.1121,39.6453,69.399,12,0.168,23.8752,26.0813,6.4561,4.041,12.0071,31.3499,12,59.3447,30.0216,78.3186,25.7034,1.6184,283.0278,12,2.2161,2.2648,0.3122,0.2101,1.7241,2.6772,12
cell_11_02,0.4426,0.4374,0.0856,0.0335,0.263,0.5692,12,-0.1212,-0.1281,0.0486,0.044,-0.1797,-0.0305,12,-0.4381,-0.4437,0.0776,0.0515,-0.5563,-0.3012,12,47.8522,49.0053,6.9715,5.776,35.1442,58.6375,12,0.1457,23.8752,26.0813,6.4561,4.041,12.0071,31.3499,12,59.3447,30.0216,78.3186,25.7034,1.6184,283.0278,12,2.2161,2.2648,0.3122,0.2101,1.7241,2.6772,12
cell_11_03,0.3752,0.3893,0.0755,0.0494,0.2071,0.4669,12,-0.0901,-0.0964,0.042,0.0352,-0.1412,-0.016,12,-0.3777,-0.3926,0.0669,0.0471,-0.4562,-0.2469,12,44.095,43.482,7.6641,4.4967,32.1224,58.9299,12,0.1738,23.8752,26.0813,6.4561,4.041,12.0071,31.3499,12,59.3447,30.0216,78.3186,25.7034,1.6184,283.0278,12,2.2161,2.2648,0.3122,0.2101,1.7241,2.6772,12
cell_11_04,0.379,0.3815,0.0678,0.0357,0.2247,0.4852,12,-0.0894,-0.1043,0.0413,0.0238,-0.1313,-0.0008,12,-0.3845,-0.3956,0.0597,0.0322,-0.4822,-0.272,12,42.8701,43.7122,7.1127,4.6107,30.14,57.4862,12,0.1659,23.8752,26.0813,6.4561,4.041,12.0071,31.3499,12,59.3447,30.0216,78.3186,25.7034,1.6184,283.0278,12,2.2161,2.2648,0.3122,0.2101,1.7241,2.6772,12
cell_11_05,0.4228,0.4222,0.0689,0.0303,0.2733,0.54,11,-0.1006,-0.1091,0.0414,0.0167,-0.158,-0.0075,11,-0.4202,-0.4319,0.0616,0.0261,-0.5204,-0.3081,11,40.9236,40.126,7.7306,3.9132,29.1699,59.1887,12,0.1889,23.8752,26.0813,6.4561,4.041,12.0071,31.3499,12,59.3447,30.0216,78.3186,25.7034,1.6184,283.0278,12,2.2161,2.2648,0.3122,0.2101,1.7241,2.6772,12
cell_11_06,0.2021,0.2049,0.05,0.0256,0.1083,0.2986,11,-0.0014,-0.0009,0.0284,0.0194,-0.0547,0.0494,11,-0.2484,-0.2534,0.0412,0.0226,-0.3209,-0.1802,11,38.423,37.4908,7.2905,4.7907,29.1387,54.89,12,0.1897,23.8752,26.0813,6.4561,4.041,12.0071,31.3499,12,59.3447,30.0216,78.3186,25.7034,1.6184,283.0278,12,2.2161,2.2648,0.3122,0.2101,1.7241,2.6772,12
cell_11_07,0.2353,0.2352,0.0677,0.0276,0.115,0.3524,11,-0.0116,-0.0023,0.0458,0.0237,-0.0943,0.0492,11,-0.2688,-0.2767,0.0537,0.0202,-0.3574,-0.1715,11,35.8707,35.0347,6.4107,3.7045,26.7134,49.6646,12,0.1787,23.8752,26.0813,6.4561,4.041,12.0071,31.3499,12,59.3447,30.0216,78.3186,25.7034,1.6184,283.0278,12,2.2161,2.2648,0.3122,0.2101,1.7241,2.6772,12
cell_11_08,0.1723,0.1755,0.0487,0.0153,0.0881,0.2469,10,0.0024,0.0069,0.0281,0.0179,-0.0573,0.0411,10,-0.2195,-0.2353,0.053,0.0144,-0.2838,-0.1031,10,36.5091,37.5422,6.821,4.0055,24.3128,49.7621,12,0.1868,23.8752,26.0813,6.4561,4.041,12.0071,31.3499,12,59.3447,30.0216,78.3186,25.7034,1.6184,283.0278,12,2.2161,2.2648,0.3122,0.2101,1.7241,2.6772,12
cell_11_09,0.1601,0.1631,0.0482,0.0215,0.079,0.2268,10,0.0249,0.0239,0.0248,0.0184,-0.0132,0.0632,10,-0.2089,-0.219,0.0459,0.0088,-0.2654,-0.112,10,34.138,34.8358,6.3616,2.6452,22.2697,47.9758,12,0.1863,23.8752,26.0813,6.4561,4.041,12.0071,31.3499,12,59.3447,30.0216,78.3186,25.7034,1.6184,283.0278,12,2.2161,2.2648,0.3122,0.2101,1.7241,2.6772,12
cell_11_10,0.1287,0.2356,0.3784,0.055,-1.0,0.3114,11,-0.0157,-0.1151,0.3387,0.0262,-0.1713,1.0,11,-0.1344,-0.2389,0.3797,0.0542,-0.3085,1.0,11,27.0233,26.8322,4.1327,1.4737,19.4548,36.1983,12,0.1529,23.8364,26.0252,6.4548,4.0199,11.9731,31.3438,12,60.2464,30.8004,76.5328,26.8958,2.0117,272.3437,12,2.1944,2.2575,0.3133,0.2303,1.6983,2.6096,12
cell_11_11,0.2153,0.2296,0.1484,0.0897,-0.034,0.4741,10,-0.2796,-0.3139,0.1037,0.0517,-0.3755,-0.0268,10,-0.1801,-0.1956,0.1368,0.0761,-0.4089,0.0735,10,20.259,20.767,3.249,1.7441,11.7419,23.3636,12,0.1604,23.8364,26.0252,6.4548,4.0199,11.9731,31.3438,12,60.2464,30.8004,76.5328,26.8958,2.0117,272.3437,12,2.1944,2.2575,0.3133,0.2303,1.6983,2.6096,12
cell_11_12,0.1841,-0.0216,0.3322,0.1131,-0.1346,0.7392,11,-0.2427,-0.2549,0.1634,0.1285,-0.4683,0.0315,11,-0.1364,0.0044,0.2983,0.1215,-0.6496,0.1536,11,19.9701,20.4592,2.8841,1.0487,12.9031,24.5678,12,0.1444,23.8364,26.0252,6.4548,4.0199,11.9731,31.3438,12,60.2464,30.8004,76.5328,26.8958,2.0117,272.3437,12,2.1944,2.2575,0.3133,0.2303,1.6983,2.6096,12
cell_11_13,0.3227,0.2687,0.1534,0.1295,0.1003,0.5809,12,-0.1541,-0.15,0.0812,0.0455,-0.2609,0.0214,12,-0.3025,-0.2846,0.1447,0.1083,-0.5499,-0.1064,12,26.3213,26.1466,2.7332,2.1734,21.3276,29.5395,12,0.1038,23.8364,26.0252,6.4548,4.0199,11.9731,31.3438,12,60.2464,30.8004,76.5328,26.8958,2.0117,272.3437,12,2.1944,2.2575,0.3133,0.2303,1.6983,2.6096,12
cell_11_14,0.2509,0.2387,0.0674,0.025,0.1444,0.374,12,-0.0306,-0.0252,0.0462,0.0407,-0.0876,0.0536,12,-0.2692,-0.2742,0.0573,0.0347,-0.3869,-0.1666,12,41.8034,41.5644,5.1173,4.2818,34.2176,49.3172,12,0.1224,23.8364,26.0252,6.4548,4.0199,11.9731,31.3438,12,60.2464,30.8004,76.5328,26.8958,2.0117,272.3437,12,2.1944,2.2575,0.3133,0.2303,1.6983,2.6096,12
cell_11_15,0.2686,0.2877,0.0622,0.0438,0.1585,0.3502,12,-0.0209,-0.0279,0.042,0.0328,-0.0699,0.0606,12,-0.291,-0.2973,0.05,0.036,-0.3574,-0.1883,12,54.2315,54.1363,8.1728,6.7931,42.6418,69.7043,12,0.1507,23.8364,26.0252,6.4548,4.0199,11.9731,31.3438,12,60.2464,30.8004,76.5328,26.8958,2.0117,272.3437,12,2.1944,2.2575,0.3133,0.2303,1.6983,2.6096,12
cell_11_16,0.4167,0.4081,0.0891,0.0608,0.3138,0.5656,12,-0.0967,-0.0864,0.0606,0.0531,-0.175,0.0106,12,-0.4198,-0.4158,0.0848,0.0388,-0.5535,-0.2671,12,54.9315,54.9053,8.8169,7.7215,42.1142,69.7211,12,0.1605,23.8364,26.0252,6.4548,4.0199,11.9731,31.3438,12,60.2464,30.8004,76.5328,26.8958,2.0117,272.3437,12,2.1944,2.2575,0.3133,0.2303,1.6983,2.6096,12
cell_11_17,0.3486,0.3578,0.0551,0.0439,0.266,0.4351,12,-0.0749,-0.0808,0.0355,0.0242,-0.1158,-0.0041,12,-0.3616,-0.3743,0.0581,0.0323,-0.4444,-0.2386,12,45.2438,44.704,6.7558,6.0034,35.9291,54.668,12,0.1493,23.8364,26.0252,6.4548,4.0199,11.9731,31.3438,12,60.2464,30.8004,76.5328,26.8958,2.0117,272.3437,12,2.1944,2.2575,0.3133,0.2303,1.6983,2.6096,12
cell_11_18,0.2435,0.2512,0.0435,0.0237,0.1723,0.3161,12,-0.0136,-0.0151,0.0301,0.0263,-0.0487,0.045,12,-0.2832,-0.2913,0.041,0.0181,-0.3471,-0.1977,12,37.2008,36.2585,5.7672,3.3182,27.4604,48.5075,12,0.155,23.8364,26.0252,6.4548,4.0199,11.9731,31.3438,12,60.2464,30.8004,76.5328,26.8958,2.0117,272.3437,12,2.1944,2.2575,0.3133,0.2303,1.6983,2.6096,12
cell_11_19,0.1654,0.1717,0.0349,0.0176,0.0927,0.2104,12,0.0125,0.0172,0.0243,0.011,-0.0471,0.0454,12,-0.2203,-0.2394,0.0447,0.0111,-0.2686,-0.1241,12,34.8157,34.8039,5.7202,3.4134,24.5106,47.0092,12,0.1643,23.8364,26.0252,6.4548,4.0199,11.9731,31.3438,12,60.2464,30.8004,76.5328,26.8958,2.0117,272.3437,12,2.1944,2.2575,0.3133,0.2303,1.6983,2.6096,12
cell_12_00,0.4156,0.4158,0.0837,0.0495,0.2476,0.5626,12,-0.0903,-0.0897,0.0505,0.0372,-0.1722,0.0024,12,-0.4226,-0.4226,0.0665,0.0492,-0.5401,-0.3115,12,47.2776,47.8356,9.2164,7.0166,32.9943,67.3699,12,0.1949,23.8752,26.0813,6.4561,4.041,12.0071,31.3499,12,59.3447,30.0216,78.3186,25.7034,1.6184,283.0278,12,2.2161,2.2648,0.3122,0.2101,1.7241,2.6772,12
cell_12_01,0.4728,0.464,0.0907,0.0456,0.3159,0.6445,12,-0.1088,-0.1038,0.0607,0.0447,-0.2201,-0.0152,12,-0.4699,-0.4521,0.068,0.036,-0.5937,-0.3697,12,44.3037,45.8824,7.5958,5.2762,32.3903,59.7849,12,0.1714,23.8752,26.0813,6.4561,4.041,12.0071,31.3499,12,59.3447,30.0216,78.3186,25.7034,1.6184,283.0278,12,2.2161,2.2648,0.3122,0.2101,1.7241,2.6772,12
cell_12_02,0.4778,0.4684,0.0877,0.0333,0.3085,0.6161,12,-0.1073,-0.1075,0.0569,0.0401,-0.1913,-0.0017,12,-0.4682,-0.4698,0.0748,0.049,-0.5818,-0.3516,12,42.1646,44.623,6.4027,4.173,30.8581,51.2083,12,0.1519,23.8752,26.0813,6.4561,4.041,12.0071,31.3499,12,59.3447,30.0216,78.3186,25.7034,1.6184,283.0278,12,2.2161,2.2648,0.3122,0.2101,1.7241,2.6772,12
cell_12_03,0.3421,0.3494,0.0721,0.0341,0.1804,0.4465,12,-0.0578,-0.0678,0.0364,0.0227,-0.0942,0.0197,12,-0.3497,-0.3656,0.0653,0.031,-0.4466,-0.23,12,45.9273,47.7031,7.2922,4.6705,30.9925,58.3367,12,0.1588,23.8752,26.0813,6.4561,4.041,12.0071,31.3499,12,59.3447,30.0216,78.3186,25.7034,1.6184,283.0278,12,2.2161,2.2648,0.3122,0.2101,1.7241,2.6772,12
cell_12_04,0.3517,0.3525,0.0751,0.0384,0.2067,0.4748,11,-0.0759,-0.0833,0.041,0.0265,-0.1293,0.0117,11,-0.3574,-0.3671,0.0684,0.0359,-0.4624,-0.2439,11,43.9181,47.0454,7.4798,4.3685,30.1727,56.0041,12,0.1703,23.8752,26.0813,6.4561,4.041,12.0071,31.3499,12,59.3447,30.0216,78.3186,25.7034,1.6184,283.0278,12,2.2161,2.2648,0.3122,0.2101,1.7241,2.6772,12
cell_12_05,0.429,0.4306,0.0776,0.0445,0.295,0.5474,11,-0.1121,-0.1124,0.0411,0.0324,-0.1684,-0.0338,11,-0.4116,-0.4387,0.0714,0.0294,-0.504,-0.2787,11,39.7906,40.8788,6.9056,3.5438,28.7478,54.6831,12,0.1735,23.8752,26.0813,6.4561,4.041,12.0071,31.3499,12,59.3447,30.0216,78.3186,25.7034,1.6184,283.0278,12,2.2161,2.2648,0.3122,0.2101,1.7241,2.6772,12
cell_12_06,0.2471,0.2568,0.0516,0.0205,0.1547,0.3099,11,-0.0284,-0.0228,0.0241,0.0128,-0.0716,0.0138,11,-0.2663,-0.2831,0.0506,0.014,-0.3289,-0.1501,11,38.0727,38.5359,7.114,2.8755,28.059,55.4856,12,0.1869,23.8752,26.0813,6.4561,4.041,12.0071,31.3499,12,59.3447,30.0216,78.3186,25.7034,1.6184,283.0278,12,2.2161,2.2648,0.3122,0.2101,1.7241,2.6772,12
cell_12_07,0.1293,0.1417,0.0676,0.024,-0.0264,0.2129,11,0.03,0.0347,0.0365,0.0115,-0.0356,0.1012,11,-0.175,-0.2018,0.0743,0.018,-0.2506,-0.0036,11,34.719,34.353,5.5439,4.3857,24.7006,44.1972,12,0.1597,23.8752,26.0813,6.4561,4.041,12.0071,31.3499,12,59.3447,30.0216,78.3186,25.7034,1.6184,283.0278,12,2.2161,2.2648,0.3122,0.2101,1.7241,2.6772,12
cell_12_08,0.2048,0.2067,0.0534,0.0305,0.1097,0.2788,11,-0.0114,-0.0018,0.0309,0.0223,-0.0598,0.0388,11,-0.2472,-0.2602,0.0584,0.0187,-0.3039,-0.1066,11,32.1215,32.4931,4.7988,1.668,21.7154,40.1901,12,0.1494,23.8752,26.0813,6.4561,4.041,12.0071,31.3499,12,59.3447,30.0216,78.3186,25.7034,1.6184,283.0278,12,2.2161,2.2648,0.3122,0.2101,1.7241,2.6772,12
cell_12_09,0.1607,0.1745,0.0385,0.0155,0.0804,0.2027,10,-0.0457,-0.0397,0.0312,0.0164,-0.1177,-0.0091,10,-0.1784,-0.1869,0.0437,0.0199,-0.2185,-0.0688,10,26.7005,27.0672,4.0498,1.6085,17.9376,34.952,12,0.1517,23.8752,26.0813,6.4561,4.041,12.0071,31.3499,12,59.3447,30.0216,78.3186,25.7034,1.6184,283.0278,12,2.2161,2.2648,0.3122,0.2101,1.7241,2.6772,12
cell_12_10,0.1004,0.1776,0.3367,0.0609,-0.9237,0.4252,12,-0.1621,-0.2663,0.3671,0.0967,-0.3801,0.9736,12,-0.0628,-0.115,0.2761,0.0664,-0.3191,0.7746,12,19.3801,20.5408,2.7977,1.5029,12.7199,22.356,12,0.1444,23.8364,26.0252,6.4548,4.0199,11.9731,31.3438,12,60.2464,30.8004,76.5328,26.8958,2.0117,272.3437,12,2.1944,2.2575,0.3133,0.2303,1.6983,2.6096,12
cell_12_11,0.2364,0.1914,0.1274,0.057,0.0309,0.5099,11,-0.3116,-0.3077,0.0952,0.0606,-0.4495,-0.1004,11,-0.1786,-0.162,0.1261,0.0352,-0.4464,0.0471,11,13.1679,12.9846,3.5356,2.6096,7.2838,19.3525,12,0.2685,23.8364,26.0252,6.4548,4.0199,11.9731,31.3438,12,60.2464,30.8004,76.5328,26.8958,2.0117,272.3437,12,2.1944,2.2575,0.3133,0.2303,1.6983,2.6096,12
cell_12_12,0.0393,-0.016,0.1257,0.0732,-0.0892,0.2111,11,-0.2422,-0.2639,0.1018,0.0899,-0.4031,-0.091,11,0.0041,0.0419,0.1054,0.0707,-0.1494,0.1202,11,15.241,15.4381,3.4423,2.7162,8.924,20.578,12,0.2259,23.8364,26.0252,6.4548,4.0199,11.9731,31.3438,12,60.2464,30.8004,76.5328,26.8958,2.0117,272.3437,12,2.1944,2.2575,0.3133,0.2303,1.6983,2.6096,12
cell_12_13,0.1529,0.0914,0.2647,0.1293,-0.145,0.8558,12,-0.2095,-0.2239,0.1424,0.1184,-0.4689,0.0236,12,-0.091,-0.0535,0.2483,0.1223,-0.7653,0.1894,12,25.1605,25.2172,3.4061,1.6433,16.0159,29.953,12,0.1354,23.8364,26.0252,6.4548,4.0199,11.9731,31.3438,12,60.2464,30.8004,76.5328,26.8958,2.0117,272.3437,12,2.1944,2.2575,0.3133,0.2303,1.6983,2.6096,12
cell_12_14,0.3261,0.331,0.0625,0.0194,0.2049,0.4103,12,-0.0711,-0.0781,0.0365,0.0242,-0.1155,0.0057,12,-0.3287,-0.3386,0.061,0.0204,-0.4259,-0.2032,12,43.8041,44.3618,7.2124,1.8024,28.2821,57.1855,12,0.1647,23.8364,26.0252,6.4548,4.0199,11.9731,31.3438,12,60.2464,30.8004,76.5328,26.8958,2.0117,272.3437,12,2.1944,2.2575,0.3133,0.2303,1.6983,2.6096,12
cell_12_15,0.3534,0.3581,0.0724,0.0438,0.2217,0.4634,12,-0.0752,-0.069,0.0462,0.0415,-0.129,0.0117,12,-0.3567,-0.374,0.0668,0.034,-0.4579,-0.221,12,56.4964,57.2901,11.0049,7.0753,42.0914,81.9241,12,0.1948,23.8364,26.0252,6.4548,4.0199,11.9731,31.3438,12,60.2464,30.8004,76.5328,26.8958,2.0117,272.3437,12,2.1944,2.2575,0.3133,0.2303,1.6983,2.6096,12
cell_12_16,0.335,0.3353,0.0526,0.0354,0.2488,0.4249,12,-0.0793,-0.0722,0.0366,0.0287,-0.1275,-0.0164,12,-0.3427,-0.3562,0.0575,0.034,-0.4257,-0.2383,12,53.1811,51.5628,10.2477,7.2087,40.1206,71.1912,12,0.1927,23.8364,26.0252,6.4548,4.0199,11.9731,31.3438,12,60.2464,30.8004,76.5328,26.8958,2.0117,272.3437,12,2.1944,2.2575,0.3133,0.2303,1.6983,2.6096,12
cell_12_17,0.2216,0.2278,0.028,0.0123,0.1601,0.2584,12,-0.0164,-0.0166,0.0336,0.018,-0.1025,0.0308,12,-0.2553,-0.271,0.0344,0.0129,-0.2886,-0.173,12,42.2483,40.4763,7.0964,5.1926,33.4417,54.2978,12,0.168,23.8364,26.0252,6.4548,4.0199,11.9731,31.3438,12,60.2464,30.8004,76.5328,26.8958,2.0117,272.3437,12,2.1944,2.2575,0.3133,0.2303,1.6983,2.6096,12
cell_12_18,0.0892,0.0961,0.0208,0.0079,0.053,0.1156,11,0.0524,0.0573,0.0147,0.008,0.0189,0.0683,11,-0.1433,-0.1476,0.0229,0.0138,-0.1695,-0.0992,11,34.5383,34.1656,5.6574,2.4496,25.113,47.1046,12,0.1638,23.8364,26.0252,6.4548,4.0199,11.9731,31.3438,12,60.2464,30.8004,76.5328,26.8958,2.0117,272.3437,12,2.1944,2.2575,0.3133,0.2303,1.6983,2.6096,12
cell_12_19,0.0842,0.0869,0.0185,0.0117,0.053,0.1072,12,0.057,0.058,0.0156,0.0103,0.0233,0.0772,12,-0.1386,-0.1459,0.0232,0.0131,-0.1673,-0.097,12,33.4073,33.7217,5.6052,2.2617,23.3367,45.3038,12,0.1678,23.8364,26.0252,6.4548,4.0199,11.9731,31.3438,12,60.2464,30.8004,76.5328,26.8958,2.0117,272.3437,12,2.1944,2.2575,0.3133,0.2303,1.6983,2.6096,12
cell_13_00,0.1726,0.1775,0.0296,0.0106,0.0909,0.2069,12,-0.0073,-0.0028,0.0177,0.0101,-0.0469,0.018,12,-0.2073,-0.2126,0.0236,0.0106,-0.2356,-0.1486,12,41.2717,41.5534,7.0039,3.4603,28.4817,54.0223,12,0.1697,23.8752,26.0813,6.4561,4.041,12.0071,31.3499,12,59.3447,30.0216,78.3186,25.7034,1.6184,283.0278,12,2.2161,2.2648,0.3122,0.2101,1.7241,2.6772,12
cell_13_01,0.3038,0.3068,0.0503,0.0275,0.1789,0.3647,12,-0.0642,-0.0651,0.0277,0.0175,-0.1103,-0.0196,12,-0.3198,-0.3277,0.0447,0.0254,-0.3784,-0.2203,12,40.1409,39.8379,6.1652,3.3503,27.5084,49.9709,12,0.1536,23.8752,26.0813,6.4561,4.041,12.0071,31.3499,12,59.3447,30.0216,78.3186,25.7034,1.6184,283.0278,12,2.2161,2.2648,0.3122,0.2101,1.7241,2.6772,12
cell_13_02,0.3402,0.3456,0.0585,0.0316,0.1989,0.4136,12,-0.0647,-0.0644,0.0316,0.0241,-0.1066,0.0038,12,-0.3615,-0.377,0.0552,0.0291,-0.4273,-0.256,12,43.9802,43.9643,7.0239,5.1675,29.9694,52.7127,12,0.1597,23.8752,26.0813,6.4561,4.041,12.0071,31.3499,12,59.3447,30.0216,78.3186,25.7034,1.6184,283.0278,12,2.2161,2.2648,0.3122,0.2101,1.7241,2.6772,12
cell_13_03,0.2892,0.2974,0.0559,0.0356,0.1587,0.3482,12,-0.0427,-0.0479,0.0311,0.0187,-0.0748,0.0311,12,-0.3094,-0.3281,0.0528,0.0243,-0.3714,-0.2185,12,51.18,52.8004,9.3514,6.2274,35.6498,70.2606,12,0.1827,23.8752,26.0813,6.4561,4.041,12.0071,31.3499,12,59.3447,30.0216,78.3186,25.7034,1.6184,283.0278,12,2.2161,2.2648,0.3122,0.2101,1.7241,2.6772,12
cell_13_04,0.2527,0.2591,0.0489,0.025,0.1463,0.3073,12,-0.0475,-0.0509,0.0247,0.0083,-0.0916,0.0037,12,-0.2709,-0.2858,0.045,0.0256,-0.3236,-0.1907,12,48.3358,50.4577,8.9527,7.3745,33.5667,64.9622,12,0.1852,23.8752,26.0813,6.4561,4.041,12.0071,31.3499,12,59.3447,30.0216,78.3186,25.7034,1.6184,283.0278,12,2.2161,2.2648,0.3122,0.2101,1.7241,2.6772,12
cell_13_05,0.3456,0.3488,0.0703,0.0503,0.2361,0.446,11,-0.0577,-0.0624,0.0374,0.0245,-0.1157,0.0019,11,-0.3557,-0.3639,0.0733,0.0512,-0.4568,-0.2142,11,40.2003,41.3329,5.6612,2.9915,29.4684,50.3977,12,0.1408,23.8752,26.0813,6.4561,4.041,12.0071,31.3499,12,59.3447,30.0216,78.3186,25.7034,1.6184,283.0278,12,2.2161,2.2648,0.3122,0.2101,1.7241,2.6772,12
cell_13_06,0.4471,0.452,0.0879,0.0518,0.299,0.5922,12,-0.1154,-0.114,0.0511,0.0507,-0.1819,-0.0277,12,-0.4354,-0.4552,0.0949,0.0511,-0.5787,-0.251,12,34.8618,36.2324,5.0032,1.5373,24.5661,43.5903,12,0.1435,23.8752,26.0813,6.4561,4.041,12.0071,31.3499,12,59.3447,30.0216,78.3186,25.7034,1.6184,283.0278,12,2.2161,2.2648,0.3122,0.2101,1.7241,2.6772,12
cell_13_07,0.3907,0.4041,0.099,0.0715,0.2119,0.5429,11,-0.0867,-0.0819,0.0533,0.0389,-0.1626,0.0064,11,-0.3919,-0.4137,0.0917,0.0366,-0.5274,-0.2114,11,33.4495,33.5048,4.9632,3.632,23.6145,40.5511,12,0.1484,23.8752,26.0813,6.4561,4.041,12.0071,31.3499,12,59.3447,30.0216,78.3186,25.7034,1.6184,283.0278,12,2.2161,2.2648,0.3122,0.2101,1.7241,2.6772,12
cell_13_08,0.2561,0.2774,0.0625,0.031,0.1391,0.3417,11,-0.0479,-0.058,0.031,0.0134,-0.0857,0.0031,11,-0.2837,-0.2928,0.0612,0.0286,-0.3672,-0.1585,11,31.9701,32.225,4.9266,3.2689,21.2619,38.6745,12,0.1541,23.8752,26.0813,6.4561,4.041,12.0071,31.3499,12,59.3447,30.0216,78.3186,25.7034,1.6184,283.0278,12,2.2161,2.2648,0.3122,0.2101,1.7241,2.6772,12
cell_13_09,0.1852,0.2934,0.284,0.0589,-0.6294,0.381,12,-0.1488,-0.2114,0.2857,0.0493,-0.4441,0.7184,12,-0.1545,-0.25,0.281,0.0521,-0.3359,0.6381,12,26.8601,27.599,3.7004,0.8548,17.1467,32.2419,12,0.1378,23.8752,26.0813,6.4561,4.041,12.0071,31.3499,12,59.3447,30.0216,78.3186,25.7034,1.6184,283.0278,12,2.2161,2.2648,0.3122,0.2101,1.7241,2.6772,12
cell_13_10,0.2842,0.2767,0.1649,0.0972,-0.0253,0.5521,12,-0.2582,-0.3148,0.1769,0.0548,-0.4026,0.2465,12,-0.2402,-0.2116,0.1427,0.0693,-0.4899,0.0299,12,17.8585,18.3832,4.0047,2.6341,10.9724,23.8536,12,0.2242,23.8364,26.0252,6.4548,4.0199,11.9731,31.3438,12,60.2464,30.8004,76.5328,26.8958,2.0117,272.3437,12,2.1944,2.2575,0.3133,0.2303,1.6983,2.6096,12
cell_13_11,0.4662,0.4656,0.1149,0.1063,0.3191,0.6179,12,-0.3372,-0.3608,0.1073,0.0275,-0.4641,-0.0432,12,-0.4022,-0.3866,0.0998,0.0951,-0.5298,-0.2191,12,13.5818,13.9295,3.8241,2.6033,7.3695,20.5116,12,0.2816,23.8364,26.0252,6.4548,4.0199,11.9731,31.3438,12,60.2464,30.8004,76.5328,26.8958,2.0117,272.3437,12,2.1944,2.2575,0.3133,0.2303,1.6983,2.6096,12
cell_13_12,0.1313,0.0505,0.1853,0.1136,-0.1459,0.5262,12,-0.2505,-0.2749,0.1376,0.0748,-0.4171,0.064,12,-0.0716,-0.0332,0.1795,0.093,-0.4413,0.2571,12,17.1199,18.4509,3.7111,2.4474,10.2688,23.4763,12,0.2168,23.8364,26.0252,6.4548,4.0199,11.9731,31.3438,12,60.2464,30.8004,76.5328,26.8958,2.0117,272.3437,12,2.1944,2.2575,0.3133,0.2303,1.6983,2.6096,12
cell_13_13,0.3117,0.2835,0.1592,0.0831,0.061,0.6994,12,-0.1695,-0.1532,0.0963,0.0797,-0.3169,-0.0208,12,-0.2675,-0.2575,0.1673,0.0742,-0.6363,0.0779,12,26.6223,26.5927,3.9709,2.1281,18.2191,32.1091,12,0.1492,23.8364,26.0252,6.4548,4.0199,11.9731,31.3438,12,60.2464,30.8004,76.5328,26.8958,2.0117,272.3437,12,2.1944,2.2575,0.3133,0.2303,1.6983,2.6096,12
cell_13_14,0.4304,0.4046,0.0878,0.0324,0.2808,0.575,12,-0.1081,-0.0943,0.0685,0.0527,-0.2275,-0.0087,12,-0.4257,-0.4206,0.0824,0.0253,-0.5791,-0.2652,12,39.3846,38.756,6.4114,1.9104,30.4683,56.323,12,0.1628,23.8364,26.0252,6.4548,4.0199,11.9731,31.3438,12,60.2464,30.8004,76.5328,26.8958,2.0117,272.3437,12,2.1944,2.2575,0.3133,0.2303,1.6983,2.6096,12
cell_13_15,0.4649,0.438,0.1062,0.0413,0.3097,0.7188,12,-0.0942,-0.0808,0.079,0.0565,-0.2448,0.0167,12,-0.458,-0.4433,0.0899,0.0247,-0.6584,-0.2994,12,45.5601,45.6313,5.5398,3.6362,39.394,59.2965,12,0.1216,23.8364,26.0252,6.4548,4.0199,11.9731,31.3438,12,60.2464,30.8004,76.5328,26.8958,2.0117,272.3437,12,2.1944,2.2575,0.3133,0.2303,1.6983,2.6096,12
cell_13_16,0.467,0.4529,0.0901,0.0488,0.3314,0.6256,12,-0.1268,-0.1266,0.0624,0.0515,-0.2219,-0.0264,12,-0.455,-0.4534,0.0842,0.04,-0.5952,-0.3137,12,42.6638,41.7713,5.1223,3.2336,34.1823,50.6583,12,0.1201,23.8364,26.0252,6.4548,4.0199,11.9731,31.3438,12,60.2464,30.8004,76.5328,26.8958,2.0117,272.3437,12,2.1944,2.2575,0.3133,0.2303,1.6983,2.6096,12
cell_13_17,0.2994,0.2914,0.0556,0.0242,0.2124,0.3912,12,-0.0561,-0.0608,0.0408,0.0319,-0.1087,0.0141,12,-0.3204,-0.327,0.054,0.0278,-0.4066,-0.2209,12,42.1837,41.7385,6.3984,2.8899,29.8018,53.1383,12,0.1517,23.8364,26.0252,6.4548,4.0199,11.9731,31.3438,12,60.2464,30.8004,76.5328,26.8958,2.0117,272.3437,12,2.1944,2.2575,0.3133,0.2303,1.6983,2.6096,12
cell_13_18,0.1103,0.1138,0.0193,0.0125,0.0757,0.1393,12,0.0374,0.0427,0.0204,0.0131,-0.0058,0.0575,12,-0.1534,-0.1574,0.0225,0.0165,-0.182,-0.117,12,39.5452,39.4956,5.8495,2.3664,28.3177,48.6033,12,0.1479,23.8364,26.0252,6.4548,4.0199,11.9731,31.3438,12,60.2464,30.8004,76.5328,26.8958,2.0117,272.3437,12,2.1944,2.2575,0.3133,0.2303,1.6983,2.6096,12
cell_13_19,0.2917,0.2853,0.0457,0.0155,0.224,0.3749,12,-0.0313,-0.0297,0.028,0.0178,-0.0738,0.0198,12,-0.3255,-0.3276,0.0509,0.0154,-0.3922,-0.1856,12,37.169,36.7935,5.7611,2.265,26.3714,46.405,12,0.155,23.8364,26.0252,6.4548,4.0199,11.9731,31.3438,12,60.2464,30.8004,76.5328,26.8958,2.0117,272.3437,12,2.1944,2.2575,0.3133,0.2303,1.6983,2.6096,12
cell_14_00,0.4171,0.4187,0.0788,0.0404,0.2333,0.527,12,-0.1064,-0.1158,0.0436,0.0296,-0.1521,-0.0106,12,-0.4194,-0.4269,0.0686,0.0429,-0.5162,-0.2833,12,47.9305,49.3473,7.5947,5.1199,32.4948,59.6591,12,0.1585,23.8752,26.0813,6.4561,4.041,12.0071,31.3499,12,59.3447,30.0216,78.3186,25.7034,1.6184,283.0278,12,2.2161,2.2648,0.3122,0.2101,1.7241,2.6772,12
cell_14_01,0.3647,0.371,0.0767,0.0441,0.1905,0.4716,12,-0.0862,-0.0952,0.0466,0.0284,-0.1373,0.0098,12,-0.3736,-0.3822,0.0624,0.0413,-0.4624,-0.2508,12,44.7279,44.8677,6.7762,5.2223,30.2245,54.0684,12,0.1515,23.8752,26.0813,6.4561,4.041,12.0071,31.3499,12,59.3447,30.0216,78.3186,25.7034,1.6184,283.0278,12,2.2161,2.2648,0.3122,0.2101,1.7241,2.6772,12
cell_14_02,0.2805,0.2845,0.0419,0.014,0.1705,0.3311,12,-0.0549,-0.0551,0.0246,0.0106,-0.0991,-0.0021,12,-0.305,-0.3158,0.0399,0.0205,-0.349,-0.2258,12,45.6909,46.328,6.6862,3.2793,31.9723,55.911,12,0.1463,23.8752,26.0813,6.4561,4.041,12.0071,31.3499,12,59.3447,30.0216,78.3186,25.7034,1.6184,283.0278,12,2.2161,2.2648,0.3122,0.2101,1.7241,2.6772,12
cell_14_03,0.3272,0.3412,0.0571,0.0363,0.2002,0.3974,12,-0.0789,-0.0752,0.0291,0.0206,-0.1262,-0.0289,12,-0.3339,-0.3572,0.0574,0.0292,-0.4006,-0.2318,12,49.2187,48.3447,9.5385,5.0564,35.7775,71.7639,12,0.1938,23.8752,26.0813,6.4561,4.041,12.0071,31.3499,12,59.3447,30.0216,78.3186,25.7034,1.6184,283.0278,12,2.2161,2.2648,0.3122,0.2101,1.7241,2.6772,12
cell_14_04,0.373,0.371,0.0727,0.0469,0.2261,0.474,12,-0.0856,-0.086,0.0342,0.0314,-0.1386,-0.0223,12,-0.3759,-0.3922,0.0697,0.0367,-0.469,-0.2592,12,46.0841,46.1166,8.4568,6.9099,34.7291,63.5902,12,0.1835,23.8752,26.0813,6.4561,4.041,12.0071,31.3499,12,59.3447,30.0216,78.3186,25.7034,1.6184,283.0278,12,2.2161,2.2648,0.3122,0.2101,1.7241,2.6772,12
cell_14_05,0.4331,0.446,0.092,0.0574,0.2925,0.5861,12,-0.0874,-0.0884,0.041,0.0313,-0.1634,-0.0242,12,-0.4288,-0.4468,0.0876,0.0462,-0.5559,-0.2841,12,39.4418,39.6639,5.4764,3.5978,30.0369,49.2823,12,0.1388,23.8752,26.0813,6.4561,4.041,12.0071,31.3499,12,59.3447,30.0216,78.3186,25.7034,1.6184,283.0278,12,2.2161,2.2648,0.3122,0.2101,1.7241,2.6772,12
cell_14_06,0.3491,0.3559,0.0794,0.0436,0.2163,0.4738,12,-0.0428,-0.0471,0.0365,0.0233,-0.1027,0.0274,12,-0.3591,-0.3828,0.085,0.0317,-0.4794,-0.1993,12,35.4445,35.5633,5.2136,3.2053,25.3158,44.5276,12,0.1471,23.8752,26.0813,6.4561,4.041,12.0071,31.3499,12,59.3447,30.0216,78.3186,25.7034,1.6184,283.0278,12,2.2161,2.2648,0.3122,0.2101,1.7241,2.6772,12
cell_14_07,0.3027,0.3161,0.0908,0.0512,0.1623,0.4462,12,-0.0563,-0.0579,0.0489,0.0349,-0.1263,0.0382,12,-0.3131,-0.3425,0.0931,0.0367,-0.4465,-0.1361,12,36.8292,36.261,6.0104,3.2029,25.5644,48.3399,12,0.1632,23.8752,26.0813,6.4561,4.041,12.0071,31.3499,12,59.3447,30.0216,78.3186,25.7034,1.6184,283.0278,12,2.2161,2.2648,0.3122,0.2101,1.7241,2.6772,12
cell_14_08,0.3003,0.3169,0.0685,0.0253,0.1668,0.4077,12,-0.0699,-0.0735,0.0319,0.0232,-0.1042,-0.0183,12,-0.3179,-0.3406,0.0685,0.0251,-0.4283,-0.2031,12,40.0487,41.166,7.2513,4.2632,25.9862,51.2831,12,0.1811,23.8752,26.0813,6.4561,4.041,12.0071,31.3499,12,59.3447,30.0216,78.3186,25.7034,1.6184,283.0278,12,2.2161,2.2648,0.3122,0.2101,1.7241,2.6772,12
cell_14_09,0.0854,0.091,0.0877,0.0659,-0.0827,0.1962,10,-0.1355,-0.1136,0.114,0.0658,-0.3277,0.0136,10,-0.0653,-0.0455,0.0889,0.0665,-0.1905,0.0885,10,32.4691,31.9133,4.9579,3.7142,22.3161,39.4528,12,0.1527,23.8752,26.0813,6.4561,4.041,12.0071,31.3499,12,59.3447,30.0216,78.3186,25.7034,1.6184,283.0278,12,2.2161,2.2648,0.3122,0.2101,1.7241,2.6772,12
cell_14_10,0.2745,0.2672,0.1289,0.1062,0.1032,0.455,12,-0.2462,-0.2691,0.0925,0.0681,-0.3753,-0.0782,12,-0.2305,-0.2131,0.1028,0.0659,-0.382,-0.0502,12,14.2125,14.1748,3.824,2.8383,8.6084,21.7655,12,0.2691,23.8364,26.0252,6.4548,4.0199,11.9731,31.3438,12,60.2464,30.8004,76.5328,26.8958,2.0117,272.3437,12,2.1944,2.2575,0.3133,0.2303,1.6983,2.6096,12
cell_14_11,0.3937,0.3791,0.1347,0.1137,0.2049,0.607,12,-0.3078,-0.3165,0.0991,0.0696,-0.4229,-0.0991,12,-0.3303,-0.2993,0.111,0.0937,-0.5113,-0.1534,12,16.402,16.6196,3.7231,2.3352,10.2766,23.2067,12,0.227,23.8364,26.0252,6.4548,4.0199,11.9731,31.3438,12,60.2464,30.8004,76.5328,26.8958,2.0117,272.3437,12,2.1944,2.2575,0.3133,0.2303,1.6983,2.6096,12
cell_14_12,0.163,0.1214,0.1269,0.0961,-0.0003,0.3964,12,-0.1701,-0.161,0.0975,0.0585,-0.3535,-0.0477,12,-0.1046,-0.055,0.1151,0.0708,-0.291,0.0236,12,26.5241,26.164,4.0061,3.0077,20.4319,32.5515,12,0.151,23.8364,26.0252,6.4548,4.0199,11.9731,31.3438,12,60.2464,30.8004,76.5328,26.8958,2.0117,272.3437,12,2.1944,2.2575,0.3133,0.2303,1.6983,2.6096,12
cell_14_13,0.473,0.4534,0.1103,0.069,0.3095,0.6964,12,-0.1455,-0.1366,0.072,0.0624,-0.2463,-0.0417,12,-0.445,-0.46,0.1219,0.0595,-0.659,-0.246,12,42.8335,42.518,5.6174,4.7117,34.7651,52.0334,12,0.1311,23.8364,26.0252,6.4548,4.0199,11.9731,31.3438,12,60.2464,30.8004,76.5328,26.8958,2.0117,272.3437,12,2.1944,2.2575,0.3133,0.2303,1.6983,2.6096,12
cell_14_14,0.3077,0.3104,0.054,0.0468,0.2165,0.3652,11,-0.0485,-0.0654,0.0357,0.0165,-0.0879,0.02,11,-0.3313,-0.3485,0.0513,0.0297,-0.3809,-0.2271,11,56.4815,55.3644,9.4272,7.1642,44.4291,70.1116,12,0.1669,23.8364,26.0252,6.4548,4.0199,11.9731,31.3438,12,60.2464,30.8004,76.5328,26.8958,2.0117,272.3437,12,2.1944,2.2575,0.3133,0.2303,1.6983,2.6096,12
cell_14_15,0.4559,0.4184,0.1264,0.0459,0.3232,0.6956,12,-0.0931,-0.071,0.1002,0.075,-0.2702,0.0346,12,-0.4507,-0.4202,0.091,0.0463,-0.6129,-0.3296,12,55.4719,55.695,9.0213,8.1925,42.9431,68.6818,12,0.1626,23.8364,26.0252,6.4548,4.0199,11.9731,31.3438,12,60.2464,30.8004,76.5328,26.8958,2.0117,272.3437,12,2.1944,2.2575,0.3133,0.2303,1.6983,2.6096,12
cell_14_16,0.3827,0.3572,0.0844,0.0495,0.298,0.5568,12,-0.0583,-0.0341,0.0728,0.0373,-0.1835,0.0396,12,-0.3882,-0.3682,0.0622,0.0362,-0.5154,-0.3114,12,46.128,44.5628,5.5817,3.285,36.9881,55.0198,12,0.121,23.8364,26.0252,6.4548,4.0199,11.9731,31.3438,12,60.2464,30.8004,76.5328,26.8958,2.0117,272.3437,12,2.1944,2.2575,0.3133,0.2303,1.6983,2.6096,12
cell_14_17,0.2701,0.2782,0.0328,0.0172,0.2104,0.321,12,-0.0419,-0.049,0.0237,0.019,-0.0792,0.0056,12,-0.2927,-0.3049,0.0422,0.0123,-0.3474,-0.1824,12,46.4113,45.5441,6.5331,4.1103,33.7928,56.0567,12,0.1408,23.8364,26.0252,6.4548,4.0199,11.9731,31.3438,12,60.2464,30.8004,76.5328,26.8958,2.0117,272.3437,12,2.1944,2.2575,0.3133,0.2303,1.6983,2.6096,12
cell_14_18,0.5471,0.5428,0.0664,0.0467,0.4166,0.6689,12,-0.1283,-0.1316,0.0293,0.0231,-0.1604,-0.0645,12,-0.5106,-0.5148,0.0673,0.0222,-0.6249,-0.3348,12,44.648,42.7534,7.1025,3.6029,30.6626,56.7419,12,0.1591,23.8364,26.0252,6.4548,4.0199,11.9731,31.3438,12,60.2464,30.8004,76.5328,26.8958,2.0117,272.3437,12,2.1944,2.2575,0.3133,0.2303,1.6983,2.6096,12
cell_14_19,0.5593,0.5621,0.075,0.0459,0.4126,0.706,12,-0.1402,-0.1441,0.0369,0.0213,-0.1884,-0.0672,12,-0.5275,-0.5479,0.0775,0.0217,-0.6602,-0.3278,12,40.897,39.4776,6.8529,3.1528,27.7293,52.6162,12,0.1676,23.8364,26.0252,6.4548,4.0199,11.9731,31.3438,12,60.2464,30.8004,76.5328,26.8958,2.0117,272.3437,12,2.1944,2.2575,0.3133,0.2303,1.6983,2.6096,12
cell_15_00,0.3509,0.3486,0.0575,0.0247,0.212,0.429,12,-0.0676,-0.0727,0.0295,0.0124,-0.1111,-0.003,12,-0.3679,-0.3718,0.0526,0.0291,-0.4429,-0.266,12,54.8949,57.149,9.0129,6.4425,35.3377,67.8814,12,0.1642,23.8752,26.0813,6.4561,4.041,12.0071,31.3499,12,59.3447,30.0216,78.3186,25.7034,1.6184,283.0278,12,2.2161,2.2648,0.3122,0.2101,1.7241,2.6772,12
cell_15_01,0.4676,0.4834,0.1041,0.0774,0.2745,0.6204,12,-0.13,-0.1403,0.0625,0.0471,-0.1994,-0.0136,12,-0.4594,-0.4744,0.0902,0.0705,-0.5901,-0.3247,12,48.3479,49.1928,6.923,3.4784,31.8898,57.8673,12,0.1432,23.8752,26.0813,6.4561,4.041,12.0071,31.3499,12,59.3447,30.0216,78.3186,25.7034,1.6184,283.0278,12,2.2161,2.2648,0.3122,0.2101,1.7241,2.6772,12
cell_15_02,0.3906,0.4033,0.0671,0.032,0.2654,0.4815,12,-0.1172,-0.1184,0.0313,0.0199,-0.1752,-0.0666,12,-0.3828,-0.4076,0.0671,0.0265,-0.4673,-0.2528,12,41.9456,42.4447,6.2018,2.4664,28.0257,51.5761,12,0.1479,23.8752,26.0813,6.4561,4.041,12.0071,31.3499,12,59.3447,30.0216,78.3186,25.7034,1.6184,283.0278,12,2.2161,2.2648,0.3122,0.2101,1.7241,2.6772,12
cell_15_03,0.2775,0.2837,0.0484,0.016,0.1755,0.3306,12,-0.0582,-0.0556,0.0263,0.0159,-0.1156,-0.0211,12,-0.293,-0.3126,0.0483,0.0189,-0.343,-0.1945,12,38.8082,39.4678,6.7112,3.7966,25.2905,52.0229,12,0.1729,23.8752,26.0813,6.4561,4.041,12.0071,31.3499,12,59.3447,30.0216,78.3186,25.7034,1.6184,283.0278,12,2.2161,2.2648,0.3122,0.2101,1.7241,2.6772,12
cell_15_04,0.2208,0.2267,0.0367,0.0107,0.1378,0.2631,12,-0.035,-0.0317,0.0257,0.0162,-0.0836,0.0029,12,-0.2445,-0.2603,0.0411,0.0095,-0.2842,-0.1702,12,36.5292,37.3886,5.9996,3.5548,24.1957,48.0159,12,0.1642,23.8752,26.0813,6.4561,4.041,12.0071,31.3499,12,59.3447,30.0216,78.3186,25.7034,1.6184,283.0278,12,2.2161,2.2648,0.3122,0.2101,1.7241,2.6772,12
cell_15_05,0.2352,0.2422,0.0494,0.028,0.1394,0.2978,12,-0.0249,-0.0225,0.0268,0.0229,-0.0695,0.0158,12,-0.2608,-0.2808,0.0509,0.019,-0.3131,-0.173,12,32.8706,33.2632,5.2191,3.1405,21.8135,40.422,12,0.1588,23.8752,26.0813,6.4561,4.041,12.0071,31.3499,12,59.3447,30.0216,78.3186,25.7034,1.6184,283.0278,12,2.2161,2.2648,0.3122,0.2101,1.7241,2.6772,12
cell_15_06,0.06,0.0595,0.029,0.0175,0.0139,0.113,12,0.0461,0.0501,0.0203,0.0097,-0.0097,0.0697,12,-0.104,-0.1071,0.0296,0.0257,-0.1418,-0.0477,12,31.0037,30.8191,5.2117,1.6886,20.5927,41.1589,12,0.1681,23.8752,26.0813,6.4561,4.041,12.0071,31.3499,12,59.3447,30.0216,78.3186,25.7034,1.6184,283.0278,12,2.2161,2.2648,0.3122,0.2101,1.7241,2.6772,12
cell_15_07,0.0778,0.0877,0.0305,0.015,0.0215,0.1205,12,0.034,0.0386,0.0207,0.0047,-0.027,0.0564,12,-0.1202,-0.1276,0.0325,0.0239,-0.1544,-0.0636,12,31.8217,31.4299,5.7544,3.0633,21.6449,43.8434,12,0.1808,23.8752,26.0813,6.4561,4.041,12.0071,31.3499,12,59.3447,30.0216,78.3186,25.7034,1.6184,283.0278,12,2.2161,2.2648,0.3122,0.2101,1.7241,2.6772,12
cell_15_08,0.3469,0.3776,0.1256,0.0672,0.0883,0.4939,12,-0.1152,-0.1629,0.1422,0.0396,-0.2214,0.3048,12,-0.352,-0.3863,0.089,0.0701,-0.4602,-0.205,12,33.8432,34.8004,7.7724,4.8165,20.8981,45.6873,12,0.2297,23.8752,26.0813,6.4561,4.041,12.0071,31.3499,12,59.3447,30.0216,78.3186,25.7034,1.6184,283.0278,12,2.2161,2.2648,0.3122,0.2101,1.7241,2.6772,12
cell_15_09,-0.1783,-0.1097,0.2795,0.0869,-0.8603,0.3089,12,-0.0275,-0.023,0.3151,0.1383,-0.3522,0.8061,12,0.1995,0.1705,0.2648,0.1045,-0.2097,0.8764,12,27.5189,27.9413,4.0573,2.1956,18.8845,33.2177,12,0.1474,23.8752,26.0813,6.4561,4.041,12.0071,31.3499,12,59.3447,30.0216,78.3186,25.7034,1.6184,283.0278,12,2.2161,2.2648,0.3122,0.2101,1.7241,2.6772,12
cell_15_10,0.2795,0.2464,0.1061,0.0912,0.1512,0.4221,12,-0.1802,-0.1543,0.099,0.0494,-0.353,-0.0518,12,-0.2574,-0.2376,0.099,0.0776,-0.4272,-0.0895,12,16.3923,16.7505,3.8135,2.7241,10.3914,23.7294,12,0.2326,23.8364,26.0252,6.4548,4.0199,11.9731,31.3438,12,60.2464,30.8004,76.5328,26.8958,2.0117,272.3437,12,2.1944,2.2575,0.3133,0.2303,1.6983,2.6096,12
cell_15_11,0.4312,0.4396,0.1604,0.1266,0.2367,0.7144,12,-0.2759,-0.2785,0.0888,0.0858,-0.4172,-0.169,12,-0.362,-0.3632,0.1354,0.1045,-0.6076,-0.1723,12,25.8162,25.6563,5.5934,3.3747,14.833,37.3251,12,0.2167,23.8364,26.0252,6.4548,4.0199,11.9731,31.3438,12,60.2464,30.8004,76.5328,26.8958,2.0117,272.3437,12,2.1944,2.2575,0.3133,0.2303,1.6983,2.6096,12
cell_15_12,0.3869,0.3745,0.1193,0.0481,0.2272,0.6987,12,-0.1368,-0.1309,0.0663,0.0391,-0.2836,-0.0337,12,-0.3727,-0.3662,0.1053,0.0452,-0.649,-0.2139,12,48.1783,47.4822,9.9671,5.0656,31.4717,73.2023,12,0.2069,23.8364,26.0252,6.4548,4.0199,11.9731,31.3438,12,60.2464,30.8004,76.5328,26.8958,2.0117,272.3437,12,2.1944,2.2575,0.3133,0.2303,1.6983,2.6096,12
cell_15_13,0.249,0.2557,0.0428,0.0217,0.1663,0.3162,11,-0.052,-0.0485,0.0309,0.0155,-0.1156,0.0012,11,-0.265,-0.2817,0.0546,0.018,-0.3251,-0.1624,11,72.1059,69.6829,14.1118,12.8492,52.5814,96.1516,12,0.1957,23.8364,26.0252,6.4548,4.0199,11.9731,31.3438,12,60.2464,30.8004,76.5328,26.8958,2.0117,272.3437,12,2.1944,2.2575,0.3133,0.2303,1.6983,2.6096,12
cell_15_14,0.1982,0.212,0.0357,0.0127,0.1197,0.2306,11,-0.0327,-0.0257,0.024,0.0088,-0.0849,0.0098,11,-0.2216,-0.2419,0.0445,0.0105,-0.2559,-0.1294,11,84.4827,79.356,19.916,15.6156,62.4918,116.4377,12,0.2357,23.8364,26.0252,6.4548,4.0199,11.9731,31.3438,12,60.2464,30.8004,76.5328,26.8958,2.0117,272.3437,12,2.1944,2.2575,0.3133,0.2303,1.6983,2.6096,12
cell_15_15,0.2925,0.2891,0.0736,0.0451,0.1555,0.4309,12,-0.0492,-0.0501,0.049,0.0441,-0.1246,0.0283,12,-0.3056,-0.3269,0.0843,0.0351,-0.4231,-0.0869,12,76.193,70.2126,19.3686,12.7295,56.0497,111.0387,12,0.2542,23.8364,26.0252,6.4548,4.0199,11.9731,31.3438,12,60.2464,30.8004,76.5328,26.8958,2.0117,272.3437,12,2.1944,2.2575,0.3133,0.2303,1.6983,2.6096,12
cell_15_16,0.2849,0.2836,0.0411,0.0288,0.2233,0.3531,11,-0.0601,-0.0562,0.0346,0.0247,-0.1194,-0.0067,11,-0.3049,-0.3048,0.0388,0.0311,-0.368,-0.2431,11,59.0952,53.2176,12.4823,5.9224,43.9049,78.9143,12,0.2112,23.8364,26.0252,6.4548,4.0199,11.9731,31.3438,12,60.2464,30.8004,76.5328,26.8958,2.0117,272.3437,12,2.1944,2.2575,0.3133,0.2303,1.6983,2.6096,12
cell_15_17,0.2904,0.3033,0.0544,0.0311,0.165,0.3604,12,-0.069,-0.0644,0.029,0.0271,-0.1088,-0.0275,12,-0.3084,-0.3188,0.069,0.0264,-0.3772,-0.1135,12,48.8028,47.3605,9.0071,4.3745,34.7642,64.1265,12,0.1846,23.8364,26.0252,6.4548,4.0199,11.9731,31.3438,12,60.2464,30.8004,76.5328,26.8958,2.0117,272.3437,12,2.1944,2.2575,0.3133,0.2303,1.6983,2.6096,12
cell_15_18,0.3188,0.3258,0.0427,0.0351,0.234,0.3819,11,-0.0737,-0.0728,0.0311,0.0238,-0.1214,-0.0294,11,-0.3337,-0.3414,0.0341,0.0191,-0.389,-0.2714,11,44.4445,42.647,8.0403,3.8956,30.5727,59.0188,12,0.1809,23.8364,26.0252,6.4548,4.0199,11.9731,31.3438,12,60.2464,30.8004,76.5328,26.8958,2.0117,272.3437,12,2.1944,2.2575,0.3133,0.2303,1.6983,2.6096,12
cell_15_19,0.3821,0.382,0.0489,0.0256,0.2953,0.469,10,-0.1051,-0.103,0.0327,0.0258,-0.1461,-0.0442,10,-0.3865,-0.3921,0.0397,0.0159,-0.4659,-0.3304,10,42.753,41.2178,7.763,3.5141,28.7585,59.3407,12,0.1816,23.8364,26.0252,6.4548,4.0199,11.9731,31.3438,12,60.2464,30.8004,76.5328,26.8958,2.0117,272.3437,12,2.1944,2.2575,0.3133,0.2303,1.6983,2.6096,12
cell_16_00,0.3583,0.3646,0.0682,0.0514,0.2086,0.4546,12,-0.0777,-0.0871,0.0356,0.0215,-0.117,-0.0083,12,-0.3737,-0.3843,0.0597,0.0476,-0.4601,-0.2598,12,48.353,49.4858,7.5157,3.7645,33.5912,61.6216,12,0.1554,23.8752,26.0813,6.4561,4.041,12.0071,31.3499,12,59.3447,30.0216,78.3186,25.7034,1.6184,283.0278,12,2.2161,2.2648,0.3122,0.2101,1.7241,2.6772,12
cell_16_01,0.2584,0.2658,0.0559,0.0173,0.1465,0.3455,12,-0.0574,-0.0549,0.0258,0.0118,-0.1163,-0.0149,12,-0.2808,-0.2949,0.0594,0.0172,-0.3636,-0.1473,12,50.1,50.3426,7.9297,4.5047,33.7528,65.2045,12,0.1583,23.8752,26.0813,6.4561,4.041,12.0071,31.3499,12,59.3447,30.0216,78.3186,25.7034,1.6184,283.0278,12,2.2161,2.2648,0.3122,0.2101,1.7241,2.6772,12
cell_16_02,0.3728,0.3782,0.0682,0.0326,0.2378,0.4644,12,-0.1168,-0.1211,0.034,0.0211,-0.1749,-0.0575,12,-0.3663,-0.3926,0.0733,0.0295,-0.4594,-0.1927,12,45.6145,45.9766,7.3608,3.2507,29.2562,57.2887,12,0.1614,23.8752,26.0813,6.4561,4.041,12.0071,31.3499,12,59.3447,30.0216,78.3186,25.7034,1.6184,283.0278,12,2.2161,2.2648,0.3122,0.2101,1.7241,2.6772,12
cell_16_03,0.2706,0.2766,0.0442,0.0129,0.1778,0.3176,12,-0.0514,-0.0519,0.0264,0.0068,-0.1149,-0.0077,12,-0.287,-0.3028,0.0497,0.0112,-0.3364,-0.1612,12,38.2925,38.65,6.9724,2.6598,24.1076,52.7803,12,0.1821,23.8752,26.0813,6.4561,4.041,12.0071,31.3499,12,59.3447,30.0216,78.3186,25.7034,1.6184,283.0278,12,2.2161,2.2648,0.3122,0.2101,1.7241,2.6772,12
cell_16_04,0.2217,0.2336,0.0421,0.0168,0.1312,0.2639,12,-0.0278,-0.0262,0.0286,0.0082,-0.1038,0.0075,12,-0.2498,-0.2678,0.0479,0.0112,-0.2876,-0.1338,12,32.9926,34.1804,5.6981,2.7439,20.539,44.0926,12,0.1727,23.8752,26.0813,6.4561,4.041,12.0071,31.3499,12,59.3447,30.0216,78.3186,25.7034,1.6184,283.0278,12,2.2161,2.2648,0.3122,0.2101,1.7241,2.6772,12
cell_16_05,0.3864,0.4072,0.0731,0.0431,0.2417,0.4624,12,-0.1286,-0.1472,0.0518,0.0235,-0.1806,-0.0196,12,-0.3902,-0.4223,0.0733,0.021,-0.4613,-0.2422,12,27.4236,27.4135,4.2957,2.6698,16.7692,32.3918,12,0.1566,23.8752,26.0813,6.4561,4.041,12.0071,31.3499,12,59.3447,30.0216,78.3186,25.7034,1.6184,283.0278,12,2.2161,2.2648,0.3122,0.2101,1.7241,2.6772,12
cell_16_06,0.2731,0.2862,0.0502,0.0266,0.1672,0.3308,12,-0.0892,-0.0978,0.0404,0.0206,-0.135,-0.0079,12,-0.2939,-0.3131,0.0466,0.0163,-0.3407,-0.2158,12,23.7649,24.2267,3.5238,2.2203,14.9886,27.8161,12,0.1483,23.8752,26.0813,6.4561,4.041,12.0071,31.3499,12,59.3447,30.0216,78.3186,25.7034,1.6184,283.0278,12,2.2161,2.2648,0.3122,0.2101,1.7241,2.6772,12
cell_16_07,0.0959,0.1001,0.0297,0.0126,0.0467,0.1519,12,0.007,0.0138,0.0208,0.0051,-0.0519,0.0264,12,-0.1413,-0.1461,0.0271,0.0169,-0.1767,-0.0955,12,22.2823,22.1439,3.477,2.389,14.4342,27.793,12,0.156,23.8752,26.0813,6.4561,4.041,12.0071,31.3499,12,59.3447,30.0216,78.3186,25.7034,1.6184,283.0278,12,2.2161,2.2648,0.3122,0.2101,1.7241,2.6772,12
cell_16_08,0.3378,0.3227,0.1003,0.053,0.1594,0.4723,12,-0.1995,-0.2226,0.0656,0.0404,-0.2748,-0.055,12,-0.3215,-0.3142,0.0869,0.0477,-0.4327,-0.1437,12,20.6097,20.4992,4.3855,2.6593,12.6242,30.0228,12,0.2128,23.8752,26.0813,6.4561,4.041,12.0071,31.3499,12,59.3447,30.0216,78.3186,25.7034,1.6184,283.0278,12,2.2161,2.2648,0.3122,0.2101,1.7241,2.6772,12
cell_16_09,0.1624,0.1319,0.1485,0.0562,-0.1523,0.3793,12,-0.1318,-0.1374,0.1677,0.0701,-0.3192,0.3097,12,-0.1356,-0.1286,0.1258,0.0694,-0.2851,0.1695,12,18.0139,17.6807,4.0352,2.8994,11.9636,25.1348,12,0.224,23.8752,26.0813,6.4561,4.041,12.0071,31.3499,12,59.3447,30.0216,78.3186,25.7034,1.6184,283.0278,12,2.2161,2.2648,0.3122,0.2101,1.7241,2.6772,12
cell_16_10,0.614,0.6564,0.1466,0.1118,0.3721,0.861,12,-0.2746,-0.305,0.1196,0.0382,-0.4649,-0.0325,12,-0.5567,-0.5844,0.1227,0.0886,-0.7698,-0.3342,12,24.0457,24.1872,3.6187,2.5032,19.0383,31.2716,12,0.1505,23.8364,26.0252,6.4548,4.0199,11.9731,31.3438,12,60.2464,30.8004,76.5328,26.8958,2.0117,272.3437,12,2.1944,2.2575,0.3133,0.2303,1.6983,2.6096,12
cell_16_11,0.5805,0.6079,0.1216,0.1049,0.3854,0.773,12,-0.2488,-0.2701,0.0883,0.038,-0.4006,-0.0968,12,-0.5405,-0.5618,0.1136,0.0771,-0.7125,-0.3486,12,41.013,37.4899,10.3866,6.2523,28.1017,67.4565,12,0.2533,23.8364,26.0252,6.4548,4.0199,11.9731,31.3438,12,60.2464,30.8004,76.5328,26.8958,2.0117,272.3437,12,2.1944,2.2575,0.3133,0.2303,1.6983,2.6096,12
cell_16_12,0.3765,0.38,0.0716,0.0241,0.2517,0.4971,10,-0.0883,-0.0882,0.0383,0.0295,-0.1473,-0.0209,10,-0.3808,-0.381,0.0622,0.0241,-0.483,-0.2515,10,64.8361,57.5351,15.7431,8.3582,47.8516,100.299,12,0.2428,23.8364,26.0252,6.4548,4.0199,11.9731,31.3438,12,60.2464,30.8004,76.5328,26.8958,2.0117,272.3437,12,2.1944,2.2575,0.3133,0.2303,1.6983,2.6096,12
cell_16_13,0.3117,0.3247,0.0663,0.0439,0.1826,0.3924,11,-0.0766,-0.0749,0.0488,0.0336,-0.1881,-0.0121,11,-0.3268,-0.3532,0.087,0.0337,-0.4208,-0.111,11,73.5111,67.0725,17.2413,12.6863,53.5538,104.2698,12,0.2345,23.8364,26.0252,6.4548,4.0199,11.9731,31.3438,12,60.2464,30.8004,76.5328,26.8958,2.0117,272.3437,12,2.1944,2.2575,0.3133,0.2303,1.6983,2.6096,12
cell_16_14,0.2245,0.2405,0.0424,0.0234,0.1386,0.2782,11,-0.046,-0.0192,0.0978,0.0151,-0.3296,0.0306,11,-0.2486,-0.2745,0.0593,0.0238,-0.3055,-0.1247,11,77.3315,68.2006,19.9374,9.5942,56.7852,112.1423,12,0.2578,23.8364,26.0252,6.4548,4.0199,11.9731,31.3438,12,60.2464,30.8004,76.5328,26.8958,2.0117,272.3437,12,2.1944,2.2575,0.3133,0.2303,1.6983,2.6096,12
cell_16_15,0.2111,0.1955,0.0845,0.0085,0.1384,0.4552,11,-0.0286,-0.0143,0.046,0.0072,-0.1537,0.0179,11,-0.2456,-0.2384,0.0596,0.0046,-0.4112,-0.1645,11,74.2651,66.0612,18.183,10.3256,54.849,107.2706,12,0.2448,23.8364,26.0252,6.4548,4.0199,11.9731,31.3438,12,60.2464,30.8004,76.5328,26.8958,2.0117,272.3437,12,2.1944,2.2575,0.3133,0.2303,1.6983,2.6096,12
cell_16_16,0.3122,0.3157,0.0629,0.0308,0.2184,0.4529,11,-0.0808,-0.0687,0.0427,0.0254,-0.1741,-0.0232,11,-0.3307,-0.3405,0.0511,0.0169,-0.4201,-0.2206,11,60.7516,55.7875,11.6205,4.9975,43.6527,82.0169,12,0.1913,23.8364,26.0252,6.4548,4.0199,11.9731,31.3438,12,60.2464,30.8004,76.5328,26.8958,2.0117,272.3437,12,2.1944,2.2575,0.3133,0.2303,1.6983,2.6096,12
cell_16_17,0.2421,0.2644,0.0819,0.0193,0.0237,0.315,11,-0.0455,-0.0468,0.0556,0.0255,-0.1245,0.0882,11,-0.2688,-0.3019,0.0858,0.018,-0.3363,-0.0416,11,47.1525,45.359,8.1428,2.8759,33.5461,65.285,12,0.1727,23.8364,26.0252,6.4548,4.0199,11.9731,31.3438,12,60.2464,30.8004,76.5328,26.8958,2.0117,272.3437,12,2.1944,2.2575,0.3133,0.2303,1.6983,2.6096,12
cell_16_18,0.2892,0.3025,0.0484,0.0314,0.1909,0.3463,11,-0.0731,-0.0663,0.0336,0.0237,-0.1375,-0.0192,11,-0.3091,-0.323,0.0497,0.0241,-0.3605,-0.1782,11,43.1082,41.4045,8.1936,2.7816,30.1275,62.952,12,0.1901,23.8364,26.0252,6.4548,4.0199,11.9731,31.3438,12,60.2464,30.8004,76.5328,26.8958,2.0117,272.3437,12,2.1944,2.2575,0.3133,0.2303,1.6983,2.6096,12
cell_16_19,0.2639,0.2645,0.0419,0.0251,0.1913,0.3162,11,-0.0644,-0.0575,0.0317,0.023,-0.1246,-0.0171,11,-0.2855,-0.296,0.0423,0.0161,-0.3325,-0.189,11,42.1564,40.7518,8.2474,2.8614,28.5244,62.4228,12,0.1956,23.8364,26.0252,6.4548,4.0199,11.9731,31.3438,12,60.2464,30.8004,76.5328,26.8958,2.0117,272.3437,12,2.1944,2.2575,0.3133,0.2303,1.6983,2.6096,12
cell_17_00,0.2889,0.295,0.0624,0.0398,0.1616,0.3827,12,-0.0377,-0.0428,0.0371,0.0286,-0.0984,0.0342,12,-0.3334,-0.3347,0.0537,0.0353,-0.4119,-0.2449,12,40.3566,39.3077,6.4236,5.1672,30.8935,52.6622,12,0.1592,23.8752,26.0813,6.4561,4.041,12.0071,31.3499,12,59.3447,30.0216,78.3186,25.7034,1.6184,283.0278,12,2.2161,2.2648,0.3122,0.2101,1.7241,2.6772,12
cell_17_01,0.2269,0.2308,0.0564,0.0133,0.1339,0.3585,12,-0.0342,-0.0316,0.0217,0.0114,-0.076,0.0031,12,-0.2523,-0.261,0.0519,0.0101,-0.3691,-0.1585,12,46.4354,45.9553,7.3471,4.6692,33.2115,60.7959,12,0.1582,23.8752,26.0813,6.4561,4.041,12.0071,31.3499,12,59.3447,30.0216,78.3186,25.7034,1.6184,283.0278,12,2.2161,2.2648,0.3122,0.2101,1.7241,2.6772,12
cell_17_02,0.2949,0.2992,0.0573,0.0271,0.183,0.3624,12,-0.0692,-0.0652,0.0257,0.0131,-0.1253,-0.0266,12,-0.3059,-0.3274,0.059,0.0209,-0.377,-0.1775,12,49.3135,49.8277,8.5237,5.5872,33.3686,64.8099,12,0.1728,23.8752,26.0813,6.4561,4.041,12.0071,31.3499,12,59.3447,30.0216,78.3186,25.7034,1.6184,283.0278,12,2.2161,2.2648,0.3122,0.2101,1.7241,2.6772,12
cell_17_03,0.4192,0.4289,0.0898,0.0408,0.2453,0.5368,12,-0.131,-0.1327,0.0378,0.03,-0.176,-0.0487,12,-0.395,-0.4162,0.0873,0.038,-0.5084,-0.2305,12,41.9541,41.2415,6.9931,4.066,29.4352,53.8626,12,0.1667,23.8752,26.0813,6.4561,4.041,12.0071,31.3499,12,59.3447,30.0216,78.3186,25.7034,1.6184,283.0278,12,2.2161,2.2648,0.3122,0.2101,1.7241,2.6772,12
cell_17_04,0.3823,0.4018,0.0794,0.0361,0.2215,0.474,12,-0.1524,-0.1631,0.0435,0.0212,-0.1894,-0.0418,12,-0.3668,-0.3899,0.074,0.039,-0.4624,-0.2193,12,31.2269,31.5638,4.3601,2.8973,22.2894,37.7997,12,0.1396,23.8752,26.0813,6.4561,4.041,12.0071,31.3499,12,59.3447,30.0216,78.3186,25.7034,1.6184,283.0278,12,2.2161,2.2648,0.3122,0.2101,1.7241,2.6772,12
cell_17_05,0.6429,0.6973,0.1346,0.091,0.4419,0.8071,12,-0.2781,-0.3319,0.1282,0.0531,-0.3877,-0.0232,12,-0.6179,-0.6657,0.1209,0.0504,-0.7767,-0.4017,12,24.5061,25.4559,3.2714,1.1933,17.0937,28.9242,12,0.1335,23.8752,26.0813,6.4561,4.041,12.0071,31.3499,12,59.3447,30.0216,78.3186,25.7034,1.6184,283.0278,12,2.2161,2.2648,0.3122,0.2101,1.7241,2.6772,12
cell_17_06,0.5561,0.5698,0.1101,0.0963,0.3804,0.7045,12,-0.1932,-0.2389,0.1034,0.0417,-0.282,-0.0038,12,-0.5419,-0.5683,0.0931,0.0494,-0.6679,-0.3654,12,21.8988,22.4412,2.9636,1.3341,15.2096,25.6217,12,0.1353,23.8752,26.0813,6.4561,4.041,12.0071,31.3499,12,59.3447,30.0216,78.3186,25.7034,1.6184,283.0278,12,2.2161,2.2648,0.3122,0.2101,1.7241,2.6772,12
cell_17_07,0.5153,0.5369,0.1094,0.0822,0.3187,0.6325,12,-0.1872,-0.2216,0.07,0.0295,-0.2527,-0.0413,12,-0.4962,-0.5308,0.0931,0.043,-0.5934,-0.344,12,21.2699,22.0825,2.8154,1.382,15.5285,24.8652,12,0.1324,23.8752,26.0813,6.4561,4.041,12.0071,31.3499,12,59.3447,30.0216,78.3186,25.7034,1.6184,283.0278,12,2.2161,2.2648,0.3122,0.2101,1.7241,2.6772,12
cell_17_08,0.2291,0.2027,0.1259,0.0887,0.0843,0.5108,12,-0.1696,-0.1489,0.0728,0.0379,-0.3301,-0.0766,12,-0.2057,-0.1749,0.1162,0.0667,-0.4818,-0.0529,12,20.7686,21.5459,2.6436,1.081,15.2238,24.4609,12,0.1273,23.8752,26.0813,6.4561,4.041,12.0071,31.3499,12,59.3447,30.0216,78.3186,25.7034,1.6184,283.0278,12,2.2161,2.2648,0.3122,0.2101,1.7241,2.6772,12
cell_17_09,0.3698,0.4131,0.1363,0.0861,0.115,0.5592,12,-0.1018,-0.1025,0.0448,0.022,-0.1753,-0.0247,12,-0.3512,-0.3821,0.125,0.0653,-0.5112,-0.1213,12,19.9783,20.8734,3.0565,2.3683,14.4412,24.5738,12,0.153,23.8752,26.0813,6.4561,4.041,12.0071,31.3499,12,59.3447,30.0216,78.3186,25.7034,1.6184,283.0278,12,2.2161,2.2648,0.3122,0.2101,1.7241,2.6772,12
cell_17_10,0.4877,0.5207,0.0802,0.0317,0.3265,0.57,12,-0.1925,-0.1996,0.0556,0.0284,-0.2479,-0.0544,12,-0.4491,-0.4848,0.0795,0.025,-0.5353,-0.2814,12,39.166,38.1672,5.5713,3.8883,30.7842,50.1889,12,0.1422,23.8364,26.0252,6.4548,4.0199,11.9731,31.3438,12,60.2464,30.8004,76.5328,26.8958,2.0117,272.3437,12,2.1944,2.2575,0.3133,0.2303,1.6983,2.6096,12
cell_17_11,0.4384,0.4395,0.0958,0.0486,0.2952,0.6141,12,-0.1507,-0.1453,0.0574,0.0475,-0.2616,-0.0617,12,-0.4222,-0.4276,0.0989,0.0429,-0.5793,-0.2172,12,50.7566,47.3728,10.9904,5.8386,38.6659,77.4996,12,0.2165,23.8364,26.0252,6.4548,4.0199,11.9731,31.3438,12,60.2464,30.8004,76.5328,26.8958,2.0117,272.3437,12,2.1944,2.2575,0.3133,0.2303,1.6983,2.6096,12
cell_17_12,0.255,0.2828,0.0664,0.0219,0.1076,0.3235,11,-0.037,-0.0417,0.0377,0.0132,-0.1098,0.0341,11,-0.2795,-0.3059,0.0669,0.0267,-0.3514,-0.1277,11,64.0051,58.4806,14.4996,8.1812,46.9052,93.497,12,0.2265,23.8364,26.0252,6.4548,4.0199,11.9731,31.3438,12,60.2464,30.8004,76.5328,26.8958,2.0117,272.3437,12,2.1944,2.2575,0.3133,0.2303,1.6983,2.6096,12
cell_17_13,0.305,0.3258,0.0609,0.0344,0.2091,0.3936,11,-0.0581,-0.0594,0.0293,0.0216,-0.1147,-0.0049,11,-0.3217,-0.3426,0.0722,0.0299,-0.4248,-0.1674,11,66.8427,61.49,14.7127,8.8658,51.9025,94.815,12,0.2201,23.8364,26.0252,6.4548,4.0199,11.9731,31.3438,12,60.2464,30.8004,76.5328,26.8958,2.0117,272.3437,12,2.1944,2.2575,0.3133,0.2303,1.6983,2.6096,12
cell_17_14,0.2087,0.2186,0.0318,0.0231,0.1531,0.2505,10,-0.0207,-0.0175,0.0234,0.0147,-0.0681,0.0111,10,-0.2478,-0.2565,0.031,0.0126,-0.2806,-0.1725,10,64.4293,58.6633,13.2478,6.7515,51.7212,87.9605,12,0.2056,23.8364,26.0252,6.4548,4.0199,11.9731,31.3438,12,60.2464,30.8004,76.5328,26.8958,2.0117,272.3437,12,2.1944,2.2575,0.3133,0.2303,1.6983,2.6096,12
cell_17_15,0.2068,0.2107,0.0297,0.0149,0.154,0.2451,10,-0.0249,-0.0205,0.0255,0.014,-0.0773,0.0119,10,-0.243,-0.2457,0.029,0.0117,-0.2735,-0.1712,10,61.7646,57.1542,12.1885,5.4786,45.8001,86.1749,12,0.1973,23.8364,26.0252,6.4548,4.0199,11.9731,31.3438,12,60.2464,30.8004,76.5328,26.8958,2.0117,272.3437,12,2.1944,2.2575,0.3133,0.2303,1.6983,2.6096,12
cell_17_16,0.2439,0.2517,0.0332,0.0194,0.1859,0.2889,10,-0.0498,-0.0424,0.0257,0.0137,-0.0986,-0.0119,10,-0.2731,-0.28,0.0326,0.0132,-0.3138,-0.196,10,56.9328,53.0236,10.7348,4.1424,39.8348,77.183,12,0.1886,23.8364,26.0252,6.4548,4.0199,11.9731,31.3438,12,60.2464,30.8004,76.5328,26.8958,2.0117,272.3437,12,2.1944,2.2575,0.3133,0.2303,1.6983,2.6096,12
cell_17_17,0.2648,0.2788,0.049,0.0216,0.1599,0.3176,10,-0.0472,-0.0434,0.0285,0.0132,-0.1101,-0.0064,10,-0.2948,-0.3068,0.0535,0.0164,-0.3532,-0.1607,10,50.0242,48.5875,8.2464,2.584,34.7866,66.6779,12,0.1648,23.8364,26.0252,6.4548,4.0199,11.9731,31.3438,12,60.2464,30.8004,76.5328,26.8958,2.0117,272.3437,12,2.1944,2.2575,0.3133,0.2303,1.6983,2.6096,12
cell_17_18,0.1718,0.1727,0.0466,0.0078,0.0914,0.2769,11,-0.0089,0.0067,0.032,0.0087,-0.0791,0.0223,11,-0.2066,-0.2184,0.047,0.0056,-0.2735,-0.0831,11,45.2386,44.4008,7.9595,3.0368,30.6733,63.1351,12,0.1759,23.8364,26.0252,6.4548,4.0199,11.9731,31.3438,12,60.2464,30.8004,76.5328,26.8958,2.0117,272.3437,12,2.1944,2.2575,0.3133,0.2303,1.6983,2.6096,12
cell_17_19,0.2472,0.254,0.0449,0.0109,0.159,0.3185,11,-0.0482,-0.0348,0.0329,0.0209,-0.1105,0.0057,11,-0.2728,-0.2853,0.0504,0.0176,-0.336,-0.1408,11,43.0814,41.6799,8.2965,2.5758,28.0887,59.9971,12,0.1926,23.8364,26.0252,6.4548,4.0199,11.9731,31.3438,12,60.2464,30.8004,76.5328,26.8958,2.0117,272.3437,12,2.1944,2.2575,0.3133,0.2303,1.6983,2.6096,12
cell_18_00,0.2842,0.2926,0.0572,0.0244,0.1534,0.3554,12,-0.0433,-0.0534,0.0299,0.0167,-0.0816,0.0244,12,-0.3154,-0.331,0.0554,0.0199,-0.3848,-0.2154,12,42.0248,41.1425,6.2544,4.9965,33.2385,54.3897,12,0.1488,23.8752,26.0813,6.4561,4.041,12.0071,31.3499,12,59.3447,30.0216,78.3186,25.7034,1.6184,283.0278,12,2.2161,2.2648,0.3122,0.2101,1.7241,2.6772,12
cell_18_01,0.2896,0.3,0.0551,0.027,0.1757,0.3676,12,-0.0574,-0.0637,0.0283,0.0143,-0.1107,-0.0107,12,-0.3052,-0.319,0.0523,0.029,-0.3803,-0.2202,12,48.4705,48.4765,7.9084,5.7261,36.9152,63.6469,12,0.1632,23.8752,26.0813,6.4561,4.041,12.0071,31.3499,12,59.3447,30.0216,78.3186,25.7034,1.6184,283.0278,12,2.2161,2.2648,0.3122,0.2101,1.7241,2.6772,12
cell_18_02,0.2303,0.24,0.0458,0.0147,0.1319,0.2845,12,-0.03,-0.0316,0.0259,0.0104,-0.0921,0.0091,12,-0.2528,-0.268,0.0462,0.0136,-0.304,-0.1517,12,52.5488,52.9133,9.3991,8.3159,40.0914,69.1354,12,0.1789,23.8752,26.0813,6.4561,4.041,12.0071,31.3499,12,59.3447,30.0216,78.3186,25.7034,1.6184,283.0278,12,2.2161,2.2648,0.3122,0.2101,1.7241,2.6772,12
cell_18_03,0.3291,0.3381,0.0755,0.0333,0.1787,0.4571,12,-0.0793,-0.0776,0.0381,0.0259,-0.1329,0.0006,12,-0.3371,-0.3561,0.0725,0.0356,-0.4539,-0.1956,12,45.6934,42.2022,7.6983,4.825,37.0492,59.0417,12,0.1685,23.8752,26.0813,6.4561,4.041,12.0071,31.3499,12,59.3447,30.0216,78.3186,25.7034,1.6184,283.0278,12,2.2161,2.2648,0.3122,0.2101,1.7241,2.6772,12
cell_18_04,0.4055,0.4244,0.0942,0.0492,0.2102,0.5466,12,-0.1074,-0.1133,0.0567,0.0424,-0.179,0.0131,12,-0.3908,-0.4103,0.0737,0.0361,-0.5017,-0.2562,12,31.9376,31.994,4.0303,2.9146,24.65,38.7774,12,0.1262,23.8752,26.0813,6.4561,4.041,12.0071,31.3499,12,59.3447,30.0216,78.3186,25.7034,1.6184,283.0278,12,2.2161,2.2648,0.3122,0.2101,1.7241,2.6772,12
cell_18_05,0.3763,0.3836,0.0875,0.0495,0.1989,0.4927,12,-0.0962,-0.1067,0.0676,0.0506,-0.1891,0.0205,12,-0.3787,-0.401,0.0645,0.0322,-0.4541,-0.2697,12,23.9163,24.6277,3.0032,1.1237,18.3438,28.294,12,0.1256,23.8752,26.0813,6.4561,4.041,12.0071,31.3499,12,59.3447,30.0216,78.3186,25.7034,1.6184,283.0278,12,2.2161,2.2648,0.3122,0.2101,1.7241,2.6772,12
cell_18_06,0.4311,0.4285,0.101,0.0538,0.27,0.5985,12,-0.0998,-0.0952,0.0859,0.0675,-0.2464,0.0203,12,-0.437,-0.4474,0.0838,0.0388,-0.5567,-0.2973,12,21.1761,21.6074,2.8988,1.7222,15.4284,24.7931,12,0.1369,23.8752,26.0813,6.4561,4.041,12.0071,31.3499,12,59.3447,30.0216,78.3186,25.7034,1.6184,283.0278,12,2.2161,2.2648,0.3122,0.2101,1.7241,2.6772,12
cell_18_07,0.1898,0.2294,0.0922,0.0357,-0.0224,0.3104,12,-0.0611,-0.0502,0.085,0.0263,-0.2263,0.0807,12,-0.1875,-0.2223,0.0928,0.0283,-0.2532,0.069,12,20.6125,21.1005,2.8539,1.7149,14.8338,23.5743,12,0.1385,23.8752,26.0813,6.4561,4.041,12.0071,31.3499,12,59.3447,30.0216,78.3186,25.7034,1.6184,283.0278,12,2.2161,2.2648,0.3122,0.2101,1.7241,2.6772,12
cell_18_08,0.2961,0.3099,0.0735,0.0405,0.1449,0.3928,12,-0.0732,-0.0543,0.0507,0.0262,-0.1749,0.0147,12,-0.2904,-0.2952,0.056,0.0418,-0.3733,-0.186,12,23.3672,23.4322,1.892,1.186,19.4833,26.5374,12,0.081,23.8752,26.0813,6.4561,4.041,12.0071,31.3499,12,59.3447,30.0216,78.3186,25.7034,1.6184,283.0278,12,2.2161,2.2648,0.3122,0.2101,1.7241,2.6772,12
cell_18_09,0.4681,0.4798,0.0687,0.0263,0.3113,0.5466,12,-0.1799,-0.1835,0.0359,0.0238,-0.2431,-0.102,12,-0.437,-0.4479,0.0611,0.0404,-0.5046,-0.2976,12,27.6278,27.8257,2.9213,1.6339,21.995,32.6292,12,0.1057,23.8752,26.0813,6.4561,4.041,12.0071,31.3499,12,59.3447,30.0216,78.3186,25.7034,1.6184,283.0278,12,2.2161,2.2648,0.3122,0.2101,1.7241,2.6772,12
cell_18_10,0.4343,0.4345,0.0747,0.0528,0.3008,0.559,12,-0.1394,-0.128,0.0485,0.0282,-0.2045,-0.0469,12,-0.4194,-0.4286,0.0778,0.0443,-0.5394,-0.274,12,48.0046,48.3206,9.9684,7.7225,37.907,71.9942,12,0.2077,23.8364,26.0252,6.4548,4.0199,11.9731,31.3438,12,60.2464,30.8004,76.5328,26.8958,2.0117,272.3437,12,2.1944,2.2575,0.3133,0.2303,1.6983,2.6096,12
cell_18_11,0.3484,0.3499,0.061,0.0376,0.242,0.4514,12,-0.1067,-0.1105,0.0382,0.0285,-0.1586,-0.0416,12,-0.35,-0.3638,0.0712,0.0327,-0.4531,-0.1753,12,48.6471,44.5832,8.2856,3.3418,40.876,63.4512,12,0.1703,23.8364,26.0252,6.4548,4.0199,11.9731,31.3438,12,60.2464,30.8004,76.5328,26.8958,2.0117,272.3437,12,2.1944,2.2575,0.3133,0.2303,1.6983,2.6096,12
cell_18_12,0.2159,0.2196,0.0347,0.0193,0.1611,0.2743,12,-0.0304,-0.0189,0.0431,0.013,-0.1512,0.0187,12,-0.2426,-0.2504,0.0322,0.0268,-0.2817,-0.1958,12,55.3935,52.2928,9.995,5.8227,42.6015,74.5302,12,0.1804,23.8364,26.0252,6.4548,4.0199,11.9731,31.3438,12,60.2464,30.8004,76.5328,26.8958,2.0117,272.3437,12,2.1944,2.2575,0.3133,0.2303,1.6983,2.6096,12
cell_18_13,0.1596,0.1769,0.0533,0.013,0.0127,0.1985,11,0.0302,0.0237,0.0424,0.0103,-0.0104,0.1497,11,-0.1996,-0.2201,0.0573,0.006,-0.2301,-0.0334,11,62.0308,59.4061,12.3625,7.9786,45.4093,86.3153,12,0.1993,23.8364,26.0252,6.4548,4.0199,11.9731,31.3438,12,60.2464,30.8004,76.5328,26.8958,2.0117,272.3437,12,2.1944,2.2575,0.3133,0.2303,1.6983,2.6096,12
cell_18_14,0.1918,0.1984,0.0285,0.0096,0.1422,0.2273,10,0.007,0.0129,0.0205,0.0118,-0.0335,0.0323,10,-0.2287,-0.2363,0.0262,0.0066,-0.263,-0.1696,10,61.2902,56.6864,13.0025,6.7745,43.3897,85.2744,12,0.2121,23.8364,26.0252,6.4548,4.0199,11.9731,31.3438,12,60.2464,30.8004,76.5328,26.8958,2.0117,272.3437,12,2.1944,2.2575,0.3133,0.2303,1.6983,2.6096,12
cell_18_15,0.2251,0.229,0.0348,0.0202,0.1655,0.2773,10,-0.027,-0.0232,0.0265,0.0174,-0.0787,0.0133,10,-0.2615,-0.2651,0.0334,0.0153,-0.3084,-0.1836,10,57.4881,52.6073,11.6071,4.5521,40.2325,79.2852,12,0.2019,23.8364,26.0252,6.4548,4.0199,11.9731,31.3438,12,60.2464,30.8004,76.5328,26.8958,2.0117,272.3437,12,2.1944,2.2575,0.3133,0.2303,1.6983,2.6096,12
cell_18_16,0.2272,0.23,0.0299,0.0185,0.1814,0.2784,11,-0.034,-0.0312,0.0265,0.0132,-0.0794,0.0078,11,-0.2608,-0.2659,0.0291,0.0113,-0.3099,-0.2107,11,54.038,50.7809,10.3266,3.9867,37.026,72.6036,12,0.1911,23.8364,26.0252,6.4548,4.0199,11.9731,31.3438,12,60.2464,30.8004,76.5328,26.8958,2.0117,272.3437,12,2.1944,2.2575,0.3133,0.2303,1.6983,2.6096,12
cell_18_17,0.2323,0.2445,0.0438,0.0219,0.1632,0.2917,11,-0.0413,-0.0364,0.0288,0.0161,-0.093,0.0065,11,-0.2618,-0.2764,0.0435,0.0179,-0.3163,-0.1775,11,50.5651,47.9932,8.5131,3.2299,34.8762,65.8461,12,0.1684,23.8364,26.0252,6.4548,4.0199,11.9731,31.3438,12,60.2464,30.8004,76.5328,26.8958,2.0117,272.3437,12,2.1944,2.2575,0.3133,0.2303,1.6983,2.6096,12
cell_18_18,0.199,0.2054,0.0373,0.0103,0.1307,0.2461,10,-0.0161,-0.0122,0.027,0.0124,-0.0677,0.0303,10,-0.236,-0.246,0.0385,0.0125,-0.2806,-0.1419,10,48.8798,47.6022,8.0669,4.2027,32.9395,60.9218,12,0.165,23.8364,26.0252,6.4548,4.0199,11.9731,31.3438,12,60.2464,30.8004,76.5328,26.8958,2.0117,272.3437,12,2.1944,2.2575,0.3133,0.2303,1.6983,2.6096,12
cell_18_19,0.269,0.2614,0.0662,0.0336,0.1752,0.3909,11,-0.0012,0.0148,0.0388,0.0114,-0.0673,0.0623,11,-0.3103,-0.3129,0.0562,0.0316,-0.4029,-0.1891,11,48.4464,47.1671,9.4286,4.6361,32.309,68.9403,12,0.1946,23.8364,26.0252,6.4548,4.0199,11.9731,31.3438,12,60.2464,30.8004,76.5328,26.8958,2.0117,272.3437,12,2.1944,2.2575,0.3133,0.2303,1.6983,2.6096,12
cell_19_00,0.2827,0.2891,0.0578,0.0315,0.1432,0.3424,12,-0.0505,-0.0515,0.0223,0.0114,-0.0904,-0.005,12,-0.3044,-0.3196,0.0577,0.0275,-0.3643,-0.1916,12,50.2149,49.4129,8.0967,7.2234,39.908,66.6248,12,0.1612,23.8752,26.0813,6.4561,4.041,12.0071,31.3499,12,59.3447,30.0216,78.3186,25.7034,1.6184,283.0278,12,2.2161,2.2648,0.3122,0.2101,1.7241,2.6772,12
cell_19_01,0.1708,0.1754,0.0337,0.0109,0.0817,0.2092,12,0.0091,0.0083,0.0188,0.0136,-0.0221,0.0441,12,-0.2179,-0.2282,0.0307,0.0083,-0.2557,-0.1505,12,59.2586,59.7272,10.0773,8.4316,44.8014,76.8409,12,0.1701,23.8752,26.0813,6.4561,4.041,12.0071,31.3499,12,59.3447,30.0216,78.3186,25.7034,1.6184,283.0278,12,2.2161,2.2648,0.3122,0.2101,1.7241,2.6772,12
cell_19_02,0.3823,0.3924,0.079,0.0475,0.2167,0.4946,12,-0.0889,-0.0881,0.0405,0.0297,-0.1377,-0.0012,12,-0.3866,-0.402,0.0745,0.0408,-0.4839,-0.2611,12,57.8165,56.8454,11.3723,8.4289,39.5023,77.7259,12,0.1967,23.8752,26.0813,6.4561,4.041,12.0071,31.3499,12,59.3447,30.0216,78.3186,25.7034,1.6184,283.0278,12,2.2161,2.2648,0.3122,0.2101,1.7241,2.6772,12
cell_19_03,0.3244,0.343,0.0612,0.0202,0.1891,0.3799,12,-0.0719,-0.0739,0.0274,0.0174,-0.1165,-0.0088,12,-0.3337,-0.3562,0.0636,0.0206,-0.3925,-0.1906,12,42.4637,39.5422,8.6767,4.1698,28.8908,57.6789,12,0.2043,23.8752,26.0813,6.4561,4.041,12.0071,31.3499,12,59.3447,30.0216,78.3186,25.7034,1.6184,283.0278,12,2.2161,2.2648,0.3122,0.2101,1.7241,2.6772,12
cell_19_04,0.4781,0.5059,0.0905,0.0392,0.2878,0.5928,12,-0.1518,-0.1559,0.0491,0.0194,-0.2101,-0.0334,12,-0.4488,-0.4753,0.0779,0.0273,-0.5509,-0.3222,12,27.7927,27.7998,4.135,2.4808,20.4436,36.1188,12,0.1488,23.8752,26.0813,6.4561,4.041,12.0071,31.3499,12,59.3447,30.0216,78.3186,25.7034,1.6184,283.0278,12,2.2161,2.2648,0.3122,0.2101,1.7241,2.6772,12
cell_19_05,0.4449,0.4572,0.0812,0.0456,0.2875,0.5484,12,-0.1443,-0.1527,0.0566,0.0387,-0.2353,-0.0371,12,-0.4188,-0.435,0.0621,0.0282,-0.4845,-0.3188,12,19.1404,19.2809,2.6355,1.7857,14.346,24.1143,12,0.1377,23.8752,26.0813,6.4561,4.041,12.0071,31.3499,12,59.3447,30.0216,78.3186,25.7034,1.6184,283.0278,12,2.2161,2.2648,0.3122,0.2101,1.7241,2.6772,12
cell_19_06,0.0118,0.0183,0.1339,0.1094,-0.2486,0.2252,11,-0.1009,-0.0521,0.1411,0.0782,-0.331,0.0674,11,0.009,0.0297,0.1209,0.0855,-0.1479,0.247,11,16.135,16.0205,3.2117,2.3533,10.5181,21.0597,12,0.1991,23.8752,26.0813,6.4561,4.041,12.0071,31.3499,12,59.3447,30.0216,78.3186,25.7034,1.6184,283.0278,12,2.2161,2.2648,0.3122,0.2101,1.7241,2.6772,12
cell_19_07,0.1158,0.1482,0.2404,0.0961,-0.5893,0.301,12,-0.0773,-0.0838,0.1621,0.0733,-0.24,0.3772,12,-0.0915,-0.1309,0.244,0.0773,-0.2817,0.6444,12,15.9654,15.4792,3.4179,2.3829,9.857,21.705,12,0.2141,23.8752,26.0813,6.4561,4.041,12.0071,31.3499,12,59.3447,30.0216,78.3186,25.7034,1.6184,283.0278,12,2.2161,2.2648,0.3122,0.2101,1.7241,2.6772,12
cell_19_08,0.3268,0.3429,0.0885,0.0702,0.1476,0.4151,12,-0.0751,-0.0843,0.0326,0.014,-0.1402,-0.0003,12,-0.3202,-0.3325,0.0839,0.0671,-0.42,-0.142,12,21.2735,21.6267,2.3462,1.3267,16.4234,24.4539,12,0.1103,23.8752,26.0813,6.4561,4.041,12.0071,31.3499,12,59.3447,30.0216,78.3186,25.7034,1.6184,283.0278,12,2.2161,2.2648,0.3122,0.2101,1.7241,2.6772,12
cell_19_09,0.4444,0.4535,0.0865,0.0719,0.2718,0.5484,12,-0.2016,-0.2095,0.0425,0.0211,-0.2509,-0.1045,12,-0.4033,-0.4091,0.085,0.0704,-0.5011,-0.2594,12,34.3766,32.6907,5.61,2.6674,27.7702,46.4149,12,0.1632,23.8752,26.0813,6.4561,4.041,12.0071,31.3499,12,59.3447,30.0216,78.3186,25.7034,1.6184,283.0278,12,2.2161,2.2648,0.3122,0.2101,1.7241,2.6772,12
cell_19_10,0.3932,0.3928,0.0778,0.0627,0.2756,0.5343,12,-0.1018,-0.1034,0.053,0.0499,-0.1653,0.0025,12,-0.3942,-0.394,0.0754,0.052,-0.5388,-0.2588,12,51.0054,47.519,9.7877,6.0042,40.7314,73.8507,12,0.1919,23.8364,26.0252,6.4548,4.0199,11.9731,31.3438,12,60.2464,30.8004,76.5328,26.8958,2.0117,272.3437,12,2.1944,2.2575,0.3133,0.2303,1.6983,2.6096,12
cell_19_11,0.2559,0.2627,0.0523,0.0367,0.1714,0.3433,12,-0.0651,-0.0601,0.0379,0.0288,-0.1421,-0.0032,12,-0.2749,-0.2931,0.0639,0.0308,-0.3641,-0.1158,12,49.3203,48.4787,8.684,5.8731,35.7637,66.1391,12,0.1761,23.8364,26.0252,6.4548,4.0199,11.9731,31.3438,12,60.2464,30.8004,76.5328,26.8958,2.0117,272.3437,12,2.1944,2.2575,0.3133,0.2303,1.6983,2.6096,12
cell_19_12,0.2023,0.2035,0.0281,0.0168,0.1506,0.2458,11,-0.0012,0.0084,0.0224,0.0081,-0.0385,0.0348,11,-0.2397,-0.2427,0.0241,0.0206,-0.2748,-0.1984,11,54.7512,55.7242,9.6613,5.6759,38.0098,72.2957,12,0.1765,23.8364,26.0252,6.4548,4.0199,11.9731,31.3438,12,60.2464,30.8004,76.5328,26.8958,2.0117,272.3437,12,2.1944,2.2575,0.3133,0.2303,1.6983,2.6096,12
cell_19_13,0.1621,0.1674,0.0231,0.0107,0.1104,0.195,11,0.0354,0.0379,0.0188,0.0112,0.0043,0.0656,11,-0.2063,-0.2123,0.017,0.0079,-0.228,-0.1722,11,57.2413,57.0968,9.8775,7.417,41.0486,74.7541,12,0.1726,23.8364,26.0252,6.4548,4.0199,11.9731,31.3438,12,60.2464,30.8004,76.5328,26.8958,2.0117,272.3437,12,2.1944,2.2575,0.3133,0.2303,1.6983,2.6096,12
cell_19_14,0.1481,0.156,0.0207,0.0064,0.11,0.1666,10,0.0533,0.0581,0.0182,0.0102,0.0148,0.074,10,-0.1984,-0.2035,0.0203,0.0072,-0.2197,-0.1469,10,54.0744,51.0482,10.2573,4.987,38.3797,74.4233,12,0.1897,23.8364,26.0252,6.4548,4.0199,11.9731,31.3438,12,60.2464,30.8004,76.5328,26.8958,2.0117,272.3437,12,2.1944,2.2575,0.3133,0.2303,1.6983,2.6096,12
cell_19_15,0.1937,0.1999,0.0321,0.0096,0.1369,0.2339,10,0.0166,0.0201,0.0234,0.0114,-0.0339,0.0528,10,-0.2356,-0.2391,0.0307,0.0105,-0.2742,-0.1638,10,52.6844,49.3757,10.1656,4.6479,36.8,73.4593,12,0.193,23.8364,26.0252,6.4548,4.0199,11.9731,31.3438,12,60.2464,30.8004,76.5328,26.8958,2.0117,272.3437,12,2.1944,2.2575,0.3133,0.2303,1.6983,2.6096,12
cell_19_16,0.2952,0.3018,0.0634,0.0168,0.1915,0.4088,11,-0.0435,-0.0473,0.0305,0.0263,-0.0867,0.0137,11,-0.3232,-0.3297,0.0618,0.0245,-0.4275,-0.1974,11,52.8547,50.0344,9.6561,4.2567,36.1051,70.4094,12,0.1827,23.8364,26.0252,6.4548,4.0199,11.9731,31.3438,12,60.2464,30.8004,76.5328,26.8958,2.0117,272.3437,12,2.1944,2.2575,0.3133,0.2303,1.6983,2.6096,12
cell_19_17,0.2884,0.2948,0.0499,0.0319,0.2027,0.3781,11,-0.0598,-0.0619,0.0311,0.0258,-0.1016,-0.0049,11,-0.3097,-0.3154,0.0444,0.0254,-0.3943,-0.2443,11,53.1047,50.8074,9.0882,4.3286,35.8325,69.7996,12,0.1711,23.8364,26.0252,6.4548,4.0199,11.9731,31.3438,12,60.2464,30.8004,76.5328,26.8958,2.0117,272.3437,12,2.1944,2.2575,0.3133,0.2303,1.6983,2.6096,12
cell_19_18,0.2742,0.2625,0.0686,0.0152,0.1661,0.4203,11,-0.0223,-0.0091,0.0463,0.0217,-0.1107,0.0519,11,-0.3136,-0.3074,0.0496,0.0132,-0.4226,-0.2446,11,55.2955,54.0985,8.4744,4.0831,37.626,71.623,12,0.1533,23.8364,26.0252,6.4548,4.0199,11.9731,31.3438,12,60.2464,30.8004,76.5328,26.8958,2.0117,272.3437,12,2.1944,2.2575,0.3133,0.2303,1.6983,2.6096,12
cell_19_19,0.2965,0.281,0.0718,0.0338,0.1813,0.4507,11,-0.0027,0.011,0.0467,0.0146,-0.0967,0.0772,11,-0.3389,-0.3396,0.0538,0.0105,-0.4492,-0.2331,11,56.4477,57.3498,7.9653,4.4855,38.8606,70.2965,12,0.1411,23.8364,26.0252,6.4548,4.0199,11.9731,31.3438,12,60.2464,30.8004,76.5328,26.8958,2.0117,272.3437,12,2.1944,2.2575,0.3133,0.2303,1.6983,2.6096,12
cell_20_00,0.2991,0.3043,0.0459,0.0183,0.1918,0.3519,12,-0.0435,-0.0423,0.0229,0.013,-0.0858,0.0025,12,-0.3103,-0.3202,0.0429,0.0238,-0.3625,-0.2326,12,53.496,53.2469,9.3176,7.1761,40.2141,73.1025,12,0.1742,23.8752,26.0813,6.4561,4.041,12.0071,31.3499,12,59.3447,30.0216,78.3186,25.7034,1.6184,283.0278,12,2.2161,2.2648,0.3122,0.2101,1.7241,2.6772,12
cell_20_01,0.1888,0.1979,0.0352,0.0165,0.0998,0.2218,12,-0.0061,-0.0061,0.0173,0.011,-0.0366,0.03,12,-0.2265,-0.2359,0.0307,0.0117,-0.2581,-0.158,12,63.7235,63.3245,11.157,8.425,46.7089,83.2518,12,0.1751,23.8752,26.0813,6.4561,4.041,12.0071,31.3499,12,59.3447,30.0216,78.3186,25.7034,1.6184,283.0278,12,2.2161,2.2648,0.3122,0.2101,1.7241,2.6772,12
cell_20_02,0.4328,0.4481,0.0737,0.0324,0.2653,0.5094,12,-0.1061,-0.1227,0.0429,0.0163,-0.1511,-0.0031,12,-0.4345,-0.4499,0.0632,0.0257,-0.5139,-0.3211,12,53.5587,55.8143,9.0535,5.7568,37.2505,69.4113,12,0.169,23.8752,26.0813,6.4561,4.041,12.0071,31.3499,12,59.3447,30.0216,78.3186,25.7034,1.6184,283.0278,12,2.2161,2.2648,0.3122,0.2101,1.7241,2.6772,12
cell_20_03,0.3699,0.3818,0.0761,0.0492,0.212,0.4489,12,-0.0807,-0.0961,0.0537,0.0356,-0.1331,0.027,12,-0.3748,-0.3881,0.0597,0.0342,-0.4384,-0.2607,12,32.0935,32.0136,4.2571,2.9825,24.1382,39.209,12,0.1326,23.8752,26.0813,6.4561,4.041,12.0071,31.3499,12,59.3447,30.0216,78.3186,25.7034,1.6184,283.0278,12,2.2161,2.2648,0.3122,0.2101,1.7241,2.6772,12
cell_20_04,0.2122,0.2837,0.2793,0.1117,-0.6144,0.4343,12,-0.0416,-0.101,0.2331,0.0456,-0.2196,0.6805,12,-0.2004,-0.2739,0.2655,0.0822,-0.404,0.6017,12,21.2854,21.4287,2.4341,1.4774,17.1572,26.089,12,0.1144,23.8752,26.0813,6.4561,4.041,12.0071,31.3499,12,59.3447,30.0216,78.3186,25.7034,1.6184,283.0278,12,2.2161,2.2648,0.3122,0.2101,1.7241,2.6772,12
cell_20_05,-0.0862,-0.0246,0.3103,0.0718,-0.9823,0.1646,12,-0.0181,-0.0491,0.3432,0.1032,-0.3743,0.9899,12,0.105,0.0268,0.2961,0.0628,-0.1309,0.9756,12,15.2953,14.9496,2.9057,1.5797,10.4102,21.4521,12,0.19,23.8752,26.0813,6.4561,4.041,12.0071,31.3499,12,59.3447,30.0216,78.3186,25.7034,1.6184,283.0278,12,2.2161,2.2648,0.3122,0.2101,1.7241,2.6772,12
cell_20_06,0.2606,0.196,0.1414,0.0784,0.0846,0.4755,11,-0.1349,-0.1315,0.0631,0.0489,-0.2369,-0.0137,11,-0.234,-0.1864,0.1167,0.0594,-0.4206,-0.0957,11,13.1174,13.0166,3.3499,2.008,7.5628,19.3998,12,0.2554,23.8752,26.0813,6.4561,4.041,12.0071,31.3499,12,59.3447,30.0216,78.3186,25.7034,1.6184,283.0278,12,2.2161,2.2648,0.3122,0.2101,1.7241,2.6772,12
cell_20_07,0.4641,0.4797,0.099,0.065,0.3218,0.6088,11,-0.1563,-0.1514,0.0496,0.0466,-0.2168,-0.0729,11,-0.436,-0.4192,0.0854,0.0538,-0.5621,-0.3024,11,13.3798,13.0601,3.4519,2.5672,8.2279,20.4463,12,0.258,23.8752,26.0813,6.4561,4.041,12.0071,31.3499,12,59.3447,30.0216,78.3186,25.7034,1.6184,283.0278,12,2.2161,2.2648,0.3122,0.2101,1.7241,2.6772,12
cell_20_08,0.4242,0.4435,0.0679,0.0394,0.2827,0.5051,12,-0.1036,-0.1055,0.0475,0.0305,-0.1818,-0.0149,12,-0.4124,-0.4205,0.058,0.0527,-0.4877,-0.3132,12,19.6295,20.6903,2.6212,0.8961,13.7439,22.1124,12,0.1335,23.8752,26.0813,6.4561,4.041,12.0071,31.3499,12,59.3447,30.0216,78.3186,25.7034,1.6184,283.0278,12,2.2161,2.2648,0.3122,0.2101,1.7241,2.6772,12
cell_20_09,0.3251,0.3341,0.0541,0.0399,0.2098,0.3805,12,-0.0932,-0.0899,0.0342,0.0246,-0.1407,-0.0172,12,-0.3293,-0.3417,0.0534,0.041,-0.3902,-0.2472,12,42.6448,41.8959,5.9724,4.7029,33.6057,54.3595,12,0.14,23.8752,26.0813,6.4561,4.041,12.0071,31.3499,12,59.3447,30.0216,78.3186,25.7034,1.6184,283.0278,12,2.2161,2.2648,0.3122,0.2101,1.7241,2.6772,12
cell_20_10,0.254,0.2593,0.0689,0.0463,0.1263,0.3617,12,-0.048,-0.0515,0.0425,0.0223,-0.1269,0.0304,12,-0.2787,-0.2862,0.0592,0.0423,-0.3705,-0.1926,12,44.7726,43.1706,7.1417,4.456,33.4894,56.7158,12,0.1595,23.8364,26.0252,6.4548,4.0199,11.9731,31.3438,12,60.2464,30.8004,76.5328,26.8958,2.0117,272.3437,12,2.1944,2.2575,0.3133,0.2303,1.6983,2.6096,12
cell_20_11,0.1179,0.127,0.0213,0.012,0.0808,0.1441,11,0.0126,0.0168,0.0189,0.0083,-0.0307,0.0335,11,-0.1601,-0.1729,0.0339,0.0118,-0.1864,-0.0736,11,44.8768,45.1502,7.7995,3.4848,30.5366,61.2219,12,0.1738,23.8364,26.0252,6.4548,4.0199,11.9731,31.3438,12,60.2464,30.8004,76.5328,26.8958,2.0117,272.3437,12,2.1944,2.2575,0.3133,0.2303,1.6983,2.6096,12
cell_20_12,0.2515,0.2556,0.0382,0.0202,0.177,0.3063,10,-0.0202,-0.0266,0.0243,0.0056,-0.0591,0.0312,10,-0.2836,-0.2879,0.0315,0.015,-0.3368,-0.2299,10,51.8535,52.2394,9.4682,4.8065,35.1493,68.6719,12,0.1826,23.8364,26.0252,6.4548,4.0199,11.9731,31.3438,12,60.2464,30.8004,76.5328,26.8958,2.0117,272.3437,12,2.1944,2.2575,0.3133,0.2303,1.6983,2.6096,12
cell_20_13,0.1329,0.1397,0.0196,0.0094,0.0898,0.1524,10,0.0469,0.0496,0.0156,0.009,0.015,0.0694,10,-0.1837,-0.1877,0.0154,0.0063,-0.2063,-0.1515,10,53.115,53.123,9.0517,6.5022,36.6978,67.6575,12,0.1704,23.8364,26.0252,6.4548,4.0199,11.9731,31.3438,12,60.2464,30.8004,76.5328,26.8958,2.0117,272.3437,12,2.1944,2.2575,0.3133,0.2303,1.6983,2.6096,12
cell_20_14,0.1626,0.1698,0.0266,0.007,0.1065,0.1865,10,0.053,0.0544,0.0176,0.0133,0.0167,0.0721,10,-0.2039,-0.2107,0.025,0.0065,-0.233,-0.1442,10,48.3934,47.15,8.1509,3.8869,33.8845,62.5838,12,0.1684,23.8364,26.0252,6.4548,4.0199,11.9731,31.3438,12,60.2464,30.8004,76.5328,26.8958,2.0117,272.3437,12,2.1944,2.2575,0.3133,0.2303,1.6983,2.6096,12
cell_20_15,0.1306,0.1402,0.0229,0.0055,0.087,0.149,10,0.0569,0.0621,0.0222,0.0136,0.0068,0.08,10,-0.1931,-0.2001,0.0275,0.0073,-0.2168,-0.119,10,48.2871,47.4451,8.0629,4.2743,33.6529,63.8769,12,0.167,23.8364,26.0252,6.4548,4.0199,11.9731,31.3438,12,60.2464,30.8004,76.5328,26.8958,2.0117,272.3437,12,2.1944,2.2575,0.3133,0.2303,1.6983,2.6096,12
cell_20_16,0.167,0.1737,0.0349,0.0086,0.0941,0.2052,10,0.0161,0.0199,0.0265,0.0087,-0.044,0.0617,10,-0.2163,-0.2264,0.0354,0.007,-0.2586,-0.136,10,52.8222,51.7078,9.4423,5.4489,35.6616,71.0745,12,0.1788,23.8364,26.0252,6.4548,4.0199,11.9731,31.3438,12,60.2464,30.8004,76.5328,26.8958,2.0117,272.3437,12,2.1944,2.2575,0.3133,0.2303,1.6983,2.6096,12
cell_20_17,0.2767,0.2783,0.0538,0.0248,0.1788,0.3743,11,-0.0202,-0.0177,0.0313,0.0252,-0.0806,0.0247,11,-0.2974,-0.3075,0.0519,0.0179,-0.387,-0.2006,11,59.5314,56.788,11.6238,7.9452,40.1388,82.6587,12,0.1953,23.8364,26.0252,6.4548,4.0199,11.9731,31.3438,12,60.2464,30.8004,76.5328,26.8958,2.0117,272.3437,12,2.1944,2.2575,0.3133,0.2303,1.6983,2.6096,12
cell_20_18,0.3146,0.3246,0.0653,0.0277,0.1987,0.4433,11,-0.0294,-0.0259,0.0399,0.0323,-0.0922,0.0484,11,-0.3338,-0.3439,0.0552,0.0197,-0.435,-0.2173,11,61.8643,59.3453,11.3301,8.6443,42.9221,84.6341,12,0.1831,23.8364,26.0252,6.4548,4.0199,11.9731,31.3438,12,60.2464,30.8004,76.5328,26.8958,2.0117,272.3437,12,2.1944,2.2575,0.3133,0.2303,1.6983,2.6096,12
cell_20_19,0.3108,0.3178,0.055,0.02,0.2114,0.4066,11,-0.0496,-0.0498,0.036,0.0267,-0.1031,0.0252,11,-0.3294,-0.3374,0.0511,0.008,-0.4133,-0.2071,11,59.5394,57.6097,9.1273,5.0835,41.3981,77.744,12,0.1533,23.8364,26.0252,6.4548,4.0199,11.9731,31.3438,12,60.2464,30.8004,76.5328,26.8958,2.0117,272.3437,12,2.1944,2.2575,0.3133,0.2303,1.6983,2.6096,12
cell_21_00,0.4362,0.429,0.0713,0.0347,0.2842,0.5505,12,-0.0902,-0.0939,0.0404,0.0242,-0.1575,0.0022,12,-0.4451,-0.4453,0.0634,0.0386,-0.5463,-0.3464,12,44.2955,44.5425,6.9751,3.488,31.1241,57.919,12,0.1575,23.8752,26.0813,6.4561,4.041,12.0071,31.3499,12,59.3447,30.0216,78.3186,25.7034,1.6184,283.0278,12,2.2161,2.2648,0.3122,0.2101,1.7241,2.6772,12
cell_21_01,0.3195,0.3259,0.0639,0.0284,0.1774,0.4139,12,-0.0558,-0.0556,0.0355,0.0252,-0.1082,0.0164,12,-0.3321,-0.3413,0.0523,0.0306,-0.4122,-0.2348,12,53.3813,54.2239,7.2194,3.879,41.3917,66.7998,12,0.1352,23.8752,26.0813,6.4561,4.041,12.0071,31.3499,12,59.3447,30.0216,78.3186,25.7034,1.6184,283.0278,12,2.2161,2.2648,0.3122,0.2101,1.7241,2.6772,12
cell_21_02,0.4781,0.4888,0.0854,0.0468,0.3071,0.6209,12,-0.1189,-0.1306,0.0496,0.0246,-0.213,-0.0108,12,-0.4651,-0.4781,0.0715,0.0468,-0.5645,-0.3529,12,41.1847,41.5808,4.84,1.9114,32.0053,50.9576,12,0.1175,23.8752,26.0813,6.4561,4.041,12.0071,31.3499,12,59.3447,30.0216,78.3186,25.7034,1.6184,283.0278,12,2.2161,2.2648,0.3122,0.2101,1.7241,2.6772,12
cell_21_03,0.1323,0.1403,0.1125,0.0973,-0.0359,0.2935,12,-0.1017,-0.0826,0.1197,0.0588,-0.3113,0.0981,12,-0.1072,-0.1056,0.1023,0.0798,-0.266,0.0611,12,24.3985,24.3927,2.2004,1.032,20.0289,28.4144,12,0.0902,23.8752,26.0813,6.4561,4.041,12.0071,31.3499,12,59.3447,30.0216,78.3186,25.7034,1.6184,283.0278,12,2.2161,2.2648,0.3122,0.2101,1.7241,2.6772,12
cell_21_04,0.1039,0.1308,0.2163,0.064,-0.5452,0.2654,12,-0.0417,-0.0811,0.2133,0.032,-0.2614,0.5968,12,-0.0943,-0.1223,0.2042,0.0388,-0.2504,0.5289,12,19.0415,18.4862,2.4769,1.7868,15.853,23.5026,12,0.1301,23.8752,26.0813,6.4561,4.041,12.0071,31.3499,12,59.3447,30.0216,78.3186,25.7034,1.6184,283.0278,12,2.2161,2.2648,0.3122,0.2101,1.7241,2.6772,12
cell_21_05,0.3903,0.4135,0.1193,0.0504,0.0852,0.5457,12,-0.1253,-0.1584,0.0853,0.0322,-0.2047,0.1012,12,-0.368,-0.3763,0.1019,0.0511,-0.5044,-0.1193,12,15.0246,15.0081,2.9483,2.21,9.8881,20.3251,12,0.1962,23.8752,26.0813,6.4561,4.041,12.0071,31.3499,12,59.3447,30.0216,78.3186,25.7034,1.6184,283.0278,12,2.2161,2.2648,0.3122,0.2101,1.7241,2.6772,12
cell_21_06,0.434,0.4272,0.0585,0.0439,0.3301,0.5258,11,-0.1655,-0.1758,0.0564,0.0424,-0.2506,-0.0582,11,-0.4097,-0.4114,0.0532,0.0335,-0.4921,-0.3291,11,13.0207,12.573,3.3177,2.1437,7.6876,19.3095,12,0.2548,23.8752,26.0813,6.4561,4.041,12.0071,31.3499,12,59.3447,30.0216,78.3186,25.7034,1.6184,283.0278,12,2.2161,2.2648,0.3122,0.2101,1.7241,2.6772,12
cell_21_07,0.4232,0.4226,0.1174,0.072,0.2174,0.6242,12,-0.1634,-0.1841,0.0746,0.0439,-0.2458,-0.0196,12,-0.3997,-0.3867,0.1085,0.0715,-0.58,-0.1746,12,14.0211,13.3896,3.627,2.4488,8.7412,21.2635,12,0.2587,23.8752,26.0813,6.4561,4.041,12.0071,31.3499,12,59.3447,30.0216,78.3186,25.7034,1.6184,283.0278,12,2.2161,2.2648,0.3122,0.2101,1.7241,2.6772,12
cell_21_08,0.369,0.3532,0.0876,0.0552,0.2611,0.5823,12,-0.117,-0.109,0.0437,0.0227,-0.2124,-0.0671,12,-0.3603,-0.3603,0.0801,0.0312,-0.5428,-0.2415,12,21.9091,22.4553,3.1505,2.5302,14.4652,25.4638,12,0.1438,23.8752,26.0813,6.4561,4.041,12.0071,31.3499,12,59.3447,30.0216,78.3186,25.7034,1.6184,283.0278,12,2.2161,2.2648,0.3122,0.2101,1.7241,2.6772,12
cell_21_09,0.2969,0.2925,0.0614,0.0202,0.1659,0.4202,12,-0.0389,-0.037,0.0459,0.0262,-0.1103,0.0541,12,-0.3209,-0.3264,0.0518,0.0186,-0.426,-0.2362,12,41.6324,40.6936,7.3974,5.1353,31.9034,57.1953,12,0.1777,23.8752,26.0813,6.4561,4.041,12.0071,31.3499,12,59.3447,30.0216,78.3186,25.7034,1.6184,283.0278,12,2.2161,2.2648,0.3122,0.2101,1.7241,2.6772,12
cell_21_10,0.3371,0.3325,0.0808,0.0457,0.1871,0.4852,12,-0.0852,-0.0892,0.0506,0.0291,-0.1622,0.0283,12,-0.3424,-0.348,0.0763,0.0454,-0.4665,-0.222,12,39.3348,39.8788,6.231,5.2634,28.5083,48.5581,12,0.1584,23.8364,26.0252,6.4548,4.0199,11.9731,31.3438,12,60.2464,30.8004,76.5328,26.8958,2.0117,272.3437,12,2.1944,2.2575,0.3133,0.2303,1.6983,2.6096,12
cell_21_11,0.0915,0.0967,0.0207,0.0144,0.0565,0.1176,11,0.0141,0.0157,0.0206,0.0162,-0.0269,0.0453,11,-0.1331,-0.1434,0.0348,0.0096,-0.1636,-0.0375,11,36.8685,36.0261,5.5458,1.6578,26.8831,49.8306,12,0.1504,23.8364,26.0252,6.4548,4.0199,11.9731,31.3438,12,60.2464,30.8004,76.5328,26.8958,2.0117,272.3437,12,2.1944,2.2575,0.3133,0.2303,1.6983,2.6096,12
cell_21_12,0.1554,0.1648,0.0431,0.0161,0.0607,0.2046,11,0.0234,0.0236,0.0244,0.0158,-0.0093,0.076,11,-0.1943,-0.2129,0.0579,0.011,-0.2376,-0.0319,11,42.8448,42.4532,7.9792,4.5674,29.7096,57.6097,12,0.1862,23.8364,26.0252,6.4548,4.0199,11.9731,31.3438,12,60.2464,30.8004,76.5328,26.8958,2.0117,272.3437,12,2.1944,2.2575,0.3133,0.2303,1.6983,2.6096,12
cell_21_13,0.2023,0.2123,0.0375,0.0125,0.1207,0.2452,10,0.0208,0.0245,0.0246,0.0148,-0.0308,0.0527,10,-0.2349,-0.2456,0.0328,0.0121,-0.2664,-0.1703,10,48.5499,46.751,8.6673,4.0573,32.5849,64.3191,12,0.1785,23.8364,26.0252,6.4548,4.0199,11.9731,31.3438,12,60.2464,30.8004,76.5328,26.8958,2.0117,272.3437,12,2.1944,2.2575,0.3133,0.2303,1.6983,2.6096,12
cell_21_14,0.176,0.1816,0.0299,0.0081,0.1136,0.2165,10,0.0377,0.0422,0.0236,0.0138,-0.0108,0.0712,10,-0.2177,-0.2213,0.026,0.0111,-0.2483,-0.1597,10,47.7862,47.1254,8.2198,3.5423,32.5307,62.4212,12,0.172,23.8364,26.0252,6.4548,4.0199,11.9731,31.3438,12,60.2464,30.8004,76.5328,26.8958,2.0117,272.3437,12,2.1944,2.2575,0.3133,0.2303,1.6983,2.6096,12
cell_21_15,0.1354,0.1435,0.024,0.0086,0.0896,0.1617,10,0.0661,0.0737,0.0222,0.0089,0.0196,0.0883,10,-0.1928,-0.1987,0.0271,0.0125,-0.2157,-0.1243,10,48.4735,47.802,7.8826,3.7625,33.1355,63.6493,12,0.1626,23.8364,26.0252,6.4548,4.0199,11.9731,31.3438,12,60.2464,30.8004,76.5328,26.8958,2.0117,272.3437,12,2.1944,2.2575,0.3133,0.2303,1.6983,2.6096,12
cell_21_16,0.1534,0.1626,0.033,0.0075,0.0848,0.1879,10,0.028,0.0374,0.029,0.0093,-0.0387,0.0619,10,-0.1975,-0.2097,0.0377,0.0101,-0.2301,-0.1072,10,53.2295,50.2794,9.9476,4.3458,35.7308,73.7141,12,0.1869,23.8364,26.0252,6.4548,4.0199,11.9731,31.3438,12,60.2464,30.8004,76.5328,26.8958,2.0117,272.3437,12,2.1944,2.2575,0.3133,0.2303,1.6983,2.6096,12
cell_21_17,0.2797,0.2777,0.0517,0.021,0.1848,0.3499,11,-0.0545,-0.0516,0.0365,0.0244,-0.1209,0.0172,11,-0.2983,-0.3114,0.0506,0.0171,-0.3728,-0.176,11,58.6641,54.7008,11.7579,8.3231,39.9093,82.1535,12,0.2004,23.8364,26.0252,6.4548,4.0199,11.9731,31.3438,12,60.2464,30.8004,76.5328,26.8958,2.0117,272.3437,12,2.1944,2.2575,0.3133,0.2303,1.6983,2.6096,12
cell_21_18,0.2046,0.2155,0.0369,0.0158,0.1287,0.245,11,-0.0103,-0.0116,0.0298,0.01,-0.0771,0.0481,11,-0.2421,-0.253,0.0387,0.0083,-0.2801,-0.1368,11,58.2576,56.3447,10.8513,7.982,40.7021,79.0925,12,0.1863,23.8364,26.0252,6.4548,4.0199,11.9731,31.3438,12,60.2464,30.8004,76.5328,26.8958,2.0117,272.3437,12,2.1944,2.2575,0.3133,0.2303,1.6983,2.6096,12
cell_21_19,0.1439,0.1546,0.0308,0.0136,0.0891,0.1753,10,0.0192,0.0301,0.0323,0.0109,-0.062,0.0541,10,-0.1844,-0.1982,0.0388,0.0102,-0.2101,-0.0818,10,52.8573,50.3131,8.0602,4.9228,37.8408,67.6491,12,0.1525,23.8364,26.0252,6.4548,4.0199,11.9731,31.3438,12,60.2464,30.8004,76.5328,26.8958,2.0117,272.3437,12,2.1944,2.2575,0.3133,0.2303,1.6983,2.6096,12
cell_22_00,0.4568,0.4577,0.0639,0.0363,0.3438,0.5811,12,-0.1057,-0.0953,0.0353,0.0153,-0.177,-0.0476,12,-0.4551,-0.4601,0.0569,0.0355,-0.5587,-0.37,12,33.1301,33.2811,4.41,2.2647,23.0945,40.596,12,0.1331,23.8752,26.0813,6.4561,4.041,12.0071,31.3499,12,59.3447,30.0216,78.3186,25.7034,1.6184,283.0278,12,2.2161,2.2648,0.3122,0.2101,1.7241,2.6772,12
cell_22_01,0.2464,0.2509,0.0481,0.029,0.1237,0.3111,12,-0.0333,-0.0341,0.0315,0.0255,-0.0697,0.0351,12,-0.27,-0.2768,0.0375,0.0235,-0.3269,-0.1807,12,41.3386,40.1423,6.1684,3.891,30.7213,53.7023,12,0.1492,23.8752,26.0813,6.4561,4.041,12.0071,31.3499,12,59.3447,30.0216,78.3186,25.7034,1.6184,283.0278,12,2.2161,2.2648,0.3122,0.2101,1.7241,2.6772,12
cell_22_02,0.3318,0.3367,0.0745,0.065,0.181,0.4148,12,-0.1225,-0.1193,0.0558,0.0381,-0.2177,-0.0165,12,-0.3144,-0.3345,0.0635,0.041,-0.3892,-0.2166,12,33.7579,34.174,3.7065,1.7906,28.5236,42.1002,12,0.1098,23.8752,26.0813,6.4561,4.041,12.0071,31.3499,12,59.3447,30.0216,78.3186,25.7034,1.6184,283.0278,12,2.2161,2.2648,0.3122,0.2101,1.7241,2.6772,12
cell_22_03,0.2737,0.29,0.0787,0.0634,0.1296,0.3655,12,-0.1295,-0.1083,0.0658,0.0482,-0.2393,-0.053,12,-0.2418,-0.2565,0.0718,0.0379,-0.3298,-0.0785,12,20.7138,20.6258,2.2861,1.4245,17.7335,25.703,12,0.1104,23.8752,26.0813,6.4561,4.041,12.0071,31.3499,12,59.3447,30.0216,78.3186,25.7034,1.6184,283.0278,12,2.2161,2.2648,0.3122,0.2101,1.7241,2.6772,12
cell_22_04,0.4574,0.4534,0.1052,0.0248,0.2,0.6134,12,-0.1592,-0.1747,0.0633,0.0305,-0.2303,-0.0047,12,-0.4274,-0.4281,0.0933,0.0522,-0.571,-0.2247,12,17.436,17.5409,2.8601,1.9458,12.7122,22.8723,12,0.164,23.8752,26.0813,6.4561,4.041,12.0071,31.3499,12,59.3447,30.0216,78.3186,25.7034,1.6184,283.0278,12,2.2161,2.2648,0.3122,0.2101,1.7241,2.6772,12
cell_22_05,0.3575,0.366,0.0761,0.0452,0.1581,0.4446,12,-0.108,-0.1219,0.0612,0.0249,-0.1659,0.0613,12,-0.3526,-0.3554,0.0586,0.026,-0.4353,-0.2255,12,14.9431,15.0028,2.8648,1.967,9.6052,20.4498,12,0.1917,23.8752,26.0813,6.4561,4.041,12.0071,31.3499,12,59.3447,30.0216,78.3186,25.7034,1.6184,283.0278,12,2.2161,2.2648,0.3122,0.2101,1.7241,2.6772,12
cell_22_06,0.4468,0.4762,0.0538,0.0282,0.3574,0.5215,11,-0.1707,-0.1752,0.0375,0.0343,-0.2266,-0.11,11,-0.4239,-0.4403,0.0496,0.0455,-0.4984,-0.357,11,13.7493,13.7437,3.1408,2.3766,8.1894,19.4576,12,0.2284,23.8752,26.0813,6.4561,4.041,12.0071,31.3499,12,59.3447,30.0216,78.3186,25.7034,1.6184,283.0278,12,2.2161,2.2648,0.3122,0.2101,1.7241,2.6772,12
cell_22_07,0.3838,0.3878,0.099,0.0946,0.2036,0.5163,11,-0.1429,-0.1403,0.0571,0.0441,-0.2175,-0.0517,11,-0.3747,-0.3844,0.0846,0.0619,-0.4989,-0.1954,11,16.5789,16.9873,3.1776,1.9317,11.1222,22.084,12,0.1917,23.8752,26.0813,6.4561,4.041,12.0071,31.3499,12,59.3447,30.0216,78.3186,25.7034,1.6184,283.0278,12,2.2161,2.2648,0.3122,0.2101,1.7241,2.6772,12
cell_22_08,0.351,0.3533,0.0502,0.0168,0.2363,0.4329,12,-0.1112,-0.1185,0.0388,0.0278,-0.162,-0.0199,12,-0.3457,-0.3473,0.0489,0.0342,-0.4264,-0.2738,12,25.4565,25.6929,4.1482,1.1681,15.273,32.5037,12,0.163,23.8752,26.0813,6.4561,4.041,12.0071,31.3499,12,59.3447,30.0216,78.3186,25.7034,1.6184,283.0278,12,2.2161,2.2648,0.3122,0.2101,1.7241,2.6772,12
cell_22_09,0.3077,0.3026,0.0516,0.0194,0.1989,0.3876,12,-0.065,-0.0612,0.0419,0.0308,-0.1314,0.0209,12,-0.3164,-0.3216,0.0458,0.0275,-0.399,-0.2283,12,41.0143,40.3657,7.7663,5.3991,30.2875,58.6565,12,0.1894,23.8752,26.0813,6.4561,4.041,12.0071,31.3499,12,59.3447,30.0216,78.3186,25.7034,1.6184,283.0278,12,2.2161,2.2648,0.3122,0.2101,1.7241,2.6772,12
cell_22_10,0.3419,0.3379,0.0559,0.0237,0.2397,0.4449,11,-0.0739,-0.0748,0.0386,0.0231,-0.1282,0.0089,11,-0.3532,-0.3493,0.0533,0.0328,-0.4503,-0.2478,11,38.0473,38.0124,6.2946,4.6917,27.8022,48.9858,12,0.1654,23.8364,26.0252,6.4548,4.0199,11.9731,31.3438,12,60.2464,30.8004,76.5328,26.8958,2.0117,272.3437,12,2.1944,2.2575,0.3133,0.2303,1.6983,2.6096,12
cell_22_11,0.3321,0.3326,0.0843,0.0437,0.1911,0.4824,12,-0.0937,-0.1022,0.0527,0.0363,-0.1842,0.0074,12,-0.3372,-0.3479,0.083,0.0364,-0.4608,-0.1472,12,34.1323,34.0079,4.6106,1.5618,26.2338,44.2789,12,0.1351,23.8364,26.0252,6.4548,4.0199,11.9731,31.3438,12,60.2464,30.8004,76.5328,26.8958,2.0117,272.3437,12,2.1944,2.2575,0.3133,0.2303,1.6983,2.6096,12
cell_22_12,0.189,0.1913,0.037,0.023,0.1188,0.2427,12,-0.0114,-0.012,0.0265,0.0176,-0.0529,0.0395,12,-0.2214,-0.2364,0.0438,0.0191,-0.2579,-0.102,12,37.528,37.3663,6.1337,2.4821,27.0152,47.9767,12,0.1634,23.8364,26.0252,6.4548,4.0199,11.9731,31.3438,12,60.2464,30.8004,76.5328,26.8958,2.0117,272.3437,12,2.1944,2.2575,0.3133,0.2303,1.6983,2.6096,12
cell_22_13,0.2521,0.2604,0.0659,0.0482,0.1505,0.3602,12,-0.0402,-0.0333,0.0674,0.0246,-0.2276,0.0427,12,-0.2751,-0.2964,0.0805,0.0346,-0.381,-0.0846,12,44.1776,43.8503,8.0824,3.382,29.0003,59.3662,12,0.183,23.8364,26.0252,6.4548,4.0199,11.9731,31.3438,12,60.2464,30.8004,76.5328,26.8958,2.0117,272.3437,12,2.1944,2.2575,0.3133,0.2303,1.6983,2.6096,12
cell_22_14,0.3004,0.2931,0.0567,0.0295,0.1853,0.3867,11,-0.0237,-0.0194,0.0294,0.0253,-0.0594,0.0346,11,-0.3291,-0.3281,0.0454,0.0351,-0.3983,-0.255,11,47.4499,46.8437,7.7951,3.884,32.3844,60.8016,12,0.1643,23.8364,26.0252,6.4548,4.0199,11.9731,31.3438,12,60.2464,30.8004,76.5328,26.8958,2.0117,272.3437,12,2.1944,2.2575,0.3133,0.2303,1.6983,2.6096,12
cell_22_15,0.2725,0.285,0.0791,0.0212,0.0994,0.3905,11,0.0106,0.0034,0.0718,0.0367,-0.051,0.2035,11,-0.2907,-0.3114,0.0862,0.0145,-0.397,-0.0647,11,48.3928,48.2651,7.1983,3.8613,33.2967,61.0147,12,0.1487,23.8364,26.0252,6.4548,4.0199,11.9731,31.3438,12,60.2464,30.8004,76.5328,26.8958,2.0117,272.3437,12,2.1944,2.2575,0.3133,0.2303,1.6983,2.6096,12
cell_22_16,0.1419,0.1603,0.033,0.0093,0.086,0.1807,11,0.0393,0.0395,0.0333,0.0101,-0.025,0.1099,11,-0.1806,-0.2083,0.0516,0.0079,-0.2189,-0.0562,11,50.791,48.9939,9.0138,3.8024,34.2244,68.3581,12,0.1775,23.8364,26.0252,6.4548,4.0199,11.9731,31.3438,12,60.2464,30.8004,76.5328,26.8958,2.0117,272.3437,12,2.1944,2.2575,0.3133,0.2303,1.6983,2.6096,12
cell_22_17,0.2109,0.2211,0.0441,0.0185,0.1243,0.2659,10,-0.0285,-0.0204,0.0319,0.0133,-0.0992,0.017,10,-0.2465,-0.2635,0.0477,0.0218,-0.3046,-0.1412,10,51.6869,49.1401,9.1946,3.6759,35.6096,69.658,12,0.1779,23.8364,26.0252,6.4548,4.0199,11.9731,31.3438,12,60.2464,30.8004,76.5328,26.8958,2.0117,272.3437,12,2.1944,2.2575,0.3133,0.2303,1.6983,2.6096,12
cell_22_18,0.2662,0.2743,0.0595,0.0207,0.1591,0.3577,10,-0.0582,-0.0539,0.0391,0.0195,-0.1318,0.0125,10,-0.2901,-0.3013,0.062,0.0185,-0.3829,-0.1541,10,50.59,48.3219,8.7331,3.8183,34.7887,66.5618,12,0.1726,23.8364,26.0252,6.4548,4.0199,11.9731,31.3438,12,60.2464,30.8004,76.5328,26.8958,2.0117,272.3437,12,2.1944,2.2575,0.3133,0.2303,1.6983,2.6096,12
cell_22_19,0.1813,0.195,0.0464,0.0076,0.0917,0.227,10,-0.0165,-0.0069,0.0291,0.0133,-0.0863,0.0222,10,-0.2173,-0.2343,0.0492,0.0117,-0.26,-0.1042,10,48.1228,46.6702,7.2082,2.6875,34.0798,61.4965,12,0.1498,23.8364,26.0252,6.4548,4.0199,11.9731,31.3438,12,60.2464,30.8004,76.5328,26.8958,2.0117,272.3437,12,2.1944,2.2575,0.3133,0.2303,1.6983,2.6096,12
