cell_id,month,optical_evidence_count,optical_features_available,optical_support_ratio,viirs_anomalous,viirs_available,activity_evidence_count,activity_features_available,activity_evidence_score,weather_context_count,weather_features_available,weather_context_ratio,activity_candidate,dominant_activity_feature,dominant_activity_direction,max_activity_deviation,s2_valid_pixel_fraction,viirs_cf_cvg_mean
cell_00_00,2026-01,1,3,0.3333,False,True,1,4,0.25,1,3,0.3333,False,ndvi_mean,negative,3.6576,1.0,12.0
cell_00_01,2026-01,0,3,0.0,False,True,0,4,0.0,1,3,0.3333,False,viirs_avg_rad_mean,positive,2.3217,1.0,12.0
cell_00_02,2026-01,1,3,0.3333,False,True,1,4,0.25,1,3,0.3333,False,ndvi_mean,negative,8.7997,1.0,12.0
cell_00_03,2026-01,2,3,0.6667,False,True,2,4,0.5,1,3,0.3333,True,ndwi_mean,positive,3.9894,1.0,12.0
cell_00_04,2026-01,0,3,0.0,False,True,0,4,0.0,1,3,0.3333,False,viirs_avg_rad_mean,positive,2.2001,1.0,12.05
cell_00_05,2026-01,1,3,0.3333,False,True,1,4,0.25,1,3,0.3333,False,ndwi_mean,positive,6.0688,1.0,13.0
cell_00_06,2026-01,1,3,0.3333,False,True,1,4,0.25,1,3,0.3333,False,ndbi_mean,positive,11.4572,1.0,13.0
cell_00_07,2026-01,0,3,0.0,False,True,0,4,0.0,1,3,0.3333,False,ndvi_mean,positive,0.951,1.0,13.0
cell_00_08,2026-01,1,3,0.3333,False,True,1,4,0.25,1,3,0.3333,False,ndvi_mean,positive,9.6722,1.0,13.0
cell_00_09,2026-01,1,3,0.3333,True,True,2,4,0.5,1,3,0.3333,True,ndwi_mean,positive,34.3945,1.0,13.0
cell_00_10,2026-01,0,3,0.0,True,True,1,4,0.25,1,3,0.3333,False,viirs_avg_rad_mean,positive,14.59,1.0,13.0
cell_00_11,2026-01,0,3,0.0,False,True,0,4,0.0,1,3,0.3333,False,viirs_avg_rad_mean,positive,2.1836,1.0,13.0
cell_00_12,2026-01,2,3,0.6667,False,True,2,4,0.5,1,3,0.3333,True,ndvi_mean,positive,11.0078,1.0,13.46
cell_00_13,2026-01,0,3,0.0,False,True,0,4,0.0,1,3,0.3333,False,viirs_avg_rad_mean,positive,2.3385,1.0,14.0
cell_00_14,2026-01,0,3,0.0,False,True,0,4,0.0,1,3,0.3333,False,ndbi_mean,positive,1.8546,1.0,14.0
cell_00_15,2026-01,1,3,0.3333,False,True,1,4,0.25,1,3,0.3333,False,ndvi_mean,positive,3.3236,1.0,14.0
cell_00_16,2026-01,0,3,0.0,False,True,0,4,0.0,1,3,0.3333,False,ndvi_mean,positive,2.0013,1.0,13.32
cell_00_17,2026-01,2,3,0.6667,False,True,2,4,0.5,1,3,0.3333,True,ndbi_mean,negative,6.7848,1.0,13.0
cell_00_18,2026-01,0,3,0.0,False,True,0,4,0.0,1,3,0.3333,False,viirs_avg_rad_mean,positive,2.5814,1.0,13.0
cell_00_19,2026-01,0,3,0.0,True,True,1,4,0.25,1,3,0.3333,False,viirs_avg_rad_mean,positive,3.2244,1.0,13.21
cell_01_00,2026-01,2,3,0.6667,False,True,2,4,0.5,1,3,0.3333,True,ndbi_mean,negative,22.5789,1.0,12.0
cell_01_01,2026-01,2,3,0.6667,False,True,2,4,0.5,1,3,0.3333,True,ndwi_mean,positive,21.9393,1.0,12.0
cell_01_02,2026-01,1,3,0.3333,False,True,1,4,0.25,1,3,0.3333,False,ndwi_mean,positive,3.6663,1.0,12.0
cell_01_03,2026-01,1,3,0.3333,False,True,1,4,0.25,1,3,0.3333,False,ndwi_mean,positive,63.0048,1.0,12.0
cell_01_04,2026-01,1,3,0.3333,False,True,1,4,0.25,1,3,0.3333,False,ndwi_mean,positive,4.2383,1.0,12.02
cell_01_05,2026-01,0,3,0.0,False,True,0,4,0.0,1,3,0.3333,False,viirs_avg_rad_mean,positive,2.0399,1.0,13.0
cell_01_06,2026-01,1,3,0.3333,False,True,1,4,0.25,1,3,0.3333,False,ndvi_mean,positive,6.9178,1.0,13.0
cell_01_07,2026-01,0,3,0.0,False,True,0,4,0.0,1,3,0.3333,False,ndbi_mean,positive,1.5509,1.0,13.0
cell_01_08,2026-01,0,3,0.0,False,True,0,4,0.0,1,3,0.3333,False,viirs_avg_rad_mean,positive,2.8027,1.0,13.0
cell_01_09,2026-01,1,3,0.3333,True,True,2,4,0.5,1,3,0.3333,True,ndvi_mean,positive,6.1322,1.0,13.0
cell_01_10,2026-01,0,3,0.0,True,True,1,4,0.25,1,3,0.3333,False,viirs_avg_rad_mean,positive,4.0837,1.0,13.19
cell_01_11,2026-01,0,3,0.0,False,True,0,4,0.0,1,3,0.3333,False,ndvi_mean,positive,2.3926,1.0,13.62
cell_01_12,2026-01,0,3,0.0,False,True,0,4,0.0,1,3,0.3333,False,viirs_avg_rad_mean,positive,2.6857,1.0,13.79
cell_01_13,2026-01,1,3,0.3333,False,True,1,4,0.25,1,3,0.3333,False,ndbi_mean,negative,5.766,1.0,14.0
cell_01_14,2026-01,0,3,0.0,False,True,0,4,0.0,1,3,0.3333,False,viirs_avg_rad_mean,positive,1.8999,1.0,14.0
cell_01_15,2026-01,0,3,0.0,False,True,0,4,0.0,1,3,0.3333,False,viirs_avg_rad_mean,positive,2.4861,1.0,14.0
cell_01_16,2026-01,0,3,0.0,False,True,0,4,0.0,1,3,0.3333,False,viirs_avg_rad_mean,positive,1.9278,1.0,13.78
cell_01_17,2026-01,1,3,0.3333,False,True,1,4,0.25,1,3,0.3333,False,ndwi_mean,positive,3.3516,1.0,13.73
cell_01_18,2026-01,2,3,0.6667,True,True,3,4,0.75,1,3,0.3333,True,viirs_avg_rad_mean,positive,123.0792,1.0,13.75
cell_01_19,2026-01,0,3,0.0,False,True,0,4,0.0,1,3,0.3333,False,viirs_avg_rad_mean,positive,2.6346,1.0,13.14
cell_02_00,2026-01,0,3,0.0,False,True,0,4,0.0,1,3,0.3333,False,viirs_avg_rad_mean,positive,2.7113,1.0,12.0
cell_02_01,2026-01,0,3,0.0,False,True,0,4,0.0,1,3,0.3333,False,ndwi_mean,positive,1.363,1.0,12.0
cell_02_02,2026-01,0,3,0.0,False,True,0,4,0.0,1,3,0.3333,False,ndbi_mean,positive,1.6452,1.0,12.0
cell_02_03,2026-01,0,3,0.0,False,True,0,4,0.0,1,3,0.3333,False,ndbi_mean,negative,1.4942,1.0,12.45
cell_02_04,2026-01,0,3,0.0,False,True,0,4,0.0,1,3,0.3333,False,ndwi_mean,positive,1.7245,1.0,12.51
cell_02_05,2026-01,0,3,0.0,False,True,0,4,0.0,1,3,0.3333,False,viirs_avg_rad_mean,positive,1.1585,1.0,13.5
cell_02_06,2026-01,1,3,0.3333,False,True,1,4,0.25,1,3,0.3333,False,ndbi_mean,positive,3.8024,1.0,13.5
cell_02_07,2026-01,1,3,0.3333,True,True,2,4,0.5,1,3,0.3333,True,ndbi_mean,positive,4.5656,1.0,13.54
cell_02_08,2026-01,1,3,0.3333,False,True,1,4,0.25,1,3,0.3333,False,ndwi_mean,positive,6.6025,1.0,13.55
cell_02_09,2026-01,0,3,0.0,True,True,1,4,0.25,1,3,0.3333,False,viirs_avg_rad_mean,positive,4.6975,1.0,13.62
cell_02_10,2026-01,0,3,0.0,False,True,0,4,0.0,1,3,0.3333,False,viirs_avg_rad_mean,positive,1.0047,1.0,13.75
cell_02_11,2026-01,0,3,0.0,False,True,0,4,0.0,1,3,0.3333,False,viirs_avg_rad_mean,positive,1.7757,1.0,14.0
cell_02_12,2026-01,1,3,0.3333,False,True,1,4,0.25,1,3,0.3333,False,ndwi_mean,positive,34.3911,1.0,14.0
cell_02_13,2026-01,0,3,0.0,True,True,1,4,0.25,1,3,0.3333,False,viirs_avg_rad_mean,positive,3.5421,1.0,14.0
cell_02_14,2026-01,1,3,0.3333,True,True,2,4,0.5,1,3,0.3333,True,viirs_avg_rad_mean,positive,11.2015,1.0,14.0
cell_02_15,2026-01,2,3,0.6667,True,True,3,4,0.75,1,3,0.3333,True,ndbi_mean,negative,32.1787,1.0,14.0
cell_02_16,2026-01,3,3,1.0,True,True,4,4,1.0,1,3,0.3333,True,ndvi_mean,positive,9.9847,1.0,14.0
cell_02_17,2026-01,0,3,0.0,True,True,1,4,0.25,1,3,0.3333,False,viirs_avg_rad_mean,positive,5.5105,1.0,14.0
cell_02_18,2026-01,2,3,0.6667,False,True,2,4,0.5,1,3,0.3333,True,ndvi_mean,negative,12.6346,1.0,13.45
cell_02_19,2026-01,2,3,0.6667,False,True,2,4,0.5,1,3,0.3333,True,ndwi_mean,positive,7.9522,0.9984,13.05
cell_03_00,2026-01,0,3,0.0,False,True,0,4,0.0,1,3,0.3333,False,ndwi_mean,positive,1.9002,1.0,12.0
cell_03_01,2026-01,0,3,0.0,False,True,0,4,0.0,1,3,0.3333,False,ndbi_mean,negative,2.1584,0.9984,12.0
cell_03_02,2026-01,0,3,0.0,False,True,0,4,0.0,1,3,0.3333,False,ndwi_mean,positive,1.8966,1.0,12.41
cell_03_03,2026-01,2,3,0.6667,False,True,2,4,0.5,1,3,0.3333,True,ndwi_mean,positive,4.1157,1.0,12.94
cell_03_04,2026-01,0,3,0.0,False,True,0,4,0.0,1,3,0.3333,False,ndwi_mean,positive,0.9571,1.0,13.0
cell_03_05,2026-01,2,3,0.6667,False,True,2,4,0.5,1,3,0.3333,True,ndwi_mean,positive,50.9457,1.0,13.99
cell_03_06,2026-01,0,3,0.0,False,True,0,4,0.0,1,3,0.3333,False,ndwi_mean,positive,1.0356,1.0,14.0
cell_03_07,2026-01,1,3,0.3333,True,True,2,4,0.5,1,3,0.3333,True,viirs_avg_rad_mean,positive,437.2465,1.0,14.0
cell_03_08,2026-01,0,3,0.0,True,True,1,4,0.25,1,3,0.3333,False,viirs_avg_rad_mean,positive,3.1057,1.0,14.0
cell_03_09,2026-01,1,3,0.3333,True,True,2,4,0.5,1,3,0.3333,True,ndbi_mean,negative,47.7691,1.0,14.0
cell_03_10,2026-01,0,3,0.0,False,True,0,4,0.0,1,3,0.3333,False,ndbi_mean,negative,0.9862,1.0,14.0
cell_03_11,2026-01,0,3,0.0,False,True,0,4,0.0,1,3,0.3333,False,viirs_avg_rad_mean,positive,1.6242,1.0,14.0
cell_03_12,2026-01,0,3,0.0,True,True,1,4,0.25,1,3,0.3333,False,viirs_avg_rad_mean,positive,9.536,1.0,14.0
cell_03_13,2026-01,2,3,0.6667,True,True,3,4,0.75,1,3,0.3333,True,ndwi_mean,negative,440.4187,1.0,14.0
cell_03_14,2026-01,1,3,0.3333,False,True,1,4,0.25,1,3,0.3333,False,ndwi_mean,negative,5.7205,1.0,14.0
cell_03_15,2026-01,3,3,1.0,False,True,3,4,0.75,1,3,0.3333,True,ndwi_mean,negative,27.6853,1.0,14.0
cell_03_16,2026-01,3,3,1.0,False,True,3,4,0.75,1,3,0.3333,True,ndbi_mean,negative,15.4175,1.0,14.0
cell_03_17,2026-01,1,3,0.3333,True,True,2,4,0.5,1,3,0.3333,True,viirs_avg_rad_mean,positive,42.6566,1.0,14.0
cell_03_18,2026-01,0,3,0.0,False,True,0,4,0.0,1,3,0.3333,False,ndwi_mean,positive,2.9732,1.0,13.84
cell_03_19,2026-01,1,3,0.3333,False,True,1,4,0.25,1,3,0.3333,False,ndwi_mean,positive,5.0481,1.0,13.83
cell_04_00,2026-01,1,3,0.3333,False,True,1,4,0.25,1,3,0.3333,False,ndvi_mean,negative,5.5346,1.0,12.0
cell_04_01,2026-01,3,3,1.0,False,True,3,4,0.75,1,3,0.3333,True,ndbi_mean,negative,5.593,1.0,12.0
cell_04_02,2026-01,1,3,0.3333,False,True,1,4,0.25,1,3,0.3333,False,ndwi_mean,positive,3.2452,1.0,12.41
cell_04_03,2026-01,1,3,0.3333,False,True,1,4,0.25,1,3,0.3333,False,ndwi_mean,positive,11.0703,1.0,12.93
cell_04_04,2026-01,1,3,0.3333,False,True,1,4,0.25,1,3,0.3333,False,ndwi_mean,positive,3.3866,1.0,13.0
cell_04_05,2026-01,0,3,0.0,False,True,0,4,0.0,1,3,0.3333,False,ndwi_mean,positive,1.8488,1.0,13.97
cell_04_06,2026-01,0,3,0.0,True,True,1,4,0.25,1,3,0.3333,False,viirs_avg_rad_mean,positive,8.9796,1.0,14.0
cell_04_07,2026-01,1,3,0.3333,True,True,2,4,0.5,1,3,0.3333,True,viirs_avg_rad_mean,positive,8.8809,1.0,14.0
cell_04_08,2026-01,0,3,0.0,True,True,1,4,0.25,1,3,0.3333,False,viirs_avg_rad_mean,positive,4.9114,1.0,14.0
cell_04_09,2026-01,1,3,0.3333,False,True,1,4,0.25,1,3,0.3333,False,ndbi_mean,negative,11.1455,1.0,14.0
cell_04_10,2026-01,1,3,0.3333,False,True,1,4,0.25,1,3,0.3333,False,ndbi_mean,negative,4.6765,1.0,14.0
cell_04_11,2026-01,0,3,0.0,True,True,1,4,0.25,1,3,0.3333,False,viirs_avg_rad_mean,positive,38.4355,1.0,14.0
cell_04_12,2026-01,1,3,0.3333,True,True,2,4,0.5,1,3,0.3333,True,viirs_avg_rad_mean,positive,5.1769,1.0,14.0
cell_04_13,2026-01,0,3,0.0,True,True,1,4,0.25,1,3,0.3333,False,viirs_avg_rad_mean,positive,13.8284,1.0,14.0
cell_04_14,2026-01,1,3,0.3333,True,True,2,4,0.5,1,3,0.3333,True,ndbi_mean,positive,47.6033,1.0,13.63
cell_04_15,2026-01,0,3,0.0,True,True,1,4,0.25,1,3,0.3333,False,viirs_avg_rad_mean,positive,6.2636,1.0,13.24
cell_04_16,2026-01,0,3,0.0,True,True,1,4,0.25,1,3,0.3333,False,viirs_avg_rad_mean,positive,7.2348,1.0,13.22
cell_04_17,2026-01,2,3,0.6667,True,True,3,4,0.75,1,3,0.3333,True,ndbi_mean,positive,4.8375,1.0,13.19
cell_04_18,2026-01,2,3,0.6667,True,True,3,4,0.75,1,3,0.3333,True,viirs_avg_rad_mean,positive,8.311,1.0,13.13
cell_04_19,2026-01,3,3,1.0,True,True,4,4,1.0,1,3,0.3333,True,viirs_avg_rad_mean,positive,49.5847,1.0,13.78
cell_05_00,2026-01,2,3,0.6667,False,True,2,4,0.5,1,3,0.3333,True,ndwi_mean,positive,20.3142,1.0,12.0
cell_05_01,2026-01,2,3,0.6667,False,True,2,4,0.5,1,3,0.3333,True,ndbi_mean,negative,11.3728,1.0,12.0
cell_05_02,2026-01,0,3,0.0,False,True,0,4,0.0,1,3,0.3333,False,ndbi_mean,negative,2.6923,1.0,12.44
cell_05_03,2026-01,0,3,0.0,False,True,0,4,0.0,1,3,0.3333,False,ndwi_mean,positive,2.537,0.9984,12.42
cell_05_04,2026-01,0,3,0.0,True,True,1,4,0.25,1,3,0.3333,False,viirs_avg_rad_mean,positive,5.0606,1.0,12.38
cell_05_05,2026-01,0,3,0.0,False,True,0,4,0.0,1,3,0.3333,False,viirs_avg_rad_mean,positive,1.6638,1.0,13.32
cell_05_06,2026-01,1,3,0.3333,True,True,2,4,0.5,1,3,0.3333,True,ndbi_mean,negative,4.5013,1.0,13.38
cell_05_07,2026-01,0,3,0.0,True,True,1,4,0.25,1,3,0.3333,False,viirs_avg_rad_mean,positive,25.9905,1.0,13.43
cell_05_08,2026-01,1,3,0.3333,False,True,1,4,0.25,1,3,0.3333,False,ndvi_mean,negative,3.4307,1.0,14.0
cell_05_09,2026-01,2,3,0.6667,False,True,2,4,0.5,1,3,0.3333,True,ndwi_mean,positive,5.7954,1.0,14.0
cell_05_10,2026-01,1,3,0.3333,False,True,1,4,0.25,1,3,0.3333,False,ndwi_mean,positive,7.3212,1.0,14.0
cell_05_11,2026-01,0,3,0.0,False,True,0,4,0.0,1,3,0.3333,False,viirs_avg_rad_mean,positive,1.8962,1.0,14.0
cell_05_12,2026-01,1,3,0.3333,True,True,2,4,0.5,1,3,0.3333,True,viirs_avg_rad_mean,positive,3.7535,1.0,14.0
cell_05_13,2026-01,0,3,0.0,True,True,1,4,0.25,1,3,0.3333,False,viirs_avg_rad_mean,positive,3.9441,1.0,14.0
cell_05_14,2026-01,0,3,0.0,True,True,1,4,0.25,1,3,0.3333,False,viirs_avg_rad_mean,positive,6.2871,1.0,13.53
cell_05_15,2026-01,0,3,0.0,True,True,1,4,0.25,1,3,0.3333,False,viirs_avg_rad_mean,positive,22.7103,1.0,13.0
cell_05_16,2026-01,1,3,0.3333,True,True,2,4,0.5,1,3,0.3333,True,viirs_avg_rad_mean,positive,5.0549,1.0,13.0
cell_05_17,2026-01,2,3,0.6667,True,True,3,4,0.75,1,3,0.3333,True,viirs_avg_rad_mean,positive,59.1837,1.0,13.0
cell_05_18,2026-01,1,3,0.3333,True,True,2,4,0.5,1,3,0.3333,True,viirs_avg_rad_mean,positive,86.189,1.0,13.0
cell_05_19,2026-01,3,3,1.0,False,True,3,4,0.75,1,3,0.3333,True,ndvi_mean,negative,6.8442,1.0,13.74
cell_06_00,2026-01,1,3,0.3333,False,True,1,4,0.25,1,3,0.3333,False,ndwi_mean,positive,3.6484,1.0,11.81
cell_06_01,2026-01,0,3,0.0,False,True,0,4,0.0,1,3,0.3333,False,ndbi_mean,negative,2.4758,1.0,12.43
cell_06_02,2026-01,1,3,0.3333,False,True,1,4,0.25,1,3,0.3333,False,ndbi_mean,negative,6.2661,1.0,12.92
cell_06_03,2026-01,0,3,0.0,False,True,0,4,0.0,1,3,0.3333,False,ndwi_mean,positive,2.6378,1.0,12.17
cell_06_04,2026-01,0,3,0.0,True,True,1,4,0.25,1,3,0.3333,False,viirs_avg_rad_mean,positive,3.4475,1.0,12.55
cell_06_05,2026-01,0,3,0.0,True,True,1,4,0.25,1,3,0.3333,False,viirs_avg_rad_mean,positive,6.5385,1.0,12.98
cell_06_06,2026-01,0,3,0.0,True,True,1,4,0.25,1,3,0.3333,False,viirs_avg_rad_mean,positive,8.9673,1.0,13.0
cell_06_07,2026-01,0,3,0.0,True,True,1,4,0.25,1,3,0.3333,False,viirs_avg_rad_mean,positive,36.5134,1.0,13.08
cell_06_08,2026-01,1,3,0.3333,False,True,1,4,0.25,1,3,0.3333,False,ndbi_mean,negative,5.9379,1.0,14.0
cell_06_09,2026-01,2,3,0.6667,False,True,2,4,0.5,1,3,0.3333,True,ndbi_mean,negative,6.4466,1.0,14.0
cell_06_10,2026-01,0,3,0.0,False,True,0,4,0.0,1,3,0.3333,False,viirs_avg_rad_mean,positive,2.4746,1.0,14.0
cell_06_11,2026-01,1,3,0.3333,False,True,1,4,0.25,1,3,0.3333,False,ndwi_mean,positive,11.0062,1.0,14.0
cell_06_12,2026-01,1,3,0.3333,True,True,2,4,0.5,1,3,0.3333,True,ndbi_mean,negative,19.964,1.0,14.0
cell_06_13,2026-01,0,3,0.0,False,True,0,4,0.0,1,3,0.3333,False,ndwi_mean,positive,1.9901,1.0,14.0
cell_06_14,2026-01,0,3,0.0,False,True,0,4,0.0,1,3,0.3333,False,viirs_avg_rad_mean,positive,2.0213,1.0,13.55
cell_06_15,2026-01,0,3,0.0,True,True,1,4,0.25,1,3,0.3333,False,viirs_avg_rad_mean,positive,10.1677,1.0,13.0
cell_06_16,2026-01,1,3,0.3333,True,True,2,4,0.5,1,3,0.3333,True,viirs_avg_rad_mean,positive,3.5878,1.0,13.0
cell_06_17,2026-01,1,3,0.3333,True,True,2,4,0.5,1,3,0.3333,True,ndvi_mean,negative,143.7432,1.0,13.0
cell_06_18,2026-01,2,3,0.6667,True,True,3,4,0.75,1,3,0.3333,True,ndbi_mean,negative,21.1443,1.0,13.0
cell_06_19,2026-01,1,3,0.3333,True,True,2,4,0.5,1,3,0.3333,True,viirs_avg_rad_mean,positive,23.2718,1.0,13.71
cell_07_00,2026-01,2,3,0.6667,False,True,2,4,0.5,1,3,0.3333,True,ndwi_mean,positive,34.4986,1.0,11.65
cell_07_01,2026-01,1,3,0.3333,False,True,1,4,0.25,1,3,0.3333,False,ndwi_mean,positive,21.1558,1.0,12.26
cell_07_02,2026-01,1,3,0.3333,False,True,1,4,0.25,1,3,0.3333,False,ndwi_mean,positive,3.3819,1.0,12.85
cell_07_03,2026-01,1,3,0.3333,False,True,1,4,0.25,1,3,0.3333,False,ndwi_mean,positive,4.2292,1.0,12.7
cell_07_04,2026-01,0,3,0.0,True,True,1,4,0.25,1,3,0.3333,False,viirs_avg_rad_mean,positive,5.5457,1.0,12.38
cell_07_05,2026-01,0,3,0.0,True,True,1,4,0.25,1,3,0.3333,False,viirs_avg_rad_mean,positive,22.9253,1.0,12.94
cell_07_06,2026-01,0,3,0.0,True,True,1,4,0.25,1,3,0.3333,False,viirs_avg_rad_mean,positive,13.6004,1.0,13.0
cell_07_07,2026-01,0,3,0.0,True,True,1,4,0.25,1,3,0.3333,False,viirs_avg_rad_mean,positive,6.588,1.0,13.07
cell_07_08,2026-01,1,3,0.3333,False,True,1,4,0.25,1,3,0.3333,False,ndbi_mean,negative,185.6789,1.0,14.0
cell_07_09,2026-01,0,3,0.0,False,True,0,4,0.0,1,3,0.3333,False,ndbi_mean,negative,0.8111,1.0,14.0
cell_07_10,2026-01,1,3,0.3333,False,True,1,4,0.25,1,3,0.3333,False,ndvi_mean,negative,4.4616,1.0,13.83
cell_07_11,2026-01,0,3,0.0,False,True,0,4,0.0,1,3,0.3333,False,viirs_avg_rad_mean,positive,1.609,1.0,13.21
cell_07_12,2026-01,0,3,0.0,False,True,0,4,0.0,1,3,0.3333,False,ndvi_mean,negative,1.7607,1.0,13.12
cell_07_13,2026-01,1,3,0.3333,False,True,1,4,0.25,1,3,0.3333,False,ndwi_mean,positive,3.2206,1.0,13.12
cell_07_14,2026-01,1,3,0.3333,False,True,1,4,0.25,1,3,0.3333,False,ndwi_mean,positive,8.4345,1.0,13.07
cell_07_15,2026-01,1,3,0.3333,False,True,1,4,0.25,1,3,0.3333,False,ndbi_mean,positive,9.8752,1.0,13.0
cell_07_16,2026-01,0,3,0.0,True,True,1,4,0.25,1,3,0.3333,False,viirs_avg_rad_mean,positive,3.7255,1.0,13.0
cell_07_17,2026-01,1,3,0.3333,False,True,1,4,0.25,1,3,0.3333,False,ndbi_mean,negative,3.859,1.0,13.0
cell_07_18,2026-01,2,3,0.6667,True,True,3,4,0.75,1,3,0.3333,True,viirs_avg_rad_mean,positive,23.1596,1.0,13.0
cell_07_19,2026-01,2,3,0.6667,True,True,3,4,0.75,1,3,0.3333,True,ndwi_mean,positive,13.7985,1.0,13.0
cell_08_00,2026-01,0,3,0.0,False,True,0,4,0.0,1,3,0.3333,False,ndbi_mean,negative,1.892,1.0,11.63
cell_08_01,2026-01,1,3,0.3333,False,True,1,4,0.25,1,3,0.3333,False,ndwi_mean,positive,25.2408,1.0,12.0
cell_08_02,2026-01,1,3,0.3333,False,True,1,4,0.25,1,3,0.3333,False,ndwi_mean,positive,8.691,1.0,12.74
cell_08_03,2026-01,0,3,0.0,False,True,0,4,0.0,1,3,0.3333,False,ndwi_mean,positive,2.9608,1.0,13.0
cell_08_04,2026-01,0,3,0.0,False,True,0,4,0.0,1,3,0.3333,False,viirs_avg_rad_mean,positive,2.4014,1.0,12.16
cell_08_05,2026-01,0,3,0.0,True,True,1,4,0.25,1,3,0.3333,False,viirs_avg_rad_mean,positive,6.8897,1.0,12.9
cell_08_06,2026-01,0,3,0.0,True,True,1,4,0.25,1,3,0.3333,False,viirs_avg_rad_mean,positive,4.8586,1.0,13.0
cell_08_07,2026-01,0,3,0.0,False,True,0,4,0.0,1,3,0.3333,False,viirs_avg_rad_mean,positive,1.8135,1.0,13.01
cell_08_08,2026-01,0,3,0.0,False,True,0,4,0.0,1,3,0.3333,False,ndbi_mean,negative,0.7377,1.0,13.22
cell_08_09,2026-01,1,3,0.3333,False,True,1,4,0.25,1,3,0.3333,False,ndbi_mean,negative,6.8694,1.0,13.22
cell_08_10,2026-01,0,3,0.0,False,True,0,4,0.0,1,3,0.3333,False,ndvi_mean,negative,2.8188,1.0,13.1
cell_08_11,2026-01,0,3,0.0,False,True,0,4,0.0,1,3,0.3333,False,ndbi_mean,negative,2.2827,1.0,13.0
cell_08_12,2026-01,0,3,0.0,True,True,1,4,0.25,1,3,0.3333,False,viirs_avg_rad_mean,positive,3.2717,1.0,13.0
cell_08_13,2026-01,0,3,0.0,False,True,0,4,0.0,1,3,0.3333,False,viirs_avg_rad_mean,positive,2.0452,1.0,13.0
cell_08_14,2026-01,1,3,0.3333,False,True,1,4,0.25,1,3,0.3333,False,ndvi_mean,negative,3.1398,1.0,13.0
cell_08_15,2026-01,0,3,0.0,True,True,1,4,0.25,1,3,0.3333,False,viirs_avg_rad_mean,positive,7.6181,1.0,13.0
cell_08_16,2026-01,1,3,0.3333,False,True,1,4,0.25,1,3,0.3333,False,ndwi_mean,positive,55.18,1.0,13.0
cell_08_17,2026-01,3,3,1.0,True,True,4,4,1.0,1,3,0.3333,True,ndvi_mean,negative,69.4424,1.0,13.0
cell_08_18,2026-01,1,3,0.3333,True,True,2,4,0.5,1,3,0.3333,True,ndbi_mean,negative,7.7524,1.0,13.0
cell_08_19,2026-01,2,3,0.6667,False,True,2,4,0.5,1,3,0.3333,True,ndwi_mean,positive,8.8327,1.0,12.32
cell_09_00,2026-01,1,3,0.3333,False,True,1,4,0.25,1,3,0.3333,False,ndwi_mean,positive,7.3758,1.0,11.47
cell_09_01,2026-01,1,3,0.3333,False,True,1,4,0.25,1,3,0.3333,False,ndwi_mean,positive,5.4098,1.0,11.77
cell_09_02,2026-01,0,3,0.0,False,True,0,4,0.0,1,3,0.3333,False,viirs_avg_rad_mean,positive,1.7293,1.0,12.18
cell_09_03,2026-01,0,3,0.0,False,True,0,4,0.0,1,3,0.3333,False,viirs_avg_rad_mean,positive,1.7198,1.0,12.25
cell_09_04,2026-01,0,3,0.0,False,True,0,4,0.0,1,3,0.3333,False,viirs_avg_rad_mean,positive,1.7231,1.0,12.04
cell_09_05,2026-01,0,3,0.0,False,True,0,4,0.0,1,3,0.3333,False,viirs_avg_rad_mean,positive,2.234,1.0,12.88
cell_09_06,2026-01,2,3,0.6667,False,True,2,4,0.5,1,3,0.3333,True,ndbi_mean,negative,6.3665,1.0,13.0
cell_09_07,2026-01,0,3,0.0,False,True,0,4,0.0,1,3,0.3333,False,viirs_avg_rad_mean,positive,2.5877,1.0,12.24
cell_09_08,2026-01,1,3,0.3333,False,True,1,4,0.25,1,3,0.3333,False,ndbi_mean,negative,40.2717,1.0,12.13
cell_09_09,2026-01,2,3,0.6667,False,True,2,4,0.5,1,3,0.3333,True,ndwi_mean,positive,7.5401,1.0,12.13
cell_09_10,2026-01,2,3,0.6667,False,True,2,4,0.5,1,3,0.3333,True,ndbi_mean,negative,5.982,1.0,12.29
cell_09_11,2026-01,1,3,0.3333,False,True,1,4,0.25,1,3,0.3333,False,ndwi_mean,positive,4.3449,1.0,13.0
cell_09_12,2026-01,1,3,0.3333,False,True,1,4,0.25,1,3,0.3333,False,ndvi_mean,negative,14.512,1.0,13.0
cell_09_13,2026-01,0,3,0.0,True,True,1,4,0.25,1,3,0.3333,False,viirs_avg_rad_mean,positive,24.2424,1.0,13.0
cell_09_14,2026-01,1,3,0.3333,True,True,2,4,0.5,1,3,0.3333,True,ndwi_mean,positive,11.2184,1.0,13.0
cell_09_15,2026-01,0,3,0.0,True,True,1,4,0.25,1,3,0.3333,False,viirs_avg_rad_mean,positive,5.7494,1.0,13.0
cell_09_16,2026-01,1,3,0.3333,True,True,2,4,0.5,1,3,0.3333,True,ndwi_mean,positive,125.7472,1.0,13.0
cell_09_17,2026-01,0,3,0.0,True,True,1,4,0.25,1,3,0.3333,False,viirs_avg_rad_mean,positive,3.3009,1.0,13.0
cell_09_18,2026-01,0,3,0.0,False,True,0,4,0.0,1,3,0.3333,False,viirs_avg_rad_mean,positive,2.7414,1.0,12.37
cell_09_19,2026-01,1,3,0.3333,False,True,1,4,0.25,1,3,0.3333,False,ndvi_mean,negative,20.3296,1.0,12.0
cell_10_00,2026-01,1,3,0.3333,False,True,1,4,0.25,1,3,0.3333,False,ndwi_mean,positive,14.4731,1.0,11.85
cell_10_01,2026-01,1,3,0.3333,False,True,1,4,0.25,1,3,0.3333,False,ndbi_mean,negative,11.1278,1.0,11.43
cell_10_02,2026-01,0,3,0.0,False,True,0,4,0.0,1,3,0.3333,False,ndwi_mean,positive,1.8934,1.0,11.77
cell_10_03,2026-01,0,3,0.0,False,True,0,4,0.0,1,3,0.3333,False,ndwi_mean,positive,0.9113,1.0,11.44
cell_10_04,2026-01,0,3,0.0,False,True,0,4,0.0,1,3,0.3333,False,viirs_avg_rad_mean,positive,1.1185,1.0,11.86
cell_10_05,2026-01,0,3,0.0,False,True,0,4,0.0,1,3,0.3333,False,viirs_avg_rad_mean,positive,2.5991,1.0,12.19
cell_10_06,2026-01,2,3,0.6667,True,True,3,4,0.75,1,3,0.3333,True,ndwi_mean,positive,14.0067,1.0,12.14
cell_10_07,2026-01,0,3,0.0,False,True,0,4,0.0,1,3,0.3333,False,ndvi_mean,negative,2.0408,1.0,12.0
cell_10_08,2026-01,0,3,0.0,True,True,1,4,0.25,1,3,0.3333,False,viirs_avg_rad_mean,positive,13.9564,1.0,11.12
cell_10_09,2026-01,0,3,0.0,True,True,1,4,0.25,1,3,0.3333,False,viirs_avg_rad_mean,positive,4.2237,1.0,11.22
cell_10_10,2026-01,1,3,0.3333,False,True,1,4,0.25,1,3,0.3333,False,ndvi_mean,negative,6.0863,1.0,12.18
cell_10_11,2026-01,0,3,0.0,False,True,0,4,0.0,1,3,0.3333,False,ndvi_mean,negative,2.6356,1.0,13.0
cell_10_12,2026-01,2,3,0.6667,False,True,2,4,0.5,1,3,0.3333,True,ndvi_mean,negative,33.1988,1.0,13.0
cell_10_13,2026-01,0,3,0.0,False,True,0,4,0.0,1,3,0.3333,False,viirs_avg_rad_mean,positive,2.7531,1.0,13.0
cell_10_14,2026-01,2,3,0.6667,True,True,3,4,0.75,1,3,0.3333,True,ndwi_mean,positive,8.7118,1.0,12.62
cell_10_15,2026-01,3,3,1.0,True,True,4,4,1.0,1,3,0.3333,True,viirs_avg_rad_mean,positive,109.1838,1.0,12.0
cell_10_16,2026-01,2,3,0.6667,True,True,3,4,0.75,1,3,0.3333,True,viirs_avg_rad_mean,positive,38.2627,1.0,12.06
cell_10_17,2026-01,0,3,0.0,True,True,1,4,0.25,1,3,0.3333,False,viirs_avg_rad_mean,positive,25.4105,1.0,12.59
cell_10_18,2026-01,1,3,0.3333,True,True,2,4,0.5,1,3,0.3333,True,ndbi_mean,negative,4.165,1.0,12.51
cell_10_19,2026-01,2,3,0.6667,False,True,2,4,0.5,1,3,0.3333,True,ndvi_mean,negative,14.1776,1.0,12.04
cell_11_00,2026-01,0,3,0.0,False,True,0,4,0.0,1,3,0.3333,False,ndwi_mean,positive,2.1324,1.0,12.0
cell_11_01,2026-01,1,3,0.3333,False,True,1,4,0.25,1,3,0.3333,False,ndwi_mean,positive,16.1424,1.0,11.84
cell_11_02,2026-01,0,3,0.0,False,True,0,4,0.0,1,3,0.3333,False,ndbi_mean,negative,2.0974,1.0,11.93
cell_11_03,2026-01,0,3,0.0,False,True,0,4,0.0,1,3,0.3333,False,ndwi_mean,positive,1.2379,1.0,11.26
cell_11_04,2026-01,0,3,0.0,False,True,0,4,0.0,1,3,0.3333,False,ndwi_mean,positive,0.8005,1.0,11.1
cell_11_05,2026-01,0,3,0.0,False,True,0,4,0.0,1,3,0.3333,False,ndbi_mean,negative,2.7311,1.0,11.12
cell_11_06,2026-01,1,3,0.3333,False,True,1,4,0.25,1,3,0.3333,False,ndbi_mean,negative,4.7607,1.0,11.9
cell_11_07,2026-01,0,3,0.0,False,True,0,4,0.0,1,3,0.3333,False,ndbi_mean,negative,2.8705,1.0,12.0
cell_11_08,2026-01,0,3,0.0,False,True,0,4,0.0,1,3,0.3333,False,ndwi_mean,positive,2.6058,1.0,11.0
cell_11_09,2026-01,1,3,0.3333,False,True,1,4,0.25,1,3,0.3333,False,ndwi_mean,positive,3.7055,1.0,11.18
cell_11_10,2026-01,0,3,0.0,False,True,0,4,0.0,1,3,0.3333,False,ndbi_mean,negative,1.3397,1.0,12.96
cell_11_11,2026-01,0,3,0.0,False,True,0,4,0.0,1,3,0.3333,False,ndbi_mean,negative,1.232,0.9984,12.8
cell_11_12,2026-01,0,3,0.0,False,True,0,4,0.0,1,3,0.3333,False,ndwi_mean,positive,2.1579,1.0,12.0
cell_11_13,2026-01,0,3,0.0,False,True,0,4,0.0,1,3,0.3333,False,viirs_avg_rad_mean,positive,2.613,1.0,12.31
cell_11_14,2026-01,0,3,0.0,True,True,1,4,0.25,1,3,0.3333,False,viirs_avg_rad_mean,positive,14.8367,1.0,12.62
cell_11_15,2026-01,2,3,0.6667,True,True,3,4,0.75,1,3,0.3333,True,viirs_avg_rad_mean,positive,13.6541,1.0,12.0
cell_11_16,2026-01,3,3,1.0,True,True,4,4,1.0,1,3,0.3333,True,viirs_avg_rad_mean,positive,17.1653,1.0,12.38
cell_11_17,2026-01,0,3,0.0,True,True,1,4,0.25,1,3,0.3333,False,viirs_avg_rad_mean,positive,8.0546,1.0,12.88
cell_11_18,2026-01,2,3,0.6667,False,True,2,4,0.5,1,3,0.3333,True,ndwi_mean,positive,11.9293,1.0,12.87
cell_11_19,2026-01,2,3,0.6667,False,True,2,4,0.5,1,3,0.3333,True,ndvi_mean,negative,101.8761,1.0,12.33
cell_12_00,2026-01,0,3,0.0,False,True,0,4,0.0,1,3,0.3333,False,ndvi_mean,negative,2.8365,1.0,12.0
cell_12_01,2026-01,1,3,0.3333,False,True,1,4,0.25,1,3,0.3333,False,ndwi_mean,positive,9.085,1.0,12.0
cell_12_02,2026-01,0,3,0.0,True,True,1,4,0.25,1,3,0.3333,False,viirs_avg_rad_mean,positive,4.3017,1.0,12.0
cell_12_03,2026-01,1,3,0.3333,False,True,1,4,0.25,1,3,0.3333,False,ndbi_mean,negative,7.4027,1.0,11.28
cell_12_04,2026-01,0,3,0.0,False,True,0,4,0.0,1,3,0.3333,False,ndwi_mean,positive,1.3069,1.0,11.0
cell_12_05,2026-01,0,3,0.0,False,True,0,4,0.0,1,3,0.3333,False,ndwi_mean,positive,1.1923,1.0,11.0
cell_12_06,2026-01,1,3,0.3333,False,True,1,4,0.25,1,3,0.3333,False,ndbi_mean,negative,8.0573,1.0,11.1
cell_12_07,2026-01,1,3,0.3333,False,True,1,4,0.25,1,3,0.3333,False,ndvi_mean,negative,5.2633,1.0,11.11
cell_12_08,2026-01,1,3,0.3333,True,True,2,4,0.5,1,3,0.3333,True,ndvi_mean,negative,8.249,1.0,10.1
cell_12_09,2026-01,1,3,0.3333,False,True,1,4,0.25,1,3,0.3333,False,ndwi_mean,positive,3.2795,1.0,11.08
cell_12_10,2026-01,1,3,0.3333,False,True,1,4,0.25,1,3,0.3333,False,ndvi_mean,negative,9.5139,1.0,12.13
cell_12_11,2026-01,1,3,0.3333,False,True,1,4,0.25,1,3,0.3333,False,ndbi_mean,negative,3.0829,1.0,13.0
cell_12_12,2026-01,0,3,0.0,False,True,0,4,0.0,1,3,0.3333,False,ndbi_mean,negative,2.3776,1.0,12.97
cell_12_13,2026-01,0,3,0.0,False,True,0,4,0.0,1,3,0.3333,False,viirs_avg_rad_mean,positive,1.0469,1.0,12.89
cell_12_14,2026-01,2,3,0.6667,False,True,2,4,0.5,1,3,0.3333,True,ndvi_mean,negative,688.6678,1.0,12.61
cell_12_15,2026-01,2,3,0.6667,False,True,2,4,0.5,1,3,0.3333,True,ndbi_mean,negative,6.3724,1.0,12.0
cell_12_16,2026-01,3,3,1.0,False,True,3,4,0.75,1,3,0.3333,True,ndvi_mean,negative,52.9063,1.0,12.0
cell_12_17,2026-01,0,3,0.0,True,True,1,4,0.25,1,3,0.3333,False,viirs_avg_rad_mean,positive,13.3308,1.0,12.06
cell_12_18,2026-01,2,3,0.6667,False,True,2,4,0.5,1,3,0.3333,True,ndwi_mean,positive,5.5036,1.0,12.15
cell_12_19,2026-01,1,3,0.3333,False,True,1,4,0.25,1,3,0.3333,False,ndwi_mean,positive,3.2111,1.0,12.22
cell_13_00,2026-01,1,3,0.3333,True,True,2,4,0.5,1,3,0.3333,True,ndwi_mean,positive,7.8032,1.0,12.0
cell_13_01,2026-01,0,3,0.0,False,True,0,4,0.0,1,3,0.3333,False,ndwi_mean,positive,2.6201,1.0,12.0
cell_13_02,2026-01,0,3,0.0,False,True,0,4,0.0,1,3,0.3333,False,ndwi_mean,positive,1.8399,1.0,11.44
cell_13_03,2026-01,0,3,0.0,False,True,0,4,0.0,1,3,0.3333,False,viirs_avg_rad_mean,positive,2.0576,1.0,11.04
cell_13_04,2026-01,0,3,0.0,False,True,0,4,0.0,1,3,0.3333,False,ndwi_mean,positive,2.0585,1.0,10.33
cell_13_05,2026-01,1,3,0.3333,False,True,1,4,0.25,1,3,0.3333,False,ndvi_mean,negative,6.8312,1.0,10.11
cell_13_06,2026-01,1,3,0.3333,False,True,1,4,0.25,1,3,0.3333,False,ndwi_mean,positive,18.8829,1.0,10.86
cell_13_07,2026-01,2,3,0.6667,True,True,3,4,0.75,1,3,0.3333,True,viirs_avg_rad_mean,positive,50.6619,1.0,11.0
cell_13_08,2026-01,1,3,0.3333,False,True,1,4,0.25,1,3,0.3333,False,ndvi_mean,negative,3.6169,1.0,11.01
cell_13_09,2026-01,1,3,0.3333,False,True,1,4,0.25,1,3,0.3333,False,ndvi_mean,negative,10.1297,1.0,12.06
cell_13_10,2026-01,2,3,0.6667,False,True,2,4,0.5,1,3,0.3333,True,ndwi_mean,positive,4.0287,1.0,12.97
cell_13_11,2026-01,0,3,0.0,False,True,0,4,0.0,1,3,0.3333,False,ndvi_mean,negative,2.7473,1.0,12.76
cell_13_12,2026-01,0,3,0.0,False,True,0,4,0.0,1,3,0.3333,False,viirs_avg_rad_mean,positive,0.879,1.0,12.11
cell_13_13,2026-01,0,3,0.0,False,True,0,4,0.0,1,3,0.3333,False,ndwi_mean,positive,2.9954,0.9552,12.12
cell_13_14,2026-01,2,3,0.6667,True,True,3,4,0.75,1,3,0.3333,True,viirs_avg_rad_mean,positive,91.6198,1.0,12.12
cell_13_15,2026-01,2,3,0.6667,False,True,2,4,0.5,1,3,0.3333,True,ndwi_mean,positive,11.7388,1.0,12.12
cell_13_16,2026-01,1,3,0.3333,False,True,1,4,0.25,1,3,0.3333,False,ndwi_mean,positive,76.3072,1.0,12.13
cell_13_17,2026-01,1,3,0.3333,False,True,1,4,0.25,1,3,0.3333,False,ndwi_mean,positive,4.2307,1.0,12.49
cell_13_18,2026-01,1,3,0.3333,False,True,1,4,0.25,1,3,0.3333,False,ndvi_mean,negative,8.9059,1.0,12.89
cell_13_19,2026-01,1,3,0.3333,False,True,1,4,0.25,1,3,0.3333,False,ndwi_mean,positive,7.6852,1.0,13.0
cell_14_00,2026-01,1,3,0.3333,False,True,1,4,0.25,1,3,0.3333,False,ndwi_mean,positive,5.7164,1.0,11.09
cell_14_01,2026-01,1,3,0.3333,False,True,1,4,0.25,1,3,0.3333,False,ndwi_mean,positive,9.257,0.9984,10.25
cell_14_02,2026-01,1,3,0.3333,False,True,1,4,0.25,1,3,0.3333,False,ndwi_mean,positive,12.367,1.0,10.16
cell_14_03,2026-01,0,3,0.0,True,True,1,4,0.25,1,3,0.3333,False,viirs_avg_rad_mean,positive,5.4696,1.0,10.71
cell_14_04,2026-01,1,3,0.3333,True,True,2,4,0.5,1,3,0.3333,True,viirs_avg_rad_mean,positive,26.4833,1.0,10.97
cell_14_05,2026-01,1,3,0.3333,True,True,2,4,0.5,1,3,0.3333,True,ndvi_mean,negative,11.3686,1.0,11.0
cell_14_06,2026-01,1,3,0.3333,True,True,2,4,0.5,1,3,0.3333,True,viirs_avg_rad_mean,positive,3.912,1.0,11.0
cell_14_07,2026-01,1,3,0.3333,False,True,1,4,0.25,1,3,0.3333,False,ndwi_mean,positive,3.1596,1.0,11.88
cell_14_08,2026-01,1,3,0.3333,False,True,1,4,0.25,1,3,0.3333,False,ndvi_mean,negative,3.1733,1.0,12.0
cell_14_09,2026-01,0,3,0.0,False,True,0,4,0.0,1,3,0.3333,False,ndwi_mean,positive,1.3744,1.0,11.16
cell_14_10,2026-01,2,3,0.6667,False,True,2,4,0.5,1,3,0.3333,True,ndvi_mean,negative,8.4807,1.0,12.12
cell_14_11,2026-01,2,3,0.6667,False,True,2,4,0.5,1,3,0.3333,True,ndvi_mean,negative,3.1363,1.0,12.25
cell_14_12,2026-01,1,3,0.3333,True,True,2,4,0.5,1,3,0.3333,True,viirs_avg_rad_mean,positive,25.1709,1.0,13.0
cell_14_13,2026-01,1,3,0.3333,True,True,2,4,0.5,1,3,0.3333,True,ndwi_mean,positive,8.6736,1.0,13.0
cell_14_14,2026-01,1,3,0.3333,True,True,2,4,0.5,1,3,0.3333,True,ndwi_mean,positive,16.0017,0.9984,13.0
cell_14_15,2026-01,2,3,0.6667,True,True,3,4,0.75,1,3,0.3333,True,ndvi_mean,negative,11.269,1.0,13.0
cell_14_16,2026-01,2,3,0.6667,True,True,3,4,0.75,1,3,0.3333,True,ndwi_mean,positive,11.8736,1.0,13.0
cell_14_17,2026-01,0,3,0.0,True,True,1,4,0.25,1,3,0.3333,False,viirs_avg_rad_mean,positive,5.2224,1.0,12.54
cell_14_18,2026-01,1,3,0.3333,False,True,1,4,0.25,1,3,0.3333,False,ndwi_mean,positive,23.3997,1.0,12.51
cell_14_19,2026-01,2,3,0.6667,False,True,2,4,0.5,1,3,0.3333,True,ndvi_mean,negative,8.1961,1.0,13.0
cell_15_00,2026-01,0,3,0.0,False,True,0,4,0.0,1,3,0.3333,False,ndwi_mean,positive,1.1942,1.0,11.84
cell_15_01,2026-01,0,3,0.0,False,True,0,4,0.0,1,3,0.3333,False,ndbi_mean,positive,2.9667,1.0,10.89
cell_15_02,2026-01,0,3,0.0,False,True,0,4,0.0,1,3,0.3333,False,viirs_avg_rad_mean,positive,2.0379,1.0,10.93
cell_15_03,2026-01,1,3,0.3333,False,True,1,4,0.25,1,3,0.3333,False,ndwi_mean,positive,5.4062,1.0,11.0
cell_15_04,2026-01,1,3,0.3333,False,True,1,4,0.25,1,3,0.3333,False,ndwi_mean,positive,8.3818,1.0,11.0
cell_15_05,2026-01,0,3,0.0,False,True,0,4,0.0,1,3,0.3333,False,ndwi_mean,positive,1.7515,1.0,11.0
cell_15_06,2026-01,1,3,0.3333,False,True,1,4,0.25,1,3,0.3333,False,ndvi_mean,negative,3.1538,1.0,11.0
cell_15_07,2026-01,1,3,0.3333,False,True,1,4,0.25,1,3,0.3333,False,ndvi_mean,negative,8.1855,1.0,11.1
cell_15_08,2026-01,0,3,0.0,False,True,0,4,0.0,1,3,0.3333,False,ndvi_mean,negative,0.9839,1.0,11.93
cell_15_09,2026-01,0,3,0.0,False,True,0,4,0.0,1,3,0.3333,False,ndwi_mean,positive,2.0965,1.0,12.02
cell_15_10,2026-01,0,3,0.0,False,True,0,4,0.0,1,3,0.3333,False,ndwi_mean,positive,2.3595,1.0,13.0
cell_15_11,2026-01,3,3,1.0,True,True,4,4,1.0,1,3,0.3333,True,viirs_avg_rad_mean,positive,5.5527,1.0,13.0
cell_15_12,2026-01,3,3,1.0,True,True,4,4,1.0,1,3,0.3333,True,ndbi_mean,negative,6.2915,1.0,13.0
cell_15_13,2026-01,2,3,0.6667,True,True,3,4,0.75,1,3,0.3333,True,ndvi_mean,negative,8.5253,1.0,13.0
cell_15_14,2026-01,0,3,0.0,True,True,1,4,0.25,1,3,0.3333,False,viirs_avg_rad_mean,positive,3.0967,1.0,13.0
cell_15_15,2026-01,0,3,0.0,False,True,0,4,0.0,1,3,0.3333,False,ndbi_mean,negative,1.9777,1.0,13.0
cell_15_16,2026-01,0,3,0.0,False,True,0,4,0.0,1,3,0.3333,False,viirs_avg_rad_mean,positive,2.5492,1.0,12.91
cell_15_17,2026-01,0,3,0.0,False,True,0,4,0.0,1,3,0.3333,False,viirs_avg_rad_mean,positive,1.3435,1.0,12.42
cell_15_18,2026-01,0,3,0.0,False,True,0,4,0.0,1,3,0.3333,False,ndwi_mean,positive,1.3464,1.0,12.49
cell_15_19,2026-01,0,3,0.0,False,True,0,4,0.0,1,3,0.3333,False,ndwi_mean,positive,2.4128,1.0,13.0
cell_16_00,2026-01,1,3,0.3333,True,True,2,4,0.5,1,3,0.3333,True,viirs_avg_rad_mean,positive,4.0866,1.0,12.07
cell_16_01,2026-01,1,3,0.3333,True,True,2,4,0.5,1,3,0.3333,True,viirs_avg_rad_mean,positive,7.4528,1.0,11.54
cell_16_02,2026-01,0,3,0.0,False,True,0,4,0.0,1,3,0.3333,False,ndwi_mean,positive,2.4681,1.0,12.0
cell_16_03,2026-01,1,3,0.3333,False,True,1,4,0.25,1,3,0.3333,False,ndwi_mean,positive,69.5449,1.0,12.0
cell_16_04,2026-01,0,3,0.0,False,True,0,4,0.0,1,3,0.3333,False,viirs_avg_rad_mean,positive,1.1954,1.0,11.31
cell_16_05,2026-01,1,3,0.3333,False,True,1,4,0.25,1,3,0.3333,False,ndwi_mean,positive,12.0479,1.0,11.0
cell_16_06,2026-01,1,3,0.3333,False,True,1,4,0.25,1,3,0.3333,False,ndbi_mean,negative,4.4642,1.0,11.0
cell_16_07,2026-01,1,3,0.3333,False,True,1,4,0.25,1,3,0.3333,False,ndvi_mean,negative,141.0098,1.0,11.75
cell_16_08,2026-01,1,3,0.3333,False,True,1,4,0.25,1,3,0.3333,False,ndwi_mean,positive,5.525,1.0,11.99
cell_16_09,2026-01,1,3,0.3333,False,True,1,4,0.25,1,3,0.3333,False,ndwi_mean,positive,23.3725,1.0,12.0
cell_16_10,2026-01,2,3,0.6667,False,True,2,4,0.5,1,3,0.3333,True,ndwi_mean,positive,27.7104,1.0,12.88
cell_16_11,2026-01,2,3,0.6667,True,True,3,4,0.75,1,3,0.3333,True,ndwi_mean,positive,7.5931,1.0,13.0
cell_16_12,2026-01,2,3,0.6667,True,True,3,4,0.75,1,3,0.3333,True,viirs_avg_rad_mean,positive,17.8691,1.0,13.0
cell_16_13,2026-01,2,3,0.6667,True,True,3,4,0.75,1,3,0.3333,True,viirs_avg_rad_mean,positive,8.9095,1.0,13.0
cell_16_14,2026-01,0,3,0.0,True,True,1,4,0.25,1,3,0.3333,False,viirs_avg_rad_mean,positive,4.0157,1.0,13.0
cell_16_15,2026-01,3,3,1.0,False,True,3,4,0.75,1,3,0.3333,True,ndwi_mean,positive,75.4765,1.0,13.0
cell_16_16,2026-01,1,3,0.3333,False,True,1,4,0.25,1,3,0.3333,False,ndwi_mean,positive,3.1519,1.0,12.72
cell_16_17,2026-01,1,3,0.3333,False,True,1,4,0.25,1,3,0.3333,False,ndbi_mean,negative,6.7845,1.0,12.17
cell_16_18,2026-01,0,3,0.0,False,True,0,4,0.0,1,3,0.3333,False,ndbi_mean,negative,2.3351,1.0,12.31
cell_16_19,2026-01,2,3,0.6667,False,True,2,4,0.5,1,3,0.3333,True,ndwi_mean,positive,4.6282,1.0,12.82
cell_17_00,2026-01,0,3,0.0,True,True,1,4,0.25,1,3,0.3333,False,viirs_avg_rad_mean,positive,36.5136,1.0,13.07
cell_17_01,2026-01,1,3,0.3333,True,True,2,4,0.5,1,3,0.3333,True,ndvi_mean,negative,4.1771,1.0,12.0
cell_17_02,2026-01,1,3,0.3333,False,True,1,4,0.25,1,3,0.3333,False,ndwi_mean,positive,3.5948,1.0,12.57
cell_17_03,2026-01,1,3,0.3333,False,True,1,4,0.25,1,3,0.3333,False,ndbi_mean,negative,40.6941,1.0,12.44
cell_17_04,2026-01,1,3,0.3333,False,True,1,4,0.25,1,3,0.3333,False,ndwi_mean,negative,6.0319,1.0,11.36
cell_17_05,2026-01,1,3,0.3333,False,True,1,4,0.25,1,3,0.3333,False,ndvi_mean,negative,28.8855,1.0,11.09
cell_17_06,2026-01,0,3,0.0,False,True,0,4,0.0,1,3,0.3333,False,ndvi_mean,negative,1.9662,1.0,11.22
cell_17_07,2026-01,1,3,0.3333,False,True,1,4,0.25,1,3,0.3333,False,ndvi_mean,negative,4.0419,1.0,11.25
cell_17_08,2026-01,0,3,0.0,False,True,0,4,0.0,1,3,0.3333,False,ndwi_mean,positive,1.5455,1.0,12.02
cell_17_09,2026-01,1,3,0.3333,False,True,1,4,0.25,1,3,0.3333,False,ndvi_mean,negative,21.2895,1.0,12.2
cell_17_10,2026-01,2,3,0.6667,False,True,2,4,0.5,1,3,0.3333,True,ndvi_mean,negative,783.958,1.0,12.04
cell_17_11,2026-01,1,3,0.3333,True,True,2,4,0.5,1,3,0.3333,True,viirs_avg_rad_mean,positive,5.8674,1.0,13.0
cell_17_12,2026-01,2,3,0.6667,True,True,3,4,0.75,1,3,0.3333,True,ndvi_mean,negative,10.5537,1.0,13.0
cell_17_13,2026-01,2,3,0.6667,True,True,3,4,0.75,1,3,0.3333,True,ndwi_mean,positive,18.4198,1.0,13.0
cell_17_14,2026-01,2,3,0.6667,True,True,3,4,0.75,1,3,0.3333,True,ndwi_mean,positive,97.2546,1.0,13.0
cell_17_15,2026-01,3,3,1.0,False,True,3,4,0.75,1,3,0.3333,True,ndbi_mean,negative,7.6779,1.0,13.0
cell_17_16,2026-01,2,3,0.6667,False,True,2,4,0.5,1,3,0.3333,True,ndvi_mean,negative,76.709,1.0,13.0
cell_17_17,2026-01,2,3,0.6667,False,True,2,4,0.5,1,3,0.3333,True,ndvi_mean,negative,9.3657,1.0,12.76
cell_17_18,2026-01,2,3,0.6667,False,True,2,4,0.5,1,3,0.3333,True,ndvi_mean,negative,22.7836,1.0,12.38
cell_17_19,2026-01,3,3,1.0,True,True,4,4,1.0,1,3,0.3333,True,ndvi_mean,negative,42.7919,1.0,12.69
cell_18_00,2026-01,1,3,0.3333,False,True,1,4,0.25,1,3,0.3333,False,ndwi_mean,positive,4.0317,1.0,13.55
cell_18_01,2026-01,2,3,0.6667,True,True,3,4,0.75,1,3,0.3333,True,ndvi_mean,negative,188.1385,1.0,13.05
cell_18_02,2026-01,0,3,0.0,False,True,0,4,0.0,1,3,0.3333,False,ndwi_mean,positive,0.9765,1.0,13.06
cell_18_03,2026-01,0,3,0.0,False,True,0,4,0.0,1,3,0.3333,False,viirs_avg_rad_mean,negative,1.4958,1.0,13.12
cell_18_04,2026-01,0,3,0.0,False,True,0,4,0.0,1,3,0.3333,False,ndwi_mean,positive,1.6102,1.0,11.9
cell_18_05,2026-01,0,3,0.0,False,True,0,4,0.0,1,3,0.3333,False,viirs_avg_rad_mean,negative,1.172,1.0,11.87
cell_18_06,2026-01,0,3,0.0,False,True,0,4,0.0,1,3,0.3333,False,ndvi_mean,negative,2.5866,1.0,12.79
cell_18_07,2026-01,0,3,0.0,False,True,0,4,0.0,1,3,0.3333,False,ndwi_mean,positive,1.8481,1.0,13.0
cell_18_08,2026-01,0,3,0.0,False,True,0,4,0.0,1,3,0.3333,False,ndbi_mean,negative,0.9766,1.0,13.0
cell_18_09,2026-01,2,3,0.6667,False,True,2,4,0.5,1,3,0.3333,True,ndwi_mean,positive,619.4393,1.0,13.0
cell_18_10,2026-01,2,3,0.6667,True,True,3,4,0.75,1,3,0.3333,True,ndwi_mean,positive,26.0837,1.0,12.28
cell_18_11,2026-01,2,3,0.6667,False,True,2,4,0.5,1,3,0.3333,True,ndwi_mean,positive,99.129,1.0,13.0
cell_18_12,2026-01,1,3,0.3333,False,True,1,4,0.25,1,3,0.3333,False,ndwi_mean,positive,3.9855,1.0,13.0
cell_18_13,2026-01,2,3,0.6667,False,True,2,4,0.5,1,3,0.3333,True,ndwi_mean,positive,8.5557,1.0,13.0
cell_18_14,2026-01,2,3,0.6667,False,True,2,4,0.5,1,3,0.3333,True,ndvi_mean,negative,10.8729,1.0,12.93
cell_18_15,2026-01,3,3,1.0,False,True,3,4,0.75,1,3,0.3333,True,ndvi_mean,negative,17.0555,1.0,12.65
cell_18_16,2026-01,1,3,0.3333,False,True,1,4,0.25,1,3,0.3333,False,ndwi_mean,positive,8.5606,1.0,12.63
cell_18_17,2026-01,0,3,0.0,False,True,0,4,0.0,1,3,0.3333,False,ndwi_mean,positive,1.6102,1.0,12.76
cell_18_18,2026-01,0,3,0.0,False,True,0,4,0.0,1,3,0.3333,False,viirs_avg_rad_mean,positive,1.9732,1.0,13.0
cell_18_19,2026-01,0,3,0.0,True,True,1,4,0.25,1,3,0.3333,False,viirs_avg_rad_mean,positive,4.634,1.0,13.0
cell_19_00,2026-01,1,3,0.3333,False,True,1,4,0.25,1,3,0.3333,False,ndwi_mean,positive,3.4899,1.0,14.0
cell_19_01,2026-01,0,3,0.0,False,True,0,4,0.0,1,3,0.3333,False,ndwi_mean,positive,1.7328,1.0,13.52
cell_19_02,2026-01,0,3,0.0,False,True,0,4,0.0,1,3,0.3333,False,viirs_avg_rad_mean,positive,1.6316,1.0,13.53
cell_19_03,2026-01,0,3,0.0,True,True,1,4,0.25,1,3,0.3333,False,viirs_avg_rad_mean,negative,5.7051,1.0,14.0
cell_19_04,2026-01,1,3,0.3333,False,True,1,4,0.25,1,3,0.3333,False,ndwi_mean,positive,13.4322,1.0,13.44
cell_19_05,2026-01,0,3,0.0,False,True,0,4,0.0,1,3,0.3333,False,ndvi_mean,negative,2.3643,1.0,13.03
cell_19_06,2026-01,1,3,0.3333,False,True,1,4,0.25,1,3,0.3333,False,ndwi_mean,positive,15.2856,1.0,13.0
cell_19_07,2026-01,0,3,0.0,False,True,0,4,0.0,1,3,0.3333,False,ndwi_mean,positive,2.2636,1.0,13.0
cell_19_08,2026-01,2,3,0.6667,False,True,2,4,0.5,1,3,0.3333,True,ndwi_mean,positive,16.0428,1.0,13.0
cell_19_09,2026-01,2,3,0.6667,True,True,3,4,0.75,1,3,0.3333,True,viirs_avg_rad_mean,positive,18.5261,1.0,13.0
cell_19_10,2026-01,1,3,0.3333,True,True,2,4,0.5,1,3,0.3333,True,ndwi_mean,positive,15.2685,1.0,13.0
cell_19_11,2026-01,1,3,0.3333,True,True,2,4,0.5,1,3,0.3333,True,viirs_avg_rad_mean,positive,9.7439,1.0,12.99
cell_19_12,2026-01,2,3,0.6667,False,True,2,4,0.5,1,3,0.3333,True,ndvi_mean,negative,41.1857,1.0,12.7
cell_19_13,2026-01,2,3,0.6667,False,True,2,4,0.5,1,3,0.3333,True,ndwi_mean,positive,7.7227,1.0,12.95
cell_19_14,2026-01,2,3,0.6667,False,True,2,4,0.5,1,3,0.3333,True,ndwi_mean,positive,28.9968,1.0,12.49
cell_19_15,2026-01,1,3,0.3333,False,True,1,4,0.25,1,3,0.3333,False,ndvi_mean,negative,3.8262,1.0,12.0
cell_19_16,2026-01,1,3,0.3333,False,True,1,4,0.25,1,3,0.3333,False,ndbi_mean,negative,64.3347,1.0,12.0
cell_19_17,2026-01,0,3,0.0,False,True,0,4,0.0,1,3,0.3333,False,viirs_avg_rad_mean,positive,1.3169,1.0,12.38
cell_19_18,2026-01,1,3,0.3333,False,True,1,4,0.25,1,3,0.3333,False,ndvi_mean,positive,21.3456,1.0,13.0
cell_19_19,2026-01,1,3,0.3333,False,True,1,4,0.25,1,3,0.3333,False,ndwi_mean,positive,337.0979,1.0,13.0
cell_20_00,2026-01,0,3,0.0,False,True,0,4,0.0,1,3,0.3333,False,ndwi_mean,positive,2.1007,1.0,14.0
cell_20_01,2026-01,1,3,0.3333,False,True,1,4,0.25,1,3,0.3333,False,ndwi_mean,positive,28.9776,1.0,13.59
cell_20_02,2026-01,1,3,0.3333,False,True,1,4,0.25,1,3,0.3333,False,ndwi_mean,positive,5.4252,1.0,13.57
cell_20_03,2026-01,0,3,0.0,False,True,0,4,0.0,1,3,0.3333,False,ndwi_mean,positive,1.0929,1.0,14.0
cell_20_04,2026-01,0,3,0.0,False,True,0,4,0.0,1,3,0.3333,False,ndvi_mean,negative,1.7189,1.0,14.0
cell_20_05,2026-01,2,3,0.6667,False,True,2,4,0.5,1,3,0.3333,True,ndbi_mean,negative,5.4015,1.0,13.35
cell_20_06,2026-01,1,3,0.3333,False,True,1,4,0.25,1,3,0.3333,False,ndvi_mean,negative,11.2491,1.0,13.0
cell_20_07,2026-01,2,3,0.6667,False,True,2,4,0.5,1,3,0.3333,True,ndvi_mean,negative,6.6938,0.9984,13.0
cell_20_08,2026-01,0,3,0.0,False,True,0,4,0.0,1,3,0.3333,False,viirs_avg_rad_mean,positive,2.9241,1.0,13.0
cell_20_09,2026-01,1,3,0.3333,True,True,2,4,0.5,1,3,0.3333,True,ndwi_mean,positive,3.5718,1.0,13.0
cell_20_10,2026-01,1,3,0.3333,False,True,1,4,0.25,1,3,0.3333,False,ndwi_mean,positive,7.9667,1.0,13.0
cell_20_11,2026-01,2,3,0.6667,False,True,2,4,0.5,1,3,0.3333,True,ndbi_mean,negative,16.0733,1.0,12.98
cell_20_12,2026-01,2,3,0.6667,False,True,2,4,0.5,1,3,0.3333,True,ndvi_mean,negative,4.8417,1.0,12.43
cell_20_13,2026-01,2,3,0.6667,False,True,2,4,0.5,1,3,0.3333,True,ndbi_mean,negative,10.2023,1.0,12.87
cell_20_14,2026-01,2,3,0.6667,False,True,2,4,0.5,1,3,0.3333,True,ndwi_mean,positive,203.4622,1.0,12.0
cell_20_15,2026-01,1,3,0.3333,False,True,1,4,0.25,1,3,0.3333,False,ndwi_mean,positive,7.3411,1.0,12.0
cell_20_16,2026-01,2,3,0.6667,False,True,2,4,0.5,1,3,0.3333,True,ndwi_mean,positive,78.7094,1.0,12.0
cell_20_17,2026-01,2,3,0.6667,False,True,2,4,0.5,1,3,0.3333,True,ndwi_mean,positive,26.342,1.0,12.32
cell_20_18,2026-01,1,3,0.3333,False,True,1,4,0.25,1,3,0.3333,False,ndwi_mean,positive,3.1282,1.0,12.81
cell_20_19,2026-01,2,3,0.6667,False,True,2,4,0.5,1,3,0.3333,True,ndwi_mean,positive,10.4902,1.0,12.5
cell_21_00,2026-01,1,3,0.3333,False,True,1,4,0.25,1,3,0.3333,False,ndwi_mean,positive,4.1637,1.0,13.93
cell_21_01,2026-01,0,3,0.0,False,True,0,4,0.0,1,3,0.3333,False,viirs_avg_rad_mean,positive,1.1612,1.0,14.0
cell_21_02,2026-01,0,3,0.0,False,True,0,4,0.0,1,3,0.3333,False,viirs_avg_rad_mean,positive,1.3021,1.0,14.0
cell_21_03,2026-01,0,3,0.0,False,True,0,4,0.0,1,3,0.3333,False,ndbi_mean,negative,1.2728,1.0,14.0
cell_21_04,2026-01,0,3,0.0,False,True,0,4,0.0,1,3,0.3333,False,ndbi_mean,negative,0.841,1.0,14.0
cell_21_05,2026-01,0,3,0.0,False,True,0,4,0.0,1,3,0.3333,False,ndbi_mean,negative,2.2372,1.0,13.35
cell_21_06,2026-01,0,3,0.0,False,True,0,4,0.0,1,3,0.3333,False,ndvi_mean,negative,1.3322,1.0,13.18
cell_21_07,2026-01,0,3,0.0,True,True,1,4,0.25,1,3,0.3333,False,viirs_avg_rad_mean,positive,44.6584,1.0,13.06
cell_21_08,2026-01,1,3,0.3333,True,True,2,4,0.5,1,3,0.3333,True,viirs_avg_rad_mean,positive,63.3891,1.0,13.0
cell_21_09,2026-01,0,3,0.0,False,True,0,4,0.0,1,3,0.3333,False,ndwi_mean,positive,2.5914,1.0,13.0
cell_21_10,2026-01,1,3,0.3333,False,True,1,4,0.25,1,3,0.3333,False,ndvi_mean,negative,8.6279,1.0,13.0
cell_21_11,2026-01,1,3,0.3333,False,True,1,4,0.25,1,3,0.3333,False,ndwi_mean,positive,6.2994,1.0,13.0
cell_21_12,2026-01,2,3,0.6667,False,True,2,4,0.5,1,3,0.3333,True,ndwi_mean,positive,3.2597,1.0,13.0
cell_21_13,2026-01,1,3,0.3333,True,True,2,4,0.5,1,3,0.3333,True,viirs_avg_rad_mean,positive,15.6114,1.0,12.93
cell_21_14,2026-01,1,3,0.3333,False,True,1,4,0.25,1,3,0.3333,False,ndwi_mean,positive,7.9631,1.0,12.37
cell_21_15,2026-01,2,3,0.6667,False,True,2,4,0.5,1,3,0.3333,True,ndwi_mean,positive,7.5362,1.0,12.1
cell_21_16,2026-01,0,3,0.0,False,True,0,4,0.0,1,3,0.3333,False,ndvi_mean,negative,1.0991,1.0,12.5
cell_21_17,2026-01,0,3,0.0,False,True,0,4,0.0,1,3,0.3333,False,ndwi_mean,positive,1.426,1.0,12.67
cell_21_18,2026-01,2,3,0.6667,False,True,2,4,0.5,1,3,0.3333,True,ndwi_mean,positive,14.3201,1.0,12.62
cell_21_19,2026-01,2,3,0.6667,True,True,3,4,0.75,1,3,0.3333,True,viirs_avg_rad_mean,positive,24.251,1.0,12.0
cell_22_00,2026-01,0,3,0.0,True,True,1,4,0.25,1,3,0.3333,False,viirs_avg_rad_mean,positive,7.2928,1.0,13.37
cell_22_01,2026-01,0,3,0.0,False,True,0,4,0.0,1,3,0.3333,False,viirs_avg_rad_mean,positive,2.12,1.0,14.0
cell_22_02,2026-01,0,3,0.0,True,True,1,4,0.25,1,3,0.3333,False,viirs_avg_rad_mean,positive,11.2258,1.0,14.0
cell_22_03,2026-01,0,3,0.0,False,True,0,4,0.0,1,3,0.3333,False,ndbi_mean,negative,0.3482,1.0,14.0
cell_22_04,2026-01,0,3,0.0,False,True,0,4,0.0,1,3,0.3333,False,ndwi_mean,positive,2.2023,1.0,14.0
cell_22_05,2026-01,1,3,0.3333,False,True,1,4,0.25,1,3,0.3333,False,ndvi_mean,negative,10.4584,1.0,13.53
cell_22_06,2026-01,2,3,0.6667,False,True,2,4,0.5,1,3,0.3333,True,ndbi_mean,positive,13.3663,1.0,13.79
cell_22_07,2026-01,1,3,0.3333,True,True,2,4,0.5,1,3,0.3333,True,viirs_avg_rad_mean,positive,76.167,1.0,13.27
cell_22_08,2026-01,1,3,0.3333,False,True,1,4,0.25,1,3,0.3333,False,ndvi_mean,negative,4.9879,1.0,13.0
cell_22_09,2026-01,1,3,0.3333,False,True,1,4,0.25,1,3,0.3333,False,ndwi_mean,positive,3.1051,1.0,13.0
cell_22_10,2026-01,2,3,0.6667,False,True,2,4,0.5,1,3,0.3333,True,ndbi_mean,negative,25.5771,1.0,13.0
cell_22_11,2026-01,1,3,0.3333,True,True,2,4,0.5,1,3,0.3333,True,ndwi_mean,positive,37.2892,1.0,13.0
cell_22_12,2026-01,2,3,0.6667,True,True,3,4,0.75,1,3,0.3333,True,ndvi_mean,negative,16.6855,1.0,13.0
cell_22_13,2026-01,1,3,0.3333,False,True,1,4,0.25,1,3,0.3333,False,ndwi_mean,positive,21.1514,1.0,13.0
cell_22_14,2026-01,2,3,0.6667,False,True,2,4,0.5,1,3,0.3333,True,ndbi_mean,negative,3.2011,1.0,12.85
cell_22_15,2026-01,0,3,0.0,False,True,0,4,0.0,1,3,0.3333,False,ndvi_mean,negative,1.8763,1.0,12.2
cell_22_16,2026-01,0,3,0.0,False,True,0,4,0.0,1,3,0.3333,False,ndwi_mean,positive,1.2323,1.0,13.0
cell_22_17,2026-01,1,3,0.3333,False,True,1,4,0.25,1,3,0.3333,False,ndvi_mean,negative,4.4161,1.0,13.0
cell_22_18,2026-01,0,3,0.0,False,True,0,4,0.0,1,3,0.3333,False,ndvi_mean,negative,2.3495,1.0,12.64
cell_22_19,2026-01,1,3,0.3333,False,True,1,4,0.25,1,3,0.3333,False,ndvi_mean,negative,3.8944,1.0,12.0
cell_00_00,2026-02,0,3,0.0,True,True,1,4,0.25,1,3,0.3333,False,viirs_avg_rad_mean,positive,90.463,1.0,13.0
cell_00_01,2026-02,1,3,0.3333,True,True,2,4,0.5,1,3,0.3333,True,viirs_avg_rad_mean,positive,5.7399,1.0,13.0
cell_00_02,2026-02,2,3,0.6667,False,True,2,4,0.5,1,3,0.3333,True,ndvi_mean,positive,83.1712,1.0,13.0
cell_00_03,2026-02,0,3,0.0,False,True,0,4,0.0,1,3,0.3333,False,ndvi_mean,positive,2.961,1.0,13.0
cell_00_04,2026-02,0,3,0.0,False,True,0,4,0.0,1,3,0.3333,False,ndwi_mean,negative,1.8346,1.0,13.03
cell_00_05,2026-02,0,3,0.0,False,True,0,4,0.0,1,3,0.3333,False,viirs_avg_rad_mean,positive,2.2735,1.0,13.56
cell_00_06,2026-02,2,3,0.6667,True,True,3,4,0.75,1,3,0.3333,True,viirs_avg_rad_mean,positive,5.5738,1.0,13.48
cell_00_07,2026-02,2,3,0.6667,False,True,2,4,0.5,1,3,0.3333,True,ndvi_mean,positive,4.4051,1.0,13.0
cell_00_08,2026-02,1,3,0.3333,False,True,1,4,0.25,1,3,0.3333,False,ndwi_mean,negative,7.0798,1.0,13.0
cell_00_09,2026-02,1,3,0.3333,False,True,1,4,0.25,1,3,0.3333,False,ndvi_mean,positive,33.0307,1.0,13.3
cell_00_10,2026-02,3,3,1.0,False,True,3,4,0.75,1,3,0.3333,True,ndvi_mean,positive,7.1684,1.0,14.0
cell_00_11,2026-02,1,3,0.3333,False,True,1,4,0.25,1,3,0.3333,False,ndbi_mean,negative,6.6076,1.0,14.0
cell_00_12,2026-02,2,3,0.6667,False,True,2,4,0.5,1,3,0.3333,True,ndwi_mean,negative,21.4017,1.0,14.0
cell_00_13,2026-02,1,3,0.3333,True,True,2,4,0.5,1,3,0.3333,True,viirs_avg_rad_mean,positive,7.2149,1.0,14.0
cell_00_14,2026-02,1,3,0.3333,False,True,1,4,0.25,1,3,0.3333,False,ndbi_mean,positive,8.0929,1.0,14.0
cell_00_15,2026-02,0,3,0.0,False,True,0,4,0.0,1,3,0.3333,False,ndwi_mean,negative,2.7244,1.0,14.0
cell_00_16,2026-02,0,3,0.0,False,True,0,4,0.0,1,3,0.3333,False,ndbi_mean,positive,2.9275,1.0,14.0
cell_00_17,2026-02,0,3,0.0,True,True,1,4,0.25,1,3,0.3333,False,viirs_avg_rad_mean,positive,3.7683,1.0,14.0
cell_00_18,2026-02,2,3,0.6667,True,True,3,4,0.75,1,3,0.3333,True,viirs_avg_rad_mean,positive,9.4788,1.0,14.0
cell_00_19,2026-02,0,3,0.0,True,True,1,4,0.25,1,3,0.3333,False,viirs_avg_rad_mean,positive,28.9071,1.0,14.0
cell_01_00,2026-02,0,3,0.0,True,True,1,4,0.25,1,3,0.3333,False,viirs_avg_rad_mean,positive,3.6978,1.0,13.0
cell_01_01,2026-02,1,3,0.3333,False,True,1,4,0.25,1,3,0.3333,False,ndvi_mean,positive,7.2888,1.0,13.0
cell_01_02,2026-02,1,3,0.3333,False,True,1,4,0.25,1,3,0.3333,False,ndwi_mean,negative,5.455,1.0,13.0
cell_01_03,2026-02,0,3,0.0,False,True,0,4,0.0,1,3,0.3333,False,ndwi_mean,negative,2.9733,1.0,13.0
cell_01_04,2026-02,0,3,0.0,False,True,0,4,0.0,1,3,0.3333,False,ndwi_mean,negative,1.4447,1.0,13.0
cell_01_05,2026-02,0,3,0.0,False,True,0,4,0.0,1,3,0.3333,False,ndwi_mean,negative,2.1707,1.0,13.0
cell_01_06,2026-02,2,3,0.6667,False,True,2,4,0.5,1,3,0.3333,True,ndwi_mean,negative,15.5731,1.0,13.0
cell_01_07,2026-02,3,3,1.0,True,True,4,4,1.0,1,3,0.3333,True,ndwi_mean,negative,21.5066,1.0,13.0
cell_01_08,2026-02,1,3,0.3333,True,True,2,4,0.5,1,3,0.3333,True,ndwi_mean,negative,110.9212,1.0,13.0
cell_01_09,2026-02,1,3,0.3333,False,True,1,4,0.25,1,3,0.3333,False,ndwi_mean,negative,14.5886,1.0,13.29
cell_01_10,2026-02,2,3,0.6667,False,True,2,4,0.5,1,3,0.3333,True,ndbi_mean,positive,18.2335,1.0,14.0
cell_01_11,2026-02,0,3,0.0,False,True,0,4,0.0,1,3,0.3333,False,ndwi_mean,negative,1.9114,1.0,14.0
cell_01_12,2026-02,3,3,1.0,True,True,4,4,1.0,1,3,0.3333,True,ndwi_mean,negative,18.2143,1.0,14.0
cell_01_13,2026-02,2,3,0.6667,False,True,2,4,0.5,1,3,0.3333,True,ndvi_mean,negative,11.4698,1.0,14.0
cell_01_14,2026-02,0,3,0.0,False,True,0,4,0.0,1,3,0.3333,False,viirs_avg_rad_mean,positive,2.161,1.0,14.0
cell_01_15,2026-02,0,3,0.0,True,True,1,4,0.25,1,3,0.3333,False,viirs_avg_rad_mean,positive,33.1701,1.0,14.0
cell_01_16,2026-02,0,3,0.0,True,True,1,4,0.25,1,3,0.3333,False,viirs_avg_rad_mean,positive,4.3226,1.0,14.0
cell_01_17,2026-02,1,3,0.3333,True,True,2,4,0.5,1,3,0.3333,True,ndvi_mean,negative,11.7615,1.0,14.0
cell_01_18,2026-02,0,3,0.0,True,True,1,4,0.25,1,3,0.3333,False,viirs_avg_rad_mean,positive,5.4891,1.0,14.0
cell_01_19,2026-02,0,3,0.0,True,True,1,4,0.25,1,3,0.3333,False,viirs_avg_rad_mean,positive,10.1569,1.0,14.0
cell_02_00,2026-02,3,3,1.0,True,True,4,4,1.0,1,3,0.3333,True,viirs_avg_rad_mean,positive,74.959,1.0,13.0
cell_02_01,2026-02,1,3,0.3333,False,True,1,4,0.25,1,3,0.3333,False,ndwi_mean,negative,3.1303,1.0,13.0
cell_02_02,2026-02,2,3,0.6667,False,True,2,4,0.5,1,3,0.3333,True,ndwi_mean,negative,5.9498,1.0,13.0
cell_02_03,2026-02,0,3,0.0,True,True,1,4,0.25,1,3,0.3333,False,viirs_avg_rad_mean,negative,3.2099,1.0,13.0
cell_02_04,2026-02,0,3,0.0,False,True,0,4,0.0,1,3,0.3333,False,ndvi_mean,positive,1.3771,1.0,13.0
cell_02_05,2026-02,1,3,0.3333,False,True,1,4,0.25,1,3,0.3333,False,ndwi_mean,negative,6.1278,1.0,13.0
cell_02_06,2026-02,1,3,0.3333,False,True,1,4,0.25,1,3,0.3333,False,ndwi_mean,negative,3.0485,1.0,13.0
cell_02_07,2026-02,2,3,0.6667,False,True,2,4,0.5,1,3,0.3333,True,ndbi_mean,positive,16.0633,1.0,13.0
cell_02_08,2026-02,1,3,0.3333,True,True,2,4,0.5,1,3,0.3333,True,ndwi_mean,negative,17.1197,1.0,13.0
cell_02_09,2026-02,2,3,0.6667,True,True,3,4,0.75,1,3,0.3333,True,ndvi_mean,negative,8.7583,1.0,13.26
cell_02_10,2026-02,3,3,1.0,False,True,3,4,0.75,1,3,0.3333,True,ndwi_mean,negative,22.6831,1.0,14.0
cell_02_11,2026-02,2,3,0.6667,False,True,2,4,0.5,1,3,0.3333,True,ndbi_mean,positive,7.3274,1.0,14.0
cell_02_12,2026-02,2,3,0.6667,True,True,3,4,0.75,1,3,0.3333,True,ndwi_mean,negative,6.4095,1.0,14.0
cell_02_13,2026-02,2,3,0.6667,True,True,3,4,0.75,1,3,0.3333,True,ndvi_mean,positive,71.2069,1.0,14.0
cell_02_14,2026-02,2,3,0.6667,False,True,2,4,0.5,1,3,0.3333,True,ndwi_mean,negative,17.9037,1.0,14.0
cell_02_15,2026-02,3,3,1.0,False,True,3,4,0.75,1,3,0.3333,True,ndbi_mean,negative,55.1069,1.0,14.0
cell_02_16,2026-02,2,3,0.6667,False,True,2,4,0.5,1,3,0.3333,True,ndbi_mean,negative,6.6958,1.0,14.0
cell_02_17,2026-02,1,3,0.3333,True,True,2,4,0.5,1,3,0.3333,True,viirs_avg_rad_mean,positive,7.4661,1.0,14.0
cell_02_18,2026-02,0,3,0.0,True,True,1,4,0.25,1,3,0.3333,False,viirs_avg_rad_mean,positive,4.6002,1.0,14.0
cell_02_19,2026-02,2,3,0.6667,True,True,3,4,0.75,1,3,0.3333,True,ndvi_mean,negative,66.3188,0.9984,14.0
cell_03_00,2026-02,0,3,0.0,False,True,0,4,0.0,1,3,0.3333,False,viirs_avg_rad_mean,negative,2.7783,1.0,13.45
cell_03_01,2026-02,3,3,1.0,False,True,3,4,0.75,1,3,0.3333,True,ndvi_mean,positive,47.9468,0.9984,13.11
cell_03_02,2026-02,2,3,0.6667,True,True,3,4,0.75,1,3,0.3333,True,ndvi_mean,positive,11.3043,1.0,13.0
cell_03_03,2026-02,1,3,0.3333,False,True,1,4,0.25,1,3,0.3333,False,ndbi_mean,positive,5.4003,1.0,13.0
cell_03_04,2026-02,2,3,0.6667,False,True,2,4,0.5,1,3,0.3333,True,ndbi_mean,positive,14.1778,1.0,13.0
cell_03_05,2026-02,2,3,0.6667,True,True,3,4,0.75,1,3,0.3333,True,ndwi_mean,negative,6.4988,1.0,13.0
cell_03_06,2026-02,1,3,0.3333,False,True,1,4,0.25,1,3,0.3333,False,ndbi_mean,positive,3.4634,1.0,13.0
cell_03_07,2026-02,0,3,0.0,False,True,0,4,0.0,1,3,0.3333,False,ndbi_mean,positive,2.4237,1.0,13.0
cell_03_08,2026-02,2,3,0.6667,False,True,2,4,0.5,1,3,0.3333,True,ndvi_mean,positive,46.8932,1.0,13.0
cell_03_09,2026-02,2,3,0.6667,False,True,2,4,0.5,1,3,0.3333,True,ndbi_mean,positive,4.7157,1.0,13.1
cell_03_10,2026-02,3,3,1.0,False,True,3,4,0.75,1,3,0.3333,True,ndwi_mean,negative,160.603,1.0,13.56
cell_03_11,2026-02,1,3,0.3333,False,True,1,4,0.25,1,3,0.3333,False,ndwi_mean,negative,13.4711,1.0,14.0
cell_03_12,2026-02,2,3,0.6667,True,True,3,4,0.75,1,3,0.3333,True,ndbi_mean,positive,9.9588,1.0,14.0
cell_03_13,2026-02,1,3,0.3333,False,True,1,4,0.25,1,3,0.3333,False,ndbi_mean,positive,3.0511,1.0,14.0
cell_03_14,2026-02,1,3,0.3333,False,True,1,4,0.25,1,3,0.3333,False,ndvi_mean,positive,3.0942,1.0,14.0
cell_03_15,2026-02,2,3,0.6667,False,True,2,4,0.5,1,3,0.3333,True,ndbi_mean,positive,3.9165,1.0,14.0
cell_03_16,2026-02,3,3,1.0,False,True,3,4,0.75,1,3,0.3333,True,ndwi_mean,negative,45.3555,1.0,14.0
cell_03_17,2026-02,0,3,0.0,False,True,0,4,0.0,1,3,0.3333,False,viirs_avg_rad_mean,positive,2.2761,1.0,14.0
cell_03_18,2026-02,0,3,0.0,True,True,1,4,0.25,1,3,0.3333,False,viirs_avg_rad_mean,positive,16.4037,1.0,14.0
cell_03_19,2026-02,1,3,0.3333,True,True,2,4,0.5,1,3,0.3333,True,ndvi_mean,negative,33.1479,1.0,14.0
cell_04_00,2026-02,2,3,0.6667,False,True,2,4,0.5,1,3,0.3333,True,ndwi_mean,negative,29.7421,1.0,14.0
cell_04_01,2026-02,0,3,0.0,False,True,0,4,0.0,1,3,0.3333,False,ndwi_mean,negative,2.8846,1.0,13.24
cell_04_02,2026-02,2,3,0.6667,False,True,2,4,0.5,1,3,0.3333,True,ndwi_mean,negative,20.095,1.0,13.4
cell_04_03,2026-02,1,3,0.3333,True,True,2,4,0.5,1,3,0.3333,True,viirs_avg_rad_mean,positive,17.3295,1.0,13.54
cell_04_04,2026-02,2,3,0.6667,True,True,3,4,0.75,1,3,0.3333,True,ndwi_mean,negative,32.3184,1.0,13.05
cell_04_05,2026-02,2,3,0.6667,False,True,2,4,0.5,1,3,0.3333,True,ndwi_mean,negative,4.9757,1.0,13.0
cell_04_06,2026-02,0,3,0.0,True,True,1,4,0.25,1,3,0.3333,False,viirs_avg_rad_mean,negative,5.7156,1.0,13.0
cell_04_07,2026-02,1,3,0.3333,False,True,1,4,0.25,1,3,0.3333,False,ndbi_mean,positive,10.3521,1.0,13.0
cell_04_08,2026-02,3,3,1.0,False,True,3,4,0.75,1,3,0.3333,True,ndwi_mean,negative,65.6213,1.0,13.0
cell_04_09,2026-02,0,3,0.0,False,True,0,4,0.0,1,3,0.3333,False,ndvi_mean,negative,2.8962,1.0,13.0
cell_04_10,2026-02,2,3,0.6667,False,True,2,4,0.5,1,3,0.3333,True,ndvi_mean,positive,7.4171,1.0,13.28
cell_04_11,2026-02,2,3,0.6667,True,True,3,4,0.75,1,3,0.3333,True,ndwi_mean,negative,14.0075,1.0,14.0
cell_04_12,2026-02,2,3,0.6667,True,True,3,4,0.75,1,3,0.3333,True,viirs_avg_rad_mean,positive,33.8108,1.0,14.0
cell_04_13,2026-02,1,3,0.3333,True,True,2,4,0.5,1,3,0.3333,True,ndbi_mean,positive,13.755,1.0,14.0
cell_04_14,2026-02,1,3,0.3333,False,True,1,4,0.25,1,3,0.3333,False,ndbi_mean,positive,9.59,1.0,14.0
cell_04_15,2026-02,2,3,0.6667,True,True,3,4,0.75,1,3,0.3333,True,ndvi_mean,positive,15.5062,1.0,14.0
cell_04_16,2026-02,2,3,0.6667,True,True,3,4,0.75,1,3,0.3333,True,viirs_avg_rad_mean,positive,19.9046,1.0,14.0
cell_04_17,2026-02,1,3,0.3333,True,True,2,4,0.5,1,3,0.3333,True,viirs_avg_rad_mean,positive,14.8522,1.0,14.0
cell_04_18,2026-02,1,3,0.3333,True,True,2,4,0.5,1,3,0.3333,True,viirs_avg_rad_mean,positive,5.4378,1.0,14.0
cell_04_19,2026-02,3,3,1.0,False,True,3,4,0.75,1,3,0.3333,True,ndbi_mean,positive,14.3503,1.0,14.0
cell_05_00,2026-02,0,3,0.0,False,True,0,4,0.0,1,3,0.3333,False,ndbi_mean,positive,2.416,1.0,14.0
cell_05_01,2026-02,1,3,0.3333,False,True,1,4,0.25,1,3,0.3333,False,ndbi_mean,positive,9.9744,1.0,13.65
cell_05_02,2026-02,0,3,0.0,False,True,0,4,0.0,1,3,0.3333,False,ndwi_mean,negative,2.0029,1.0,13.91
cell_05_03,2026-02,2,3,0.6667,False,True,2,4,0.5,1,3,0.3333,True,ndwi_mean,negative,26.4156,0.9984,14.0
cell_05_04,2026-02,2,3,0.6667,True,True,3,4,0.75,1,3,0.3333,True,ndvi_mean,positive,13.867,1.0,13.1
cell_05_05,2026-02,1,3,0.3333,False,True,1,4,0.25,1,3,0.3333,False,ndwi_mean,negative,3.4999,1.0,13.0
cell_05_06,2026-02,2,3,0.6667,False,True,2,4,0.5,1,3,0.3333,True,ndwi_mean,negative,8.9905,1.0,13.0
cell_05_07,2026-02,1,3,0.3333,True,True,2,4,0.5,1,3,0.3333,True,viirs_avg_rad_mean,positive,7.8646,1.0,13.0
cell_05_08,2026-02,0,3,0.0,False,True,0,4,0.0,1,3,0.3333,False,ndbi_mean,positive,2.2499,1.0,13.0
cell_05_09,2026-02,3,3,1.0,False,True,3,4,0.75,1,3,0.3333,True,ndbi_mean,negative,89.5992,1.0,13.0
cell_05_10,2026-02,2,3,0.6667,True,True,3,4,0.75,1,3,0.3333,True,viirs_avg_rad_mean,positive,15.0,1.0,13.26
cell_05_11,2026-02,2,3,0.6667,False,True,2,4,0.5,1,3,0.3333,True,ndvi_mean,positive,80.771,1.0,14.0
cell_05_12,2026-02,1,3,0.3333,True,True,2,4,0.5,1,3,0.3333,True,viirs_avg_rad_mean,positive,4.1803,1.0,14.0
cell_05_13,2026-02,0,3,0.0,True,True,1,4,0.25,1,3,0.3333,False,viirs_avg_rad_mean,positive,16.3928,1.0,14.0
cell_05_14,2026-02,2,3,0.6667,False,True,2,4,0.5,1,3,0.3333,True,ndbi_mean,positive,5.433,1.0,14.0
cell_05_15,2026-02,2,3,0.6667,True,True,3,4,0.75,1,3,0.3333,True,ndwi_mean,negative,33.5039,1.0,14.0
cell_05_16,2026-02,0,3,0.0,True,True,1,4,0.25,1,3,0.3333,False,viirs_avg_rad_mean,positive,3.9336,1.0,14.0
cell_05_17,2026-02,1,3,0.3333,True,True,2,4,0.5,1,3,0.3333,True,ndvi_mean,negative,7.1349,1.0,14.0
cell_05_18,2026-02,0,3,0.0,True,True,1,4,0.25,1,3,0.3333,False,viirs_avg_rad_mean,positive,10.4987,1.0,14.0
cell_05_19,2026-02,1,3,0.3333,True,True,2,4,0.5,1,3,0.3333,True,viirs_avg_rad_mean,positive,9.7772,1.0,14.0
cell_06_00,2026-02,2,3,0.6667,False,True,2,4,0.5,1,3,0.3333,True,ndvi_mean,negative,33.6993,1.0,14.0
cell_06_01,2026-02,1,3,0.3333,False,True,1,4,0.25,1,3,0.3333,False,ndbi_mean,positive,35.951,1.0,14.0
cell_06_02,2026-02,1,3,0.3333,False,True,1,4,0.25,1,3,0.3333,False,ndbi_mean,positive,57.4043,1.0,14.0
cell_06_03,2026-02,2,3,0.6667,False,True,2,4,0.5,1,3,0.3333,True,ndvi_mean,positive,164.0042,1.0,14.0
cell_06_04,2026-02,3,3,1.0,False,True,3,4,0.75,1,3,0.3333,True,ndbi_mean,positive,7.2901,1.0,13.12
cell_06_05,2026-02,2,3,0.6667,True,True,3,4,0.75,1,3,0.3333,True,ndwi_mean,negative,11.9124,1.0,13.0
cell_06_06,2026-02,1,3,0.3333,False,True,1,4,0.25,1,3,0.3333,False,ndbi_mean,positive,7.4996,1.0,13.0
cell_06_07,2026-02,2,3,0.6667,True,True,3,4,0.75,1,3,0.3333,True,viirs_avg_rad_mean,positive,68.8723,1.0,13.0
cell_06_08,2026-02,2,3,0.6667,True,True,3,4,0.75,1,3,0.3333,True,viirs_avg_rad_mean,positive,5.2256,1.0,13.0
cell_06_09,2026-02,2,3,0.6667,False,True,2,4,0.5,1,3,0.3333,True,ndwi_mean,negative,32.4211,1.0,13.0
cell_06_10,2026-02,3,3,1.0,True,True,4,4,1.0,1,3,0.3333,True,viirs_avg_rad_mean,positive,6.67,1.0,13.06
cell_06_11,2026-02,2,3,0.6667,True,True,3,4,0.75,1,3,0.3333,True,ndwi_mean,negative,29.5665,1.0,13.48
cell_06_12,2026-02,2,3,0.6667,False,True,2,4,0.5,1,3,0.3333,True,ndbi_mean,positive,8.4109,1.0,14.0
cell_06_13,2026-02,0,3,0.0,False,True,0,4,0.0,1,3,0.3333,False,viirs_avg_rad_mean,positive,2.2491,1.0,14.0
cell_06_14,2026-02,0,3,0.0,True,True,1,4,0.25,1,3,0.3333,False,viirs_avg_rad_mean,positive,42.8419,1.0,14.0
cell_06_15,2026-02,0,3,0.0,True,True,1,4,0.25,1,3,0.3333,False,viirs_avg_rad_mean,positive,3.7802,1.0,14.0
cell_06_16,2026-02,0,3,0.0,True,True,1,4,0.25,1,3,0.3333,False,viirs_avg_rad_mean,positive,4.1306,1.0,14.0
cell_06_17,2026-02,2,3,0.6667,True,True,3,4,0.75,1,3,0.3333,True,ndwi_mean,negative,15.3407,1.0,14.0
cell_06_18,2026-02,1,3,0.3333,True,True,2,4,0.5,1,3,0.3333,True,ndbi_mean,negative,6.0638,1.0,14.0
cell_06_19,2026-02,1,3,0.3333,True,True,2,4,0.5,1,3,0.3333,True,viirs_avg_rad_mean,positive,13.9656,1.0,14.0
cell_07_00,2026-02,1,3,0.3333,False,True,1,4,0.25,1,3,0.3333,False,ndbi_mean,positive,3.9777,1.0,14.0
cell_07_01,2026-02,1,3,0.3333,False,True,1,4,0.25,1,3,0.3333,False,ndwi_mean,negative,3.4693,1.0,14.0
cell_07_02,2026-02,1,3,0.3333,False,True,1,4,0.25,1,3,0.3333,False,ndbi_mean,positive,3.9862,1.0,14.0
cell_07_03,2026-02,3,3,1.0,False,True,3,4,0.75,1,3,0.3333,True,ndwi_mean,negative,18.4507,1.0,14.0
cell_07_04,2026-02,2,3,0.6667,False,True,2,4,0.5,1,3,0.3333,True,ndvi_mean,positive,6.1251,1.0,13.71
cell_07_05,2026-02,2,3,0.6667,True,True,3,4,0.75,1,3,0.3333,True,viirs_avg_rad_mean,positive,11.4293,1.0,13.69
cell_07_06,2026-02,2,3,0.6667,False,True,2,4,0.5,1,3,0.3333,True,ndbi_mean,positive,94.4863,1.0,13.74
cell_07_07,2026-02,2,3,0.6667,False,True,2,4,0.5,1,3,0.3333,True,ndbi_mean,positive,6.4709,1.0,13.0
cell_07_08,2026-02,2,3,0.6667,True,True,3,4,0.75,1,3,0.3333,True,ndwi_mean,negative,22.0716,1.0,13.0
cell_07_09,2026-02,2,3,0.6667,False,True,2,4,0.5,1,3,0.3333,True,ndwi_mean,negative,13.0079,1.0,13.0
cell_07_10,2026-02,2,3,0.6667,False,True,2,4,0.5,1,3,0.3333,True,ndvi_mean,positive,13.4858,1.0,13.0
cell_07_11,2026-02,1,3,0.3333,False,True,1,4,0.25,1,3,0.3333,False,ndbi_mean,positive,50.5492,1.0,13.27
cell_07_12,2026-02,1,3,0.3333,False,True,1,4,0.25,1,3,0.3333,False,ndbi_mean,positive,16.8191,1.0,14.0
cell_07_13,2026-02,0,3,0.0,True,True,1,4,0.25,1,3,0.3333,False,viirs_avg_rad_mean,positive,4.4023,1.0,14.0
cell_07_14,2026-02,3,3,1.0,False,True,3,4,0.75,1,3,0.3333,True,ndvi_mean,positive,13.3341,1.0,14.0
cell_07_15,2026-02,1,3,0.3333,True,True,2,4,0.5,1,3,0.3333,True,ndwi_mean,positive,13.7911,1.0,14.0
cell_07_16,2026-02,1,3,0.3333,True,True,2,4,0.5,1,3,0.3333,True,viirs_avg_rad_mean,positive,68.7949,1.0,14.0
cell_07_17,2026-02,1,3,0.3333,False,True,1,4,0.25,1,3,0.3333,False,ndbi_mean,positive,21.0415,1.0,14.0
cell_07_18,2026-02,1,3,0.3333,True,True,2,4,0.5,1,3,0.3333,True,viirs_avg_rad_mean,positive,5.1136,1.0,14.0
cell_07_19,2026-02,0,3,0.0,True,True,1,4,0.25,1,3,0.3333,False,viirs_avg_rad_mean,positive,12.8377,1.0,14.0
cell_08_00,2026-02,2,3,0.6667,False,True,2,4,0.5,1,3,0.3333,True,ndvi_mean,positive,4.4174,1.0,13.37
cell_08_01,2026-02,2,3,0.6667,False,True,2,4,0.5,1,3,0.3333,True,ndwi_mean,negative,6.2066,1.0,13.36
cell_08_02,2026-02,1,3,0.3333,False,True,1,4,0.25,1,3,0.3333,False,ndbi_mean,positive,4.6211,1.0,13.33
cell_08_03,2026-02,1,3,0.3333,True,True,2,4,0.5,1,3,0.3333,True,ndbi_mean,positive,9.2217,1.0,13.31
cell_08_04,2026-02,0,3,0.0,False,True,0,4,0.0,1,3,0.3333,False,ndbi_mean,positive,2.5828,1.0,13.88
cell_08_05,2026-02,1,3,0.3333,False,True,1,4,0.25,1,3,0.3333,False,ndbi_mean,positive,34.7977,1.0,14.0
cell_08_06,2026-02,2,3,0.6667,False,True,2,4,0.5,1,3,0.3333,True,ndbi_mean,positive,9.6934,1.0,14.0
cell_08_07,2026-02,2,3,0.6667,False,True,2,4,0.5,1,3,0.3333,True,ndbi_mean,positive,9.8874,1.0,13.71
cell_08_08,2026-02,2,3,0.6667,False,True,2,4,0.5,1,3,0.3333,True,ndvi_mean,positive,6.0939,1.0,13.0
cell_08_09,2026-02,2,3,0.6667,False,True,2,4,0.5,1,3,0.3333,True,ndvi_mean,positive,20.754,1.0,13.0
cell_08_10,2026-02,2,3,0.6667,True,True,3,4,0.75,1,3,0.3333,True,viirs_avg_rad_mean,positive,11.8641,1.0,13.0
cell_08_11,2026-02,1,3,0.3333,True,True,2,4,0.5,1,3,0.3333,True,viirs_avg_rad_mean,positive,8.9828,1.0,13.26
cell_08_12,2026-02,0,3,0.0,False,True,0,4,0.0,1,3,0.3333,False,ndbi_mean,positive,2.6133,1.0,14.0
cell_08_13,2026-02,3,3,1.0,False,True,3,4,0.75,1,3,0.3333,True,ndvi_mean,positive,111.058,1.0,14.0
cell_08_14,2026-02,0,3,0.0,True,True,1,4,0.25,1,3,0.3333,False,viirs_avg_rad_mean,positive,29.4078,1.0,14.0
cell_08_15,2026-02,1,3,0.3333,True,True,2,4,0.5,1,3,0.3333,True,viirs_avg_rad_mean,positive,10.6904,1.0,14.0
cell_08_16,2026-02,3,3,1.0,True,True,4,4,1.0,1,3,0.3333,True,viirs_avg_rad_mean,positive,83.9679,1.0,14.0
cell_08_17,2026-02,0,3,0.0,False,True,0,4,0.0,1,3,0.3333,False,ndbi_mean,positive,2.7093,1.0,14.0
cell_08_18,2026-02,3,3,1.0,False,True,3,4,0.75,1,3,0.3333,True,ndvi_mean,negative,7.0662,1.0,14.0
cell_08_19,2026-02,1,3,0.3333,True,True,2,4,0.5,1,3,0.3333,True,viirs_avg_rad_mean,positive,3.5148,1.0,14.0
cell_09_00,2026-02,1,3,0.3333,False,True,1,4,0.25,1,3,0.3333,False,ndbi_mean,positive,7.6281,1.0,13.0
cell_09_01,2026-02,2,3,0.6667,False,True,2,4,0.5,1,3,0.3333,True,ndbi_mean,positive,5.1405,1.0,13.0
cell_09_02,2026-02,0,3,0.0,True,True,1,4,0.25,1,3,0.3333,False,viirs_avg_rad_mean,positive,3.9853,1.0,13.0
cell_09_03,2026-02,2,3,0.6667,False,True,2,4,0.5,1,3,0.3333,True,ndvi_mean,positive,5.3525,1.0,12.42
cell_09_04,2026-02,1,3,0.3333,True,True,2,4,0.5,1,3,0.3333,True,viirs_avg_rad_mean,positive,17.8102,1.0,13.07
cell_09_05,2026-02,3,3,1.0,False,True,3,4,0.75,1,3,0.3333,True,ndvi_mean,positive,31.9746,1.0,13.91
cell_09_06,2026-02,2,3,0.6667,False,True,2,4,0.5,1,3,0.3333,True,ndwi_mean,negative,161.2056,1.0,14.0
cell_09_07,2026-02,2,3,0.6667,False,True,2,4,0.5,1,3,0.3333,True,ndvi_mean,positive,22.0557,1.0,13.97
cell_09_08,2026-02,2,3,0.6667,False,True,2,4,0.5,1,3,0.3333,True,ndwi_mean,negative,6.022,1.0,13.0
cell_09_09,2026-02,1,3,0.3333,True,True,2,4,0.5,1,3,0.3333,True,viirs_avg_rad_mean,positive,4.4501,1.0,13.0
cell_09_10,2026-02,2,3,0.6667,False,True,2,4,0.5,1,3,0.3333,True,ndbi_mean,positive,7.7832,1.0,13.0
cell_09_11,2026-02,0,3,0.0,False,True,0,4,0.0,1,3,0.3333,False,viirs_avg_rad_mean,positive,1.1169,1.0,13.24
cell_09_12,2026-02,1,3,0.3333,False,True,1,4,0.25,1,3,0.3333,False,ndwi_mean,negative,4.7157,1.0,14.0
cell_09_13,2026-02,1,3,0.3333,True,True,2,4,0.5,1,3,0.3333,True,ndvi_mean,positive,6.7269,1.0,14.0
cell_09_14,2026-02,1,3,0.3333,True,True,2,4,0.5,1,3,0.3333,True,viirs_avg_rad_mean,positive,4.6578,1.0,14.0
cell_09_15,2026-02,2,3,0.6667,True,True,3,4,0.75,1,3,0.3333,True,viirs_avg_rad_mean,positive,4.4889,1.0,14.0
cell_09_16,2026-02,1,3,0.3333,True,True,2,4,0.5,1,3,0.3333,True,ndbi_mean,positive,8.5678,1.0,14.0
cell_09_17,2026-02,0,3,0.0,True,True,1,4,0.25,1,3,0.3333,False,viirs_avg_rad_mean,positive,4.7418,1.0,14.0
cell_09_18,2026-02,1,3,0.3333,False,True,1,4,0.25,1,3,0.3333,False,ndbi_mean,positive,7.4128,1.0,14.0
cell_09_19,2026-02,0,3,0.0,True,True,1,4,0.25,1,3,0.3333,False,viirs_avg_rad_mean,positive,129.706,1.0,14.0
cell_10_00,2026-02,0,3,0.0,False,True,0,4,0.0,1,3,0.3333,False,ndbi_mean,positive,1.943,1.0,13.45
cell_10_01,2026-02,1,3,0.3333,False,True,1,4,0.25,1,3,0.3333,False,ndbi_mean,positive,7.0301,1.0,13.75
cell_10_02,2026-02,3,3,1.0,False,True,3,4,0.75,1,3,0.3333,True,ndvi_mean,positive,15.3502,1.0,13.75
cell_10_03,2026-02,2,3,0.6667,False,True,2,4,0.5,1,3,0.3333,True,ndvi_mean,positive,14.1646,1.0,12.43
cell_10_04,2026-02,2,3,0.6667,True,True,3,4,0.75,1,3,0.3333,True,ndwi_mean,negative,8.4952,1.0,12.82
cell_10_05,2026-02,2,3,0.6667,False,True,2,4,0.5,1,3,0.3333,True,ndwi_mean,negative,15.371,1.0,13.86
cell_10_06,2026-02,2,3,0.6667,False,True,2,4,0.5,1,3,0.3333,True,ndbi_mean,positive,8.0174,1.0,14.0
cell_10_07,2026-02,2,3,0.6667,False,True,2,4,0.5,1,3,0.3333,True,ndbi_mean,positive,79.8904,1.0,13.99
cell_10_08,2026-02,2,3,0.6667,False,True,2,4,0.5,1,3,0.3333,True,ndwi_mean,negative,16.6317,1.0,13.0
cell_10_09,2026-02,0,3,0.0,True,True,1,4,0.25,1,3,0.3333,False,viirs_avg_rad_mean,positive,14.9137,1.0,13.0
cell_10_10,2026-02,0,3,0.0,True,True,1,4,0.25,1,3,0.3333,False,viirs_avg_rad_mean,positive,12.5692,1.0,13.16
cell_10_11,2026-02,3,3,1.0,True,True,4,4,1.0,1,3,0.3333,True,ndwi_mean,negative,8.9384,1.0,13.91
cell_10_12,2026-02,2,3,0.6667,False,True,2,4,0.5,1,3,0.3333,True,ndvi_mean,negative,50.7733,1.0,14.0
cell_10_13,2026-02,1,3,0.3333,True,True,2,4,0.5,1,3,0.3333,True,viirs_avg_rad_mean,positive,10.8124,1.0,14.0
cell_10_14,2026-02,1,3,0.3333,False,True,1,4,0.25,1,3,0.3333,False,ndbi_mean,positive,6.2124,1.0,14.0
cell_10_15,2026-02,2,3,0.6667,False,True,2,4,0.5,1,3,0.3333,True,ndvi_mean,negative,6.8469,1.0,14.0
cell_10_16,2026-02,3,3,1.0,True,True,4,4,1.0,1,3,0.3333,True,ndwi_mean,positive,14.5561,1.0,14.0
cell_10_17,2026-02,2,3,0.6667,True,True,3,4,0.75,1,3,0.3333,True,ndbi_mean,positive,48.5789,1.0,14.0
cell_10_18,2026-02,2,3,0.6667,True,True,3,4,0.75,1,3,0.3333,True,viirs_avg_rad_mean,positive,21.1869,1.0,14.0
cell_10_19,2026-02,2,3,0.6667,True,True,3,4,0.75,1,3,0.3333,True,ndvi_mean,negative,34.7154,1.0,14.0
cell_11_00,2026-02,1,3,0.3333,True,True,2,4,0.5,1,3,0.3333,True,viirs_avg_rad_mean,positive,12.4139,1.0,13.9
cell_11_01,2026-02,2,3,0.6667,False,True,2,4,0.5,1,3,0.3333,True,ndbi_mean,positive,5.6239,1.0,14.0
cell_11_02,2026-02,2,3,0.6667,True,True,3,4,0.75,1,3,0.3333,True,ndvi_mean,positive,12.8164,1.0,14.0
cell_11_03,2026-02,1,3,0.3333,False,True,1,4,0.25,1,3,0.3333,False,ndbi_mean,positive,30.4316,1.0,13.67
cell_11_04,2026-02,1,3,0.3333,False,True,1,4,0.25,1,3,0.3333,False,ndbi_mean,positive,14.9159,1.0,13.14
cell_11_05,2026-02,2,3,0.6667,False,True,2,4,0.5,1,3,0.3333,True,ndwi_mean,negative,40.3767,1.0,13.84
cell_11_06,2026-02,3,3,1.0,False,True,3,4,0.75,1,3,0.3333,True,ndvi_mean,positive,9.4806,1.0,14.0
cell_11_07,2026-02,2,3,0.6667,False,True,2,4,0.5,1,3,0.3333,True,ndbi_mean,negative,30.3777,1.0,14.0
cell_11_08,2026-02,1,3,0.3333,True,True,2,4,0.5,1,3,0.3333,True,viirs_avg_rad_mean,positive,6.7692,1.0,13.0
cell_11_09,2026-02,1,3,0.3333,False,True,1,4,0.25,1,3,0.3333,False,ndbi_mean,positive,69.9011,1.0,13.0
cell_11_10,2026-02,2,3,0.6667,False,True,2,4,0.5,1,3,0.3333,True,ndwi_mean,negative,6.6143,1.0,13.14
cell_11_11,2026-02,3,3,1.0,False,True,3,4,0.75,1,3,0.3333,True,ndvi_mean,positive,145.245,0.9984,14.0
cell_11_12,2026-02,1,3,0.3333,False,True,1,4,0.25,1,3,0.3333,False,ndbi_mean,positive,7.0686,1.0,14.0
cell_11_13,2026-02,2,3,0.6667,False,True,2,4,0.5,1,3,0.3333,True,ndbi_mean,positive,61.0885,1.0,14.0
cell_11_14,2026-02,1,3,0.3333,True,True,2,4,0.5,1,3,0.3333,True,viirs_avg_rad_mean,positive,14.945,1.0,14.0
cell_11_15,2026-02,3,3,1.0,False,True,3,4,0.75,1,3,0.3333,True,ndvi_mean,negative,7.3857,1.0,14.0
cell_11_16,2026-02,1,3,0.3333,True,True,2,4,0.5,1,3,0.3333,True,viirs_avg_rad_mean,positive,17.9033,1.0,14.0
cell_11_17,2026-02,1,3,0.3333,True,True,2,4,0.5,1,3,0.3333,True,viirs_avg_rad_mean,positive,11.6997,1.0,14.0
cell_11_18,2026-02,0,3,0.0,True,True,1,4,0.25,1,3,0.3333,False,viirs_avg_rad_mean,positive,8.5962,1.0,14.0
cell_11_19,2026-02,1,3,0.3333,True,True,2,4,0.5,1,3,0.3333,True,ndbi_mean,positive,67.6735,1.0,14.0
cell_12_00,2026-02,2,3,0.6667,False,True,2,4,0.5,1,3,0.3333,True,ndbi_mean,positive,6.6121,1.0,14.0
cell_12_01,2026-02,1,3,0.3333,False,True,1,4,0.25,1,3,0.3333,False,ndwi_mean,negative,3.0254,1.0,14.0
cell_12_02,2026-02,3,3,1.0,False,True,3,4,0.75,1,3,0.3333,True,ndbi_mean,positive,10.4829,1.0,14.0
cell_12_03,2026-02,1,3,0.3333,False,True,1,4,0.25,1,3,0.3333,False,ndbi_mean,positive,6.6049,1.0,13.37
cell_12_04,2026-02,2,3,0.6667,False,True,2,4,0.5,1,3,0.3333,True,ndbi_mean,positive,9.8816,1.0,13.7
cell_12_05,2026-02,2,3,0.6667,True,True,3,4,0.75,1,3,0.3333,True,ndbi_mean,positive,7.9941,1.0,13.98
cell_12_06,2026-02,2,3,0.6667,False,True,2,4,0.5,1,3,0.3333,True,ndvi_mean,positive,41.1701,1.0,14.0
cell_12_07,2026-02,0,3,0.0,False,True,0,4,0.0,1,3,0.3333,False,ndbi_mean,negative,2.4018,1.0,14.0
cell_12_08,2026-02,0,3,0.0,True,True,1,4,0.25,1,3,0.3333,False,viirs_avg_rad_mean,positive,4.4111,1.0,13.95
cell_12_09,2026-02,0,3,0.0,True,True,1,4,0.25,1,3,0.3333,False,viirs_avg_rad_mean,positive,5.1731,1.0,14.0
cell_12_10,2026-02,1,3,0.3333,False,True,1,4,0.25,1,3,0.3333,False,ndbi_mean,positive,6.7777,1.0,14.0
cell_12_11,2026-02,1,3,0.3333,False,True,1,4,0.25,1,3,0.3333,False,ndwi_mean,negative,3.4266,1.0,14.0
cell_12_12,2026-02,1,3,0.3333,True,True,2,4,0.5,1,3,0.3333,True,viirs_avg_rad_mean,positive,5.8212,1.0,14.0
cell_12_13,2026-02,1,3,0.3333,True,True,2,4,0.5,1,3,0.3333,True,ndbi_mean,positive,14.5803,1.0,14.0
cell_12_14,2026-02,0,3,0.0,False,True,0,4,0.0,1,3,0.3333,False,ndbi_mean,positive,1.9946,1.0,14.0
cell_12_15,2026-02,1,3,0.3333,False,True,1,4,0.25,1,3,0.3333,False,ndbi_mean,positive,3.4489,1.0,14.0
cell_12_16,2026-02,2,3,0.6667,False,True,2,4,0.5,1,3,0.3333,True,ndwi_mean,negative,5.7057,1.0,14.0
cell_12_17,2026-02,1,3,0.3333,True,True,2,4,0.5,1,3,0.3333,True,viirs_avg_rad_mean,positive,17.0437,1.0,14.0
cell_12_18,2026-02,1,3,0.3333,True,True,2,4,0.5,1,3,0.3333,True,ndbi_mean,positive,10.728,1.0,14.0
cell_12_19,2026-02,1,3,0.3333,True,True,2,4,0.5,1,3,0.3333,True,viirs_avg_rad_mean,positive,9.9202,1.0,14.0
cell_13_00,2026-02,1,3,0.3333,False,True,1,4,0.25,1,3,0.3333,False,ndbi_mean,positive,7.7718,1.0,14.0
cell_13_01,2026-02,0,3,0.0,False,True,0,4,0.0,1,3,0.3333,False,ndbi_mean,positive,1.5125,1.0,14.0
cell_13_02,2026-02,1,3,0.3333,False,True,1,4,0.25,1,3,0.3333,False,ndbi_mean,positive,3.4908,1.0,14.0
cell_13_03,2026-02,1,3,0.3333,False,True,1,4,0.25,1,3,0.3333,False,ndbi_mean,positive,3.7667,1.0,13.91
cell_13_04,2026-02,0,3,0.0,True,True,1,4,0.25,1,3,0.3333,False,viirs_avg_rad_mean,negative,9.149,1.0,13.97
cell_13_05,2026-02,0,3,0.0,False,True,0,4,0.0,1,3,0.3333,False,viirs_avg_rad_mean,positive,2.4689,1.0,14.0
cell_13_06,2026-02,1,3,0.3333,True,True,2,4,0.5,1,3,0.3333,True,ndwi_mean,negative,6.9899,1.0,14.0
cell_13_07,2026-02,2,3,0.6667,False,True,2,4,0.5,1,3,0.3333,True,ndwi_mean,negative,6.7632,1.0,14.0
cell_13_08,2026-02,0,3,0.0,False,True,0,4,0.0,1,3,0.3333,False,ndwi_mean,negative,1.8291,1.0,14.0
cell_13_09,2026-02,3,3,1.0,True,True,4,4,1.0,1,3,0.3333,True,ndwi_mean,negative,35.8291,1.0,14.0
cell_13_10,2026-02,0,3,0.0,False,True,0,4,0.0,1,3,0.3333,False,viirs_avg_rad_mean,positive,2.0646,1.0,14.0
cell_13_11,2026-02,0,3,0.0,True,True,1,4,0.25,1,3,0.3333,False,viirs_avg_rad_mean,positive,3.7592,1.0,14.0
cell_13_12,2026-02,1,3,0.3333,True,True,2,4,0.5,1,3,0.3333,True,viirs_avg_rad_mean,positive,5.7315,1.0,14.0
cell_13_13,2026-02,1,3,0.3333,True,True,2,4,0.5,1,3,0.3333,True,ndbi_mean,positive,100.1426,1.0,14.0
cell_13_14,2026-02,0,3,0.0,True,True,1,4,0.25,1,3,0.3333,False,viirs_avg_rad_mean,positive,17.9311,1.0,14.0
cell_13_15,2026-02,0,3,0.0,True,True,1,4,0.25,1,3,0.3333,False,viirs_avg_rad_mean,positive,3.4215,1.0,14.0
cell_13_16,2026-02,1,3,0.3333,False,True,1,4,0.25,1,3,0.3333,False,ndvi_mean,negative,7.3419,1.0,14.0
cell_13_17,2026-02,1,3,0.3333,True,True,2,4,0.5,1,3,0.3333,True,viirs_avg_rad_mean,positive,8.339,1.0,14.0
cell_13_18,2026-02,2,3,0.6667,True,True,3,4,0.75,1,3,0.3333,True,ndwi_mean,negative,4.5607,1.0,14.0
cell_13_19,2026-02,0,3,0.0,True,True,1,4,0.25,1,3,0.3333,False,viirs_avg_rad_mean,positive,80.1151,1.0,14.0
cell_14_00,2026-02,1,3,0.3333,True,True,2,4,0.5,1,3,0.3333,True,ndwi_mean,negative,7.1701,1.0,14.0
cell_14_01,2026-02,2,3,0.6667,False,True,2,4,0.5,1,3,0.3333,True,ndbi_mean,positive,51.1447,0.9984,14.0
cell_14_02,2026-02,2,3,0.6667,True,True,3,4,0.75,1,3,0.3333,True,ndbi_mean,positive,22.3263,1.0,14.0
cell_14_03,2026-02,2,3,0.6667,True,True,3,4,0.75,1,3,0.3333,True,viirs_avg_rad_mean,positive,14.0206,1.0,14.0
cell_14_04,2026-02,1,3,0.3333,True,True,2,4,0.5,1,3,0.3333,True,viirs_avg_rad_mean,positive,12.2361,1.0,14.0
cell_14_05,2026-02,2,3,0.6667,True,True,3,4,0.75,1,3,0.3333,True,ndvi_mean,positive,7.9368,1.0,14.0
cell_14_06,2026-02,2,3,0.6667,True,True,3,4,0.75,1,3,0.3333,True,viirs_avg_rad_mean,positive,69.8288,1.0,14.0
cell_14_07,2026-02,3,3,1.0,True,True,4,4,1.0,1,3,0.3333,True,ndvi_mean,positive,104.2996,1.0,14.0
cell_14_08,2026-02,1,3,0.3333,False,True,1,4,0.25,1,3,0.3333,False,ndvi_mean,positive,4.1765,1.0,14.0
cell_14_09,2026-02,1,3,0.3333,False,True,1,4,0.25,1,3,0.3333,False,ndbi_mean,positive,7.888,1.0,14.0
cell_14_10,2026-02,0,3,0.0,False,True,0,4,0.0,1,3,0.3333,False,viirs_avg_rad_mean,positive,2.4245,1.0,14.0
cell_14_11,2026-02,0,3,0.0,True,True,1,4,0.25,1,3,0.3333,False,viirs_avg_rad_mean,positive,12.1619,1.0,14.0
cell_14_12,2026-02,1,3,0.3333,False,True,1,4,0.25,1,3,0.3333,False,ndbi_mean,positive,19.0767,1.0,14.0
cell_14_13,2026-02,2,3,0.6667,True,True,3,4,0.75,1,3,0.3333,True,ndvi_mean,positive,9.6408,1.0,14.0
cell_14_14,2026-02,0,3,0.0,False,True,0,4,0.0,1,3,0.3333,False,viirs_avg_rad_mean,positive,1.3899,0.9984,14.0
cell_14_15,2026-02,3,3,1.0,True,True,4,4,1.0,1,3,0.3333,True,ndbi_mean,positive,83.8002,1.0,14.0
cell_14_16,2026-02,1,3,0.3333,False,True,1,4,0.25,1,3,0.3333,False,ndbi_mean,positive,5.5041,1.0,14.0
cell_14_17,2026-02,2,3,0.6667,True,True,3,4,0.75,1,3,0.3333,True,ndbi_mean,positive,11.9728,1.0,14.0
cell_14_18,2026-02,3,3,1.0,True,True,4,4,1.0,1,3,0.3333,True,ndwi_mean,positive,155.9296,1.0,14.0
cell_14_19,2026-02,2,3,0.6667,True,True,3,4,0.75,1,3,0.3333,True,viirs_avg_rad_mean,positive,15.8817,1.0,14.0
cell_15_00,2026-02,1,3,0.3333,True,True,2,4,0.5,1,3,0.3333,True,viirs_avg_rad_mean,positive,24.6553,1.0,13.12
cell_15_01,2026-02,3,3,1.0,True,True,4,4,1.0,1,3,0.3333,True,viirs_avg_rad_mean,positive,90.7274,1.0,13.11
cell_15_02,2026-02,1,3,0.3333,True,True,2,4,0.5,1,3,0.3333,True,viirs_avg_rad_mean,positive,11.0383,1.0,13.07
cell_15_03,2026-02,3,3,1.0,False,True,3,4,0.75,1,3,0.3333,True,ndwi_mean,negative,14.0089,1.0,13.66
cell_15_04,2026-02,1,3,0.3333,True,True,2,4,0.5,1,3,0.3333,True,ndbi_mean,positive,5.5556,1.0,14.0
cell_15_05,2026-02,3,3,1.0,True,True,4,4,1.0,1,3,0.3333,True,ndwi_mean,negative,8.1845,1.0,14.0
cell_15_06,2026-02,1,3,0.3333,True,True,2,4,0.5,1,3,0.3333,True,viirs_avg_rad_mean,positive,546.0101,1.0,14.0
cell_15_07,2026-02,3,3,1.0,True,True,4,4,1.0,1,3,0.3333,True,ndbi_mean,positive,10.4349,1.0,14.0
cell_15_08,2026-02,2,3,0.6667,False,True,2,4,0.5,1,3,0.3333,True,ndvi_mean,positive,18.319,1.0,14.0
cell_15_09,2026-02,3,3,1.0,False,True,3,4,0.75,1,3,0.3333,True,ndbi_mean,positive,223.8638,1.0,14.0
cell_15_10,2026-02,2,3,0.6667,True,True,3,4,0.75,1,3,0.3333,True,viirs_avg_rad_mean,positive,25.9212,1.0,14.0
cell_15_11,2026-02,3,3,1.0,False,True,3,4,0.75,1,3,0.3333,True,ndwi_mean,negative,12.5902,1.0,14.0
cell_15_12,2026-02,3,3,1.0,False,True,3,4,0.75,1,3,0.3333,True,ndwi_mean,negative,17.6969,1.0,14.0
cell_15_13,2026-02,1,3,0.3333,True,True,2,4,0.5,1,3,0.3333,True,viirs_avg_rad_mean,positive,13.8113,1.0,14.0
cell_15_14,2026-02,2,3,0.6667,True,True,3,4,0.75,1,3,0.3333,True,viirs_avg_rad_mean,positive,20.1167,1.0,14.0
cell_15_15,2026-02,2,3,0.6667,False,True,2,4,0.5,1,3,0.3333,True,ndbi_mean,positive,9.7767,1.0,14.0
cell_15_16,2026-02,1,3,0.3333,True,True,2,4,0.5,1,3,0.3333,True,ndvi_mean,negative,42.1818,1.0,14.0
cell_15_17,2026-02,2,3,0.6667,True,True,3,4,0.75,1,3,0.3333,True,viirs_avg_rad_mean,positive,7.7569,1.0,14.0
cell_15_18,2026-02,2,3,0.6667,False,True,2,4,0.5,1,3,0.3333,True,ndwi_mean,negative,9.9228,1.0,14.0
cell_15_19,2026-02,2,3,0.6667,False,True,2,4,0.5,1,3,0.3333,True,ndvi_mean,negative,5.8193,1.0,14.0
cell_16_00,2026-02,2,3,0.6667,False,True,2,4,0.5,1,3,0.3333,True,ndwi_mean,negative,4.4203,1.0,13.0
cell_16_01,2026-02,2,3,0.6667,True,True,3,4,0.75,1,3,0.3333,True,ndvi_mean,positive,13.98,1.0,13.0
cell_16_02,2026-02,1,3,0.3333,True,True,2,4,0.5,1,3,0.3333,True,viirs_avg_rad_mean,positive,17.6729,1.0,13.0
cell_16_03,2026-02,1,3,0.3333,False,True,1,4,0.25,1,3,0.3333,False,ndbi_mean,positive,3.3025,1.0,13.64
cell_16_04,2026-02,1,3,0.3333,True,True,2,4,0.5,1,3,0.3333,True,viirs_avg_rad_mean,positive,9.0512,1.0,14.0
cell_16_05,2026-02,1,3,0.3333,True,True,2,4,0.5,1,3,0.3333,True,ndwi_mean,negative,17.421,1.0,14.0
cell_16_06,2026-02,2,3,0.6667,False,True,2,4,0.5,1,3,0.3333,True,ndwi_mean,negative,11.0372,1.0,14.0
cell_16_07,2026-02,3,3,1.0,True,True,4,4,1.0,1,3,0.3333,True,ndwi_mean,negative,10.4056,1.0,14.0
cell_16_08,2026-02,2,3,0.6667,True,True,3,4,0.75,1,3,0.3333,True,viirs_avg_rad_mean,positive,5.5283,1.0,14.0
cell_16_09,2026-02,1,3,0.3333,False,True,1,4,0.25,1,3,0.3333,False,ndvi_mean,negative,4.3881,1.0,14.0
cell_16_10,2026-02,1,3,0.3333,True,True,2,4,0.5,1,3,0.3333,True,viirs_avg_rad_mean,positive,3.8174,1.0,14.0
cell_16_11,2026-02,0,3,0.0,False,True,0,4,0.0,1,3,0.3333,False,ndbi_mean,positive,1.8693,1.0,14.0
cell_16_12,2026-02,2,3,0.6667,False,True,2,4,0.5,1,3,0.3333,True,ndwi_mean,negative,12.9569,1.0,14.0
cell_16_13,2026-02,2,3,0.6667,True,True,3,4,0.75,1,3,0.3333,True,viirs_avg_rad_mean,positive,4.7975,1.0,14.0
cell_16_14,2026-02,2,3,0.6667,True,True,3,4,0.75,1,3,0.3333,True,ndvi_mean,positive,109.1797,1.0,14.0
cell_16_15,2026-02,3,3,1.0,True,True,4,4,1.0,1,3,0.3333,True,ndvi_mean,positive,70.3578,1.0,14.0
cell_16_16,2026-02,1,3,0.3333,True,True,2,4,0.5,1,3,0.3333,True,viirs_avg_rad_mean,positive,12.773,1.0,14.0
cell_16_17,2026-02,0,3,0.0,True,True,1,4,0.25,1,3,0.3333,False,viirs_avg_rad_mean,positive,14.0565,1.0,14.0
cell_16_18,2026-02,0,3,0.0,True,True,1,4,0.25,1,3,0.3333,False,viirs_avg_rad_mean,positive,3.093,1.0,14.0
cell_16_19,2026-02,0,3,0.0,True,True,1,4,0.25,1,3,0.3333,False,viirs_avg_rad_mean,positive,10.7368,1.0,14.0
cell_17_00,2026-02,1,3,0.3333,True,True,2,4,0.5,1,3,0.3333,True,ndbi_mean,positive,20.295,1.0,13.0
cell_17_01,2026-02,1,3,0.3333,True,True,2,4,0.5,1,3,0.3333,True,ndwi_mean,negative,6.463,1.0,13.0
cell_17_02,2026-02,2,3,0.6667,True,True,3,4,0.75,1,3,0.3333,True,ndwi_mean,negative,5.6441,1.0,13.57
cell_17_03,2026-02,0,3,0.0,False,True,0,4,0.0,1,3,0.3333,False,ndvi_mean,negative,2.9859,1.0,14.0
cell_17_04,2026-02,3,3,1.0,True,True,4,4,1.0,1,3,0.3333,True,ndvi_mean,positive,28.6924,1.0,14.0
cell_17_05,2026-02,2,3,0.6667,False,True,2,4,0.5,1,3,0.3333,True,ndwi_mean,negative,9.508,1.0,14.0
cell_17_06,2026-02,2,3,0.6667,False,True,2,4,0.5,1,3,0.3333,True,ndvi_mean,positive,7.16,1.0,13.9
cell_17_07,2026-02,3,3,1.0,False,True,3,4,0.75,1,3,0.3333,True,ndwi_mean,negative,20.0962,1.0,13.88
cell_17_08,2026-02,1,3,0.3333,False,True,1,4,0.25,1,3,0.3333,False,ndbi_mean,positive,5.1797,1.0,13.88
cell_17_09,2026-02,2,3,0.6667,False,True,2,4,0.5,1,3,0.3333,True,ndwi_mean,negative,13.1095,1.0,13.99
cell_17_10,2026-02,2,3,0.6667,False,True,2,4,0.5,1,3,0.3333,True,ndwi_mean,negative,5.5002,1.0,14.0
cell_17_11,2026-02,3,3,1.0,False,True,3,4,0.75,1,3,0.3333,True,ndbi_mean,positive,24.7602,1.0,14.0
cell_17_12,2026-02,1,3,0.3333,False,True,1,4,0.25,1,3,0.3333,False,ndbi_mean,positive,10.0331,1.0,14.0
cell_17_13,2026-02,2,3,0.6667,False,True,2,4,0.5,1,3,0.3333,True,ndbi_mean,positive,96.6067,1.0,14.0
cell_17_14,2026-02,1,3,0.3333,False,True,1,4,0.25,1,3,0.3333,False,ndvi_mean,positive,20.5933,1.0,14.0
cell_17_15,2026-02,3,3,1.0,False,True,3,4,0.75,1,3,0.3333,True,ndwi_mean,negative,217.7288,1.0,14.0
cell_17_16,2026-02,2,3,0.6667,False,True,2,4,0.5,1,3,0.3333,True,ndwi_mean,negative,10.0802,1.0,14.0
cell_17_17,2026-02,1,3,0.3333,False,True,1,4,0.25,1,3,0.3333,False,ndbi_mean,positive,79.5692,1.0,14.0
cell_17_18,2026-02,3,3,1.0,True,True,4,4,1.0,1,3,0.3333,True,viirs_avg_rad_mean,positive,28.761,1.0,14.0
cell_17_19,2026-02,1,3,0.3333,True,True,2,4,0.5,1,3,0.3333,True,viirs_avg_rad_mean,positive,35.2058,1.0,14.0
cell_18_00,2026-02,1,3,0.3333,True,True,2,4,0.5,1,3,0.3333,True,ndbi_mean,positive,9.7754,1.0,13.0
cell_18_01,2026-02,1,3,0.3333,True,True,2,4,0.5,1,3,0.3333,True,viirs_avg_rad_mean,positive,6.4234,1.0,13.0
cell_18_02,2026-02,2,3,0.6667,False,True,2,4,0.5,1,3,0.3333,True,ndbi_mean,positive,7.3652,1.0,13.55
cell_18_03,2026-02,1,3,0.3333,False,True,1,4,0.25,1,3,0.3333,False,ndwi_mean,negative,124.1275,1.0,14.0
cell_18_04,2026-02,0,3,0.0,False,True,0,4,0.0,1,3,0.3333,False,ndvi_mean,positive,2.6849,1.0,14.0
cell_18_05,2026-02,3,3,1.0,True,True,4,4,1.0,1,3,0.3333,True,ndvi_mean,positive,26.349,1.0,14.0
cell_18_06,2026-02,1,3,0.3333,False,True,1,4,0.25,1,3,0.3333,False,ndbi_mean,positive,3.2519,1.0,13.24
cell_18_07,2026-02,3,3,1.0,True,True,4,4,1.0,1,3,0.3333,True,ndvi_mean,negative,13.2975,1.0,13.0
cell_18_08,2026-02,1,3,0.3333,False,True,1,4,0.25,1,3,0.3333,False,ndbi_mean,positive,3.0483,1.0,13.0
cell_18_09,2026-02,1,3,0.3333,False,True,1,4,0.25,1,3,0.3333,False,ndbi_mean,positive,6.0159,1.0,13.91
cell_18_10,2026-02,1,3,0.3333,True,True,2,4,0.5,1,3,0.3333,True,ndbi_mean,positive,118.2959,1.0,14.0
cell_18_11,2026-02,2,3,0.6667,False,True,2,4,0.5,1,3,0.3333,True,ndwi_mean,positive,6.2908,1.0,14.0
cell_18_12,2026-02,1,3,0.3333,True,True,2,4,0.5,1,3,0.3333,True,viirs_avg_rad_mean,positive,3.8836,1.0,14.0
cell_18_13,2026-02,2,3,0.6667,False,True,2,4,0.5,1,3,0.3333,True,ndbi_mean,positive,18.2189,1.0,14.0
cell_18_14,2026-02,1,3,0.3333,False,True,1,4,0.25,1,3,0.3333,False,ndvi_mean,negative,6.3342,1.0,14.0
cell_18_15,2026-02,2,3,0.6667,False,True,2,4,0.5,1,3,0.3333,True,ndwi_mean,negative,13.3377,1.0,14.0
cell_18_16,2026-02,2,3,0.6667,False,True,2,4,0.5,1,3,0.3333,True,ndvi_mean,positive,24.0914,1.0,14.0
cell_18_17,2026-02,1,3,0.3333,False,True,1,4,0.25,1,3,0.3333,False,ndbi_mean,positive,6.4591,1.0,14.0
cell_18_18,2026-02,1,3,0.3333,False,True,1,4,0.25,1,3,0.3333,False,ndbi_mean,positive,14.8883,1.0,14.0
cell_18_19,2026-02,1,3,0.3333,True,True,2,4,0.5,1,3,0.3333,True,ndvi_mean,positive,24.9756,1.0,14.0
cell_19_00,2026-02,1,3,0.3333,True,True,2,4,0.5,1,3,0.3333,True,ndbi_mean,positive,35.0202,1.0,13.0
cell_19_01,2026-02,1,3,0.3333,False,True,1,4,0.25,1,3,0.3333,False,ndbi_mean,positive,17.916,1.0,13.0
cell_19_02,2026-02,1,3,0.3333,False,True,1,4,0.25,1,3,0.3333,False,ndwi_mean,negative,0.7249,1.0,13.53
cell_19_03,2026-02,2,3,0.6667,False,True,2,4,0.5,1,3,0.3333,True,ndwi_mean,negative,257.5699,1.0,14.0
cell_19_04,2026-02,0,3,0.0,False,True,0,4,0.0,1,3,0.3333,False,ndvi_mean,positive,2.6977,1.0,13.92
cell_19_05,2026-02,0,3,0.0,False,True,0,4,0.0,1,3,0.3333,False,ndbi_mean,positive,2.3363,1.0,13.82
cell_19_06,2026-02,3,3,1.0,False,True,3,4,0.75,1,3,0.3333,True,ndbi_mean,positive,6.6997,1.0,13.2
cell_19_07,2026-02,3,3,1.0,False,True,3,4,0.75,1,3,0.3333,True,ndwi_mean,positive,16.5727,1.0,13.0
cell_19_08,2026-02,2,3,0.6667,False,True,2,4,0.5,1,3,0.3333,True,ndbi_mean,negative,6.273,1.0,13.0
cell_19_09,2026-02,0,3,0.0,False,True,0,4,0.0,1,3,0.3333,False,ndvi_mean,negative,1.0305,1.0,13.9
cell_19_10,2026-02,1,3,0.3333,False,True,1,4,0.25,1,3,0.3333,False,ndbi_mean,positive,14.3269,1.0,14.0
cell_19_11,2026-02,1,3,0.3333,False,True,1,4,0.25,1,3,0.3333,False,ndwi_mean,negative,3.3427,1.0,14.0
cell_19_12,2026-02,2,3,0.6667,False,True,2,4,0.5,1,3,0.3333,True,ndvi_mean,positive,15.7347,1.0,14.0
cell_19_13,2026-02,2,3,0.6667,True,True,3,4,0.75,1,3,0.3333,True,viirs_avg_rad_mean,positive,7.2621,1.0,14.0
cell_19_14,2026-02,2,3,0.6667,False,True,2,4,0.5,1,3,0.3333,True,ndvi_mean,negative,3.328,1.0,14.0
cell_19_15,2026-02,1,3,0.3333,True,True,2,4,0.5,1,3,0.3333,True,viirs_avg_rad_mean,positive,124.1955,1.0,14.0
cell_19_16,2026-02,1,3,0.3333,False,True,1,4,0.25,1,3,0.3333,False,ndbi_mean,positive,4.1043,1.0,14.0
cell_19_17,2026-02,1,3,0.3333,True,True,2,4,0.5,1,3,0.3333,True,viirs_avg_rad_mean,negative,8.944,1.0,14.0
cell_19_18,2026-02,2,3,0.6667,False,True,2,4,0.5,1,3,0.3333,True,ndwi_mean,negative,28.869,1.0,14.0
cell_19_19,2026-02,3,3,1.0,True,True,4,4,1.0,1,3,0.3333,True,ndbi_mean,negative,27.9339,1.0,14.0
cell_20_00,2026-02,2,3,0.6667,False,True,2,4,0.5,1,3,0.3333,True,ndbi_mean,positive,4.8473,1.0,13.05
cell_20_01,2026-02,1,3,0.3333,False,True,1,4,0.25,1,3,0.3333,False,ndvi_mean,positive,3.102,1.0,13.12
cell_20_02,2026-02,1,3,0.3333,False,True,1,4,0.25,1,3,0.3333,False,ndbi_mean,positive,5.6184,1.0,13.57
cell_20_03,2026-02,0,3,0.0,True,True,1,4,0.25,1,3,0.3333,False,viirs_avg_rad_mean,negative,7.9183,1.0,14.0
cell_20_04,2026-02,2,3,0.6667,False,True,2,4,0.5,1,3,0.3333,True,ndwi_mean,positive,11.6441,1.0,13.38
cell_20_05,2026-02,3,3,1.0,False,True,3,4,0.75,1,3,0.3333,True,ndwi_mean,positive,8.2202,1.0,13.0
cell_20_06,2026-02,1,3,0.3333,False,True,1,4,0.25,1,3,0.3333,False,ndbi_mean,positive,20.7107,1.0,13.0
cell_20_07,2026-02,3,3,1.0,False,True,3,4,0.75,1,3,0.3333,True,ndbi_mean,positive,177.1159,0.9984,13.0
cell_20_08,2026-02,1,3,0.3333,False,True,1,4,0.25,1,3,0.3333,False,ndwi_mean,negative,3.8648,1.0,13.0
cell_20_09,2026-02,1,3,0.3333,True,True,2,4,0.5,1,3,0.3333,True,ndbi_mean,positive,15.5489,1.0,13.88
cell_20_10,2026-02,1,3,0.3333,True,True,2,4,0.5,1,3,0.3333,True,ndwi_mean,negative,7.1838,1.0,14.0
cell_20_11,2026-02,0,3,0.0,False,True,0,4,0.0,1,3,0.3333,False,viirs_avg_rad_mean,positive,1.7811,1.0,14.0
cell_20_12,2026-02,1,3,0.3333,False,True,1,4,0.25,1,3,0.3333,False,ndbi_mean,positive,6.036,1.0,14.0
cell_20_13,2026-02,3,3,1.0,False,True,3,4,0.75,1,3,0.3333,True,ndwi_mean,negative,17.7636,1.0,14.0
cell_20_14,2026-02,3,3,1.0,False,True,3,4,0.75,1,3,0.3333,True,ndwi_mean,negative,19.9444,1.0,14.0
cell_20_15,2026-02,2,3,0.6667,True,True,3,4,0.75,1,3,0.3333,True,viirs_avg_rad_mean,positive,12.5452,1.0,14.0
cell_20_16,2026-02,1,3,0.3333,False,True,1,4,0.25,1,3,0.3333,False,ndbi_mean,positive,8.0656,1.0,14.0
cell_20_17,2026-02,0,3,0.0,False,True,0,4,0.0,1,3,0.3333,False,ndbi_mean,positive,1.4378,1.0,14.0
cell_20_18,2026-02,2,3,0.6667,False,True,2,4,0.5,1,3,0.3333,True,ndvi_mean,positive,27.4664,1.0,14.0
cell_20_19,2026-02,2,3,0.6667,False,True,2,4,0.5,1,3,0.3333,True,ndvi_mean,negative,5.2708,1.0,14.0
cell_21_00,2026-02,2,3,0.6667,False,True,2,4,0.5,1,3,0.3333,True,ndwi_mean,negative,18.7805,1.0,13.4
cell_21_01,2026-02,1,3,0.3333,True,True,2,4,0.5,1,3,0.3333,True,ndbi_mean,positive,13.8333,1.0,14.0
cell_21_02,2026-02,1,3,0.3333,False,True,1,4,0.25,1,3,0.3333,False,ndwi_mean,negative,3.7243,1.0,13.89
cell_21_03,2026-02,1,3,0.3333,True,True,2,4,0.5,1,3,0.3333,True,ndbi_mean,positive,8.4493,1.0,13.76
cell_21_04,2026-02,2,3,0.6667,False,True,2,4,0.5,1,3,0.3333,True,ndbi_mean,positive,33.193,1.0,13.3
cell_21_05,2026-02,2,3,0.6667,True,True,3,4,0.75,1,3,0.3333,True,ndvi_mean,positive,116.696,1.0,13.0
cell_21_06,2026-02,0,3,0.0,False,True,0,4,0.0,1,3,0.3333,False,ndbi_mean,positive,0.762,1.0,13.0
cell_21_07,2026-02,0,3,0.0,True,True,1,4,0.25,1,3,0.3333,False,viirs_avg_rad_mean,positive,3.2774,1.0,13.0
cell_21_08,2026-02,0,3,0.0,True,True,1,4,0.25,1,3,0.3333,False,viirs_avg_rad_mean,positive,15.0117,1.0,13.0
cell_21_09,2026-02,1,3,0.3333,True,True,2,4,0.5,1,3,0.3333,True,viirs_avg_rad_mean,positive,23.6582,1.0,13.85
cell_21_10,2026-02,1,3,0.3333,True,True,2,4,0.5,1,3,0.3333,True,viirs_avg_rad_mean,positive,14.8484,1.0,14.0
cell_21_11,2026-02,1,3,0.3333,False,True,1,4,0.25,1,3,0.3333,False,ndvi_mean,negative,3.6027,1.0,14.0
cell_21_12,2026-02,1,3,0.3333,False,True,1,4,0.25,1,3,0.3333,False,ndbi_mean,positive,5.2377,1.0,14.0
cell_21_13,2026-02,1,3,0.3333,True,True,2,4,0.5,1,3,0.3333,True,viirs_avg_rad_mean,positive,8.3575,1.0,14.0
cell_21_14,2026-02,1,3,0.3333,False,True,1,4,0.25,1,3,0.3333,False,ndbi_mean,positive,11.1342,1.0,14.0
cell_21_15,2026-02,1,3,0.3333,False,True,1,4,0.25,1,3,0.3333,False,ndbi_mean,positive,4.9341,1.0,14.0
cell_21_16,2026-02,1,3,0.3333,False,True,1,4,0.25,1,3,0.3333,False,ndbi_mean,positive,3.3838,1.0,14.0
cell_21_17,2026-02,2,3,0.6667,False,True,2,4,0.5,1,3,0.3333,True,ndbi_mean,positive,3.3574,1.0,14.0
cell_21_18,2026-02,2,3,0.6667,False,True,2,4,0.5,1,3,0.3333,True,ndvi_mean,negative,21.6951,1.0,14.0
cell_21_19,2026-02,2,3,0.6667,False,True,2,4,0.5,1,3,0.3333,True,ndbi_mean,positive,4.4434,1.0,14.0
cell_22_00,2026-02,1,3,0.3333,True,True,2,4,0.5,1,3,0.3333,True,ndvi_mean,negative,8.6414,1.0,13.37
cell_22_01,2026-02,2,3,0.6667,False,True,2,4,0.5,1,3,0.3333,True,ndwi_mean,negative,5.7132,1.0,14.0
cell_22_02,2026-02,1,3,0.3333,False,True,1,4,0.25,1,3,0.3333,False,ndbi_mean,positive,10.2293,1.0,13.52
cell_22_03,2026-02,1,3,0.3333,True,True,2,4,0.5,1,3,0.3333,True,ndbi_mean,positive,28.3241,1.0,13.0
cell_22_04,2026-02,2,3,0.6667,False,True,2,4,0.5,1,3,0.3333,True,ndvi_mean,positive,21.8553,1.0,13.0
cell_22_05,2026-02,2,3,0.6667,False,True,2,4,0.5,1,3,0.3333,True,ndwi_mean,negative,21.7003,1.0,13.0
cell_22_06,2026-02,0,3,0.0,True,True,1,4,0.25,1,3,0.3333,False,viirs_avg_rad_mean,positive,25.421,1.0,13.0
cell_22_07,2026-02,1,3,0.3333,True,True,2,4,0.5,1,3,0.3333,True,ndwi_mean,negative,12.2792,1.0,13.0
cell_22_08,2026-02,2,3,0.6667,True,True,3,4,0.75,1,3,0.3333,True,ndvi_mean,positive,15.0783,1.0,13.0
cell_22_09,2026-02,2,3,0.6667,False,True,2,4,0.5,1,3,0.3333,True,ndwi_mean,negative,4.7928,1.0,13.84
cell_22_10,2026-02,1,3,0.3333,True,True,2,4,0.5,1,3,0.3333,True,ndbi_mean,positive,20.6794,1.0,14.0
cell_22_11,2026-02,1,3,0.3333,True,True,2,4,0.5,1,3,0.3333,True,ndbi_mean,positive,34.2117,1.0,14.0
cell_22_12,2026-02,3,3,1.0,True,True,4,4,1.0,1,3,0.3333,True,ndbi_mean,positive,14.1076,1.0,14.0
cell_22_13,2026-02,0,3,0.0,True,True,1,4,0.25,1,3,0.3333,False,viirs_avg_rad_mean,positive,7.4051,1.0,14.0
cell_22_14,2026-02,0,3,0.0,True,True,1,4,0.25,1,3,0.3333,False,viirs_avg_rad_mean,positive,10.7026,1.0,14.0
cell_22_15,2026-02,1,3,0.3333,False,True,1,4,0.25,1,3,0.3333,False,ndbi_mean,positive,3.2464,1.0,14.0
cell_22_16,2026-02,3,3,1.0,True,True,4,4,1.0,1,3,0.3333,True,ndvi_mean,negative,37.6629,1.0,14.0
cell_22_17,2026-02,2,3,0.6667,False,True,2,4,0.5,1,3,0.3333,True,ndbi_mean,positive,81.0593,1.0,14.0
cell_22_18,2026-02,3,3,1.0,True,True,4,4,1.0,1,3,0.3333,True,ndbi_mean,positive,13.0828,1.0,14.0
cell_22_19,2026-02,2,3,0.6667,False,True,2,4,0.5,1,3,0.3333,True,ndbi_mean,positive,10.9268,1.0,14.0
cell_00_00,2026-03,1,3,0.3333,True,True,2,4,0.5,0,3,0.0,True,viirs_avg_rad_mean,positive,23.9645,1.0,7.0
cell_00_01,2026-03,0,3,0.0,False,True,0,4,0.0,0,3,0.0,False,viirs_avg_rad_mean,positive,1.6519,1.0,7.0
cell_00_02,2026-03,2,3,0.6667,False,True,2,4,0.5,0,3,0.0,True,ndvi_mean,positive,44.9067,1.0,6.67
cell_00_03,2026-03,2,3,0.6667,False,True,2,4,0.5,0,3,0.0,True,ndbi_mean,negative,8.2769,1.0,6.98
cell_00_04,2026-03,1,3,0.3333,False,True,1,4,0.25,0,3,0.0,False,ndbi_mean,negative,4.0347,1.0,6.95
cell_00_05,2026-03,0,3,0.0,False,True,0,4,0.0,0,3,0.0,False,ndbi_mean,negative,1.2122,1.0,6.1
cell_00_06,2026-03,2,3,0.6667,False,True,2,4,0.5,0,3,0.0,True,ndvi_mean,positive,5.7895,1.0,7.0
cell_00_07,2026-03,3,3,1.0,False,True,3,4,0.75,0,3,0.0,True,ndbi_mean,positive,13.6069,1.0,7.0
cell_00_08,2026-03,0,3,0.0,False,True,0,4,0.0,0,3,0.0,False,ndvi_mean,negative,1.6625,1.0,7.0
cell_00_09,2026-03,2,3,0.6667,False,True,2,4,0.5,0,3,0.0,True,ndwi_mean,negative,15.1114,1.0,6.7
cell_00_10,2026-03,1,3,0.3333,False,True,1,4,0.25,0,3,0.0,False,ndvi_mean,positive,10.7457,1.0,6.0
cell_00_11,2026-03,2,3,0.6667,False,True,2,4,0.5,0,3,0.0,True,ndvi_mean,positive,33.7256,1.0,6.0
cell_00_12,2026-03,0,3,0.0,True,True,1,4,0.25,0,3,0.0,False,viirs_avg_rad_mean,positive,75.2688,1.0,6.0
cell_00_13,2026-03,0,3,0.0,False,True,0,4,0.0,0,3,0.0,False,ndbi_mean,positive,2.7231,1.0,6.0
cell_00_14,2026-03,1,3,0.3333,True,True,2,4,0.5,0,3,0.0,True,viirs_avg_rad_mean,positive,5.5537,1.0,6.0
cell_00_15,2026-03,2,3,0.6667,False,True,2,4,0.5,0,3,0.0,True,ndvi_mean,positive,13.7147,1.0,6.0
cell_00_16,2026-03,0,3,0.0,False,True,0,4,0.0,0,3,0.0,False,ndwi_mean,negative,1.3487,1.0,6.0
cell_00_17,2026-03,2,3,0.6667,False,True,2,4,0.5,0,3,0.0,True,ndvi_mean,negative,4.1756,1.0,6.0
cell_00_18,2026-03,0,3,0.0,False,True,0,4,0.0,0,3,0.0,False,ndvi_mean,negative,2.766,1.0,6.0
cell_00_19,2026-03,1,3,0.3333,False,True,1,4,0.25,0,3,0.0,False,ndbi_mean,positive,9.6475,1.0,6.0
cell_01_00,2026-03,1,3,0.3333,False,True,1,4,0.25,0,3,0.0,False,ndvi_mean,negative,7.0524,1.0,6.63
cell_01_01,2026-03,0,3,0.0,False,True,0,4,0.0,0,3,0.0,False,ndvi_mean,negative,2.4262,1.0,6.63
cell_01_02,2026-03,3,3,1.0,False,True,3,4,0.75,0,3,0.0,True,ndvi_mean,positive,13.7717,1.0,6.08
cell_01_03,2026-03,3,3,1.0,False,True,3,4,0.75,0,3,0.0,True,ndbi_mean,negative,88.2979,1.0,6.92
cell_01_04,2026-03,1,3,0.3333,False,True,1,4,0.25,0,3,0.0,False,ndwi_mean,negative,11.0776,1.0,6.98
cell_01_05,2026-03,3,3,1.0,True,True,4,4,1.0,0,3,0.0,True,ndvi_mean,positive,81.2779,1.0,6.07
cell_01_06,2026-03,2,3,0.6667,False,True,2,4,0.5,0,3,0.0,True,ndwi_mean,negative,6.1698,1.0,7.0
cell_01_07,2026-03,2,3,0.6667,False,True,2,4,0.5,0,3,0.0,True,ndbi_mean,positive,12.9472,1.0,6.91
cell_01_08,2026-03,2,3,0.6667,False,True,2,4,0.5,0,3,0.0,True,ndwi_mean,positive,54.9413,1.0,6.5
cell_01_09,2026-03,2,3,0.6667,False,True,2,4,0.5,0,3,0.0,True,ndbi_mean,positive,6.0553,1.0,6.32
cell_01_10,2026-03,0,3,0.0,True,True,1,4,0.25,0,3,0.0,False,viirs_avg_rad_mean,positive,4.3869,1.0,6.0
cell_01_11,2026-03,2,3,0.6667,False,True,2,4,0.5,0,3,0.0,True,ndvi_mean,positive,6.1725,1.0,6.0
cell_01_12,2026-03,2,3,0.6667,False,True,2,4,0.5,0,3,0.0,True,ndwi_mean,negative,13.7674,1.0,6.0
cell_01_13,2026-03,2,3,0.6667,False,True,2,4,0.5,0,3,0.0,True,ndvi_mean,negative,5.4666,1.0,6.0
cell_01_14,2026-03,0,3,0.0,True,True,1,4,0.25,0,3,0.0,False,viirs_avg_rad_mean,positive,5.1585,1.0,6.0
cell_01_15,2026-03,0,3,0.0,True,True,1,4,0.25,0,3,0.0,False,viirs_avg_rad_mean,positive,4.548,1.0,6.0
cell_01_16,2026-03,0,3,0.0,True,True,1,4,0.25,0,3,0.0,False,viirs_avg_rad_mean,positive,3.6241,1.0,6.0
cell_01_17,2026-03,0,3,0.0,False,True,0,4,0.0,0,3,0.0,False,viirs_avg_rad_mean,positive,2.7009,1.0,6.0
cell_01_18,2026-03,0,3,0.0,False,True,0,4,0.0,0,3,0.0,False,ndwi_mean,positive,2.906,1.0,6.0
cell_01_19,2026-03,1,3,0.3333,True,True,2,4,0.5,0,3,0.0,True,ndbi_mean,positive,15.6604,1.0,6.0
cell_02_00,2026-03,0,3,0.0,False,True,0,4,0.0,0,3,0.0,False,ndvi_mean,positive,2.0973,1.0,6.0
cell_02_01,2026-03,3,3,1.0,False,True,3,4,0.75,0,3,0.0,True,ndvi_mean,positive,40.3154,1.0,6.0
cell_02_02,2026-03,0,3,0.0,False,True,0,4,0.0,0,3,0.0,False,ndwi_mean,negative,1.372,1.0,6.0
cell_02_03,2026-03,0,3,0.0,False,True,0,4,0.0,0,3,0.0,False,ndbi_mean,positive,1.9424,1.0,6.45
cell_02_04,2026-03,1,3,0.3333,True,True,2,4,0.5,0,3,0.0,True,viirs_avg_rad_mean,positive,6.4642,1.0,6.97
cell_02_05,2026-03,0,3,0.0,True,True,1,4,0.25,0,3,0.0,False,viirs_avg_rad_mean,positive,3.8741,1.0,6.03
cell_02_06,2026-03,0,3,0.0,True,True,1,4,0.25,0,3,0.0,False,viirs_avg_rad_mean,positive,5.2792,1.0,6.5
cell_02_07,2026-03,1,3,0.3333,False,True,1,4,0.25,0,3,0.0,False,ndbi_mean,positive,3.7832,1.0,6.38
cell_02_08,2026-03,0,3,0.0,False,True,0,4,0.0,0,3,0.0,False,viirs_avg_rad_mean,positive,2.2445,1.0,6.0
cell_02_09,2026-03,1,3,0.3333,False,True,1,4,0.25,0,3,0.0,False,ndwi_mean,negative,28.6354,1.0,6.0
cell_02_10,2026-03,2,3,0.6667,True,True,3,4,0.75,0,3,0.0,True,viirs_avg_rad_mean,positive,55.2765,1.0,6.0
cell_02_11,2026-03,2,3,0.6667,False,True,2,4,0.5,0,3,0.0,True,ndwi_mean,negative,173.9293,1.0,6.0
cell_02_12,2026-03,3,3,1.0,False,True,3,4,0.75,0,3,0.0,True,ndwi_mean,negative,11.0753,1.0,6.0
cell_02_13,2026-03,2,3,0.6667,False,True,2,4,0.5,0,3,0.0,True,ndwi_mean,negative,12.8963,1.0,6.0
cell_02_14,2026-03,1,3,0.3333,False,True,1,4,0.25,0,3,0.0,False,ndwi_mean,negative,35.1716,1.0,6.0
cell_02_15,2026-03,2,3,0.6667,False,True,2,4,0.5,0,3,0.0,True,ndbi_mean,negative,6.0717,1.0,6.0
cell_02_16,2026-03,3,3,1.0,False,True,3,4,0.75,0,3,0.0,True,ndbi_mean,negative,137.7238,1.0,6.0
cell_02_17,2026-03,0,3,0.0,False,True,0,4,0.0,0,3,0.0,False,viirs_avg_rad_mean,positive,1.6369,1.0,6.0
cell_02_18,2026-03,1,3,0.3333,True,True,2,4,0.5,0,3,0.0,True,ndvi_mean,positive,90.7084,1.0,6.0
cell_02_19,2026-03,2,3,0.6667,True,True,3,4,0.75,0,3,0.0,True,ndwi_mean,positive,7.2687,0.9984,6.0
cell_03_00,2026-03,2,3,0.6667,False,True,2,4,0.5,0,3,0.0,True,ndbi_mean,negative,7.6116,1.0,6.0
cell_03_01,2026-03,3,3,1.0,False,True,3,4,0.75,0,3,0.0,True,ndvi_mean,positive,33.9782,0.9984,6.0
cell_03_02,2026-03,3,3,1.0,False,True,3,4,0.75,0,3,0.0,True,ndbi_mean,negative,7.6477,1.0,6.0
cell_03_03,2026-03,2,3,0.6667,False,True,2,4,0.5,0,3,0.0,True,ndvi_mean,negative,7.0299,1.0,6.0
cell_03_04,2026-03,2,3,0.6667,False,True,2,4,0.5,0,3,0.0,True,ndwi_mean,negative,18.0243,1.0,6.47
cell_03_05,2026-03,1,3,0.3333,True,True,2,4,0.5,0,3,0.0,True,viirs_avg_rad_mean,positive,4.896,1.0,6.0
cell_03_06,2026-03,2,3,0.6667,False,True,2,4,0.5,0,3,0.0,True,ndwi_mean,negative,21.5833,1.0,6.0
cell_03_07,2026-03,1,3,0.3333,True,True,2,4,0.5,0,3,0.0,True,viirs_avg_rad_mean,positive,4.3994,1.0,6.0
cell_03_08,2026-03,1,3,0.3333,False,True,1,4,0.25,0,3,0.0,False,ndvi_mean,positive,6.13,1.0,6.0
cell_03_09,2026-03,0,3,0.0,False,True,0,4,0.0,0,3,0.0,False,viirs_avg_rad_mean,positive,2.6927,1.0,6.0
cell_03_10,2026-03,1,3,0.3333,True,True,2,4,0.5,0,3,0.0,True,viirs_avg_rad_mean,negative,3.876,1.0,6.0
cell_03_11,2026-03,2,3,0.6667,False,True,2,4,0.5,0,3,0.0,True,ndwi_mean,negative,9.0892,1.0,6.0
cell_03_12,2026-03,0,3,0.0,False,True,0,4,0.0,0,3,0.0,False,ndwi_mean,negative,1.7493,1.0,6.0
cell_03_13,2026-03,1,3,0.3333,False,True,1,4,0.25,0,3,0.0,False,ndvi_mean,positive,4.4043,1.0,6.0
cell_03_14,2026-03,1,3,0.3333,False,True,1,4,0.25,0,3,0.0,False,ndwi_mean,negative,3.472,1.0,6.0
cell_03_15,2026-03,3,3,1.0,False,True,3,4,0.75,0,3,0.0,True,ndwi_mean,negative,60.0689,1.0,6.0
cell_03_16,2026-03,1,3,0.3333,False,True,1,4,0.25,0,3,0.0,False,ndvi_mean,positive,3.013,1.0,6.0
cell_03_17,2026-03,0,3,0.0,False,True,0,4,0.0,0,3,0.0,False,viirs_avg_rad_mean,positive,1.5332,1.0,6.0
cell_03_18,2026-03,0,3,0.0,True,True,1,4,0.25,0,3,0.0,False,viirs_avg_rad_mean,positive,5.9988,1.0,6.0
cell_03_19,2026-03,0,3,0.0,True,True,1,4,0.25,0,3,0.0,False,viirs_avg_rad_mean,positive,6.2684,1.0,6.0
cell_04_00,2026-03,3,3,1.0,False,True,3,4,0.75,0,3,0.0,True,ndvi_mean,positive,13.9937,1.0,6.0
cell_04_01,2026-03,2,3,0.6667,False,True,2,4,0.5,0,3,0.0,True,ndvi_mean,positive,10.0179,1.0,6.0
cell_04_02,2026-03,3,3,1.0,False,True,3,4,0.75,0,3,0.0,True,ndwi_mean,negative,44.8619,1.0,6.0
cell_04_03,2026-03,1,3,0.3333,False,True,1,4,0.25,0,3,0.0,False,ndvi_mean,positive,38.2863,1.0,6.0
cell_04_04,2026-03,2,3,0.6667,False,True,2,4,0.5,0,3,0.0,True,ndvi_mean,positive,7.0201,1.0,6.0
cell_04_05,2026-03,2,3,0.6667,False,True,2,4,0.5,0,3,0.0,True,ndwi_mean,negative,9.3434,1.0,6.0
cell_04_06,2026-03,2,3,0.6667,True,True,3,4,0.75,0,3,0.0,True,viirs_avg_rad_mean,positive,124.8703,1.0,6.0
cell_04_07,2026-03,0,3,0.0,True,True,1,4,0.25,0,3,0.0,False,viirs_avg_rad_mean,positive,3.8427,1.0,6.0
cell_04_08,2026-03,2,3,0.6667,True,True,3,4,0.75,0,3,0.0,True,ndvi_mean,positive,5.2434,1.0,6.0
cell_04_09,2026-03,1,3,0.3333,False,True,1,4,0.25,0,3,0.0,False,ndbi_mean,positive,5.2834,1.0,6.0
cell_04_10,2026-03,0,3,0.0,False,True,0,4,0.0,0,3,0.0,False,viirs_avg_rad_mean,negative,1.7405,1.0,6.0
cell_04_11,2026-03,2,3,0.6667,False,True,2,4,0.5,0,3,0.0,True,ndwi_mean,negative,8.952,1.0,6.0
cell_04_12,2026-03,1,3,0.3333,True,True,2,4,0.5,0,3,0.0,True,viirs_avg_rad_mean,positive,26.5916,1.0,6.0
cell_04_13,2026-03,1,3,0.3333,False,True,1,4,0.25,0,3,0.0,False,ndbi_mean,positive,7.6025,1.0,6.0
cell_04_14,2026-03,1,3,0.3333,False,True,1,4,0.25,0,3,0.0,False,ndbi_mean,positive,27.9312,1.0,6.0
cell_04_15,2026-03,2,3,0.6667,False,True,2,4,0.5,0,3,0.0,True,ndwi_mean,negative,83.2658,1.0,6.0
cell_04_16,2026-03,2,3,0.6667,False,True,2,4,0.5,0,3,0.0,True,ndvi_mean,positive,11.839,1.0,6.0
cell_04_17,2026-03,1,3,0.3333,False,True,1,4,0.25,0,3,0.0,False,ndwi_mean,negative,6.3784,1.0,6.0
cell_04_18,2026-03,0,3,0.0,False,True,0,4,0.0,0,3,0.0,False,viirs_avg_rad_mean,positive,2.5713,1.0,6.0
cell_04_19,2026-03,0,3,0.0,False,True,0,4,0.0,0,3,0.0,False,viirs_avg_rad_mean,negative,1.0368,1.0,6.0
cell_05_00,2026-03,1,3,0.3333,False,True,1,4,0.25,0,3,0.0,False,ndvi_mean,positive,3.6748,1.0,6.0
cell_05_01,2026-03,0,3,0.0,False,True,0,4,0.0,0,3,0.0,False,ndbi_mean,positive,1.6941,1.0,6.0
cell_05_02,2026-03,0,3,0.0,False,True,0,4,0.0,0,3,0.0,False,ndwi_mean,negative,2.1764,1.0,6.0
cell_05_03,2026-03,2,3,0.6667,True,True,3,4,0.75,0,3,0.0,True,ndbi_mean,negative,46.3054,0.9984,6.0
cell_05_04,2026-03,0,3,0.0,False,True,0,4,0.0,0,3,0.0,False,ndwi_mean,negative,2.4665,1.0,6.0
cell_05_05,2026-03,0,3,0.0,True,True,1,4,0.25,0,3,0.0,False,viirs_avg_rad_mean,positive,12.0656,1.0,6.0
cell_05_06,2026-03,0,3,0.0,True,True,1,4,0.25,0,3,0.0,False,viirs_avg_rad_mean,positive,49.1052,1.0,6.0
cell_05_07,2026-03,0,3,0.0,True,True,1,4,0.25,0,3,0.0,False,viirs_avg_rad_mean,positive,29.9594,1.0,6.0
cell_05_08,2026-03,1,3,0.3333,False,True,1,4,0.25,0,3,0.0,False,ndbi_mean,positive,3.174,1.0,6.0
cell_05_09,2026-03,2,3,0.6667,False,True,2,4,0.5,0,3,0.0,True,ndbi_mean,negative,10.1051,1.0,6.0
cell_05_10,2026-03,2,3,0.6667,False,True,2,4,0.5,0,3,0.0,True,ndvi_mean,positive,14.6525,1.0,6.0
cell_05_11,2026-03,2,3,0.6667,True,True,3,4,0.75,0,3,0.0,True,ndvi_mean,positive,24.5572,1.0,6.0
cell_05_12,2026-03,2,3,0.6667,False,True,2,4,0.5,0,3,0.0,True,ndbi_mean,positive,10.7285,1.0,6.0
cell_05_13,2026-03,1,3,0.3333,True,True,2,4,0.5,0,3,0.0,True,ndwi_mean,positive,4.9753,1.0,6.0
cell_05_14,2026-03,2,3,0.6667,False,True,2,4,0.5,0,3,0.0,True,ndvi_mean,negative,7.5475,1.0,6.0
cell_05_15,2026-03,0,3,0.0,False,True,0,4,0.0,0,3,0.0,False,ndwi_mean,negative,2.8792,1.0,6.0
cell_05_16,2026-03,1,3,0.3333,False,True,1,4,0.25,0,3,0.0,False,ndvi_mean,positive,8.1531,1.0,6.0
cell_05_17,2026-03,2,3,0.6667,True,True,3,4,0.75,0,3,0.0,True,viirs_avg_rad_mean,positive,15.2993,1.0,6.0
cell_05_18,2026-03,2,3,0.6667,True,True,3,4,0.75,0,3,0.0,True,ndbi_mean,negative,13.7798,1.0,6.0
cell_05_19,2026-03,1,3,0.3333,True,True,2,4,0.5,0,3,0.0,True,ndvi_mean,positive,162.8322,1.0,6.0
cell_06_00,2026-03,1,3,0.3333,False,True,1,4,0.25,0,3,0.0,False,ndvi_mean,negative,3.3363,1.0,6.0
cell_06_01,2026-03,0,3,0.0,False,True,0,4,0.0,0,3,0.0,False,ndbi_mean,positive,2.0696,1.0,6.0
cell_06_02,2026-03,1,3,0.3333,False,True,1,4,0.25,0,3,0.0,False,ndbi_mean,positive,22.5241,1.0,6.0
cell_06_03,2026-03,1,3,0.3333,False,True,1,4,0.25,0,3,0.0,False,ndbi_mean,negative,5.0045,1.0,6.0
cell_06_04,2026-03,2,3,0.6667,True,True,3,4,0.75,0,3,0.0,True,ndbi_mean,positive,9.2917,1.0,6.0
cell_06_05,2026-03,0,3,0.0,True,True,1,4,0.25,0,3,0.0,False,viirs_avg_rad_mean,positive,6.7079,1.0,6.0
cell_06_06,2026-03,1,3,0.3333,True,True,2,4,0.5,0,3,0.0,True,viirs_avg_rad_mean,positive,10.8796,1.0,6.0
cell_06_07,2026-03,2,3,0.6667,True,True,3,4,0.75,0,3,0.0,True,ndvi_mean,positive,39.3693,1.0,6.0
cell_06_08,2026-03,3,3,1.0,True,True,4,4,1.0,0,3,0.0,True,ndbi_mean,positive,11.0607,1.0,6.0
cell_06_09,2026-03,1,3,0.3333,True,True,2,4,0.5,0,3,0.0,True,ndbi_mean,negative,6.3999,1.0,6.0
cell_06_10,2026-03,2,3,0.6667,False,True,2,4,0.5,0,3,0.0,True,ndwi_mean,negative,13.9758,1.0,6.0
cell_06_11,2026-03,0,3,0.0,False,True,0,4,0.0,0,3,0.0,False,ndbi_mean,positive,1.6885,1.0,6.0
cell_06_12,2026-03,1,3,0.3333,True,True,2,4,0.5,0,3,0.0,True,viirs_avg_rad_mean,positive,16.789,1.0,6.0
cell_06_13,2026-03,0,3,0.0,False,True,0,4,0.0,0,3,0.0,False,ndbi_mean,positive,2.921,1.0,6.0
cell_06_14,2026-03,1,3,0.3333,True,True,2,4,0.5,0,3,0.0,True,viirs_avg_rad_mean,positive,9.9838,1.0,6.0
cell_06_15,2026-03,1,3,0.3333,False,True,1,4,0.25,0,3,0.0,False,ndwi_mean,positive,4.1003,1.0,6.0
cell_06_16,2026-03,1,3,0.3333,True,True,2,4,0.5,0,3,0.0,True,viirs_avg_rad_mean,positive,11.7728,1.0,6.0
cell_06_17,2026-03,0,3,0.0,True,True,1,4,0.25,0,3,0.0,False,viirs_avg_rad_mean,positive,12.7226,1.0,6.0
cell_06_18,2026-03,2,3,0.6667,True,True,3,4,0.75,0,3,0.0,True,ndwi_mean,negative,184.0689,1.0,6.0
cell_06_19,2026-03,1,3,0.3333,False,True,1,4,0.25,0,3,0.0,False,ndwi_mean,negative,3.6802,1.0,6.0
cell_07_00,2026-03,1,3,0.3333,False,True,1,4,0.25,0,3,0.0,False,ndbi_mean,positive,7.5183,1.0,6.0
cell_07_01,2026-03,1,3,0.3333,False,True,1,4,0.25,0,3,0.0,False,ndbi_mean,positive,4.8747,1.0,6.0
cell_07_02,2026-03,0,3,0.0,False,True,0,4,0.0,0,3,0.0,False,ndbi_mean,positive,1.8686,1.0,6.0
cell_07_03,2026-03,0,3,0.0,True,True,1,4,0.25,0,3,0.0,False,viirs_avg_rad_mean,negative,4.013,1.0,6.0
cell_07_04,2026-03,2,3,0.6667,False,True,2,4,0.5,0,3,0.0,True,ndvi_mean,negative,55.3036,1.0,6.0
cell_07_05,2026-03,1,3,0.3333,True,True,2,4,0.5,0,3,0.0,True,viirs_avg_rad_mean,positive,4.2284,1.0,6.0
cell_07_06,2026-03,3,3,1.0,True,True,4,4,1.0,0,3,0.0,True,ndvi_mean,positive,13.7263,1.0,6.0
cell_07_07,2026-03,2,3,0.6667,False,True,2,4,0.5,0,3,0.0,True,ndbi_mean,positive,6.1798,1.0,6.0
cell_07_08,2026-03,1,3,0.3333,True,True,2,4,0.5,0,3,0.0,True,ndbi_mean,positive,35.4525,1.0,6.0
cell_07_09,2026-03,2,3,0.6667,True,True,3,4,0.75,0,3,0.0,True,ndbi_mean,positive,68.3554,1.0,6.0
cell_07_10,2026-03,1,3,0.3333,True,True,2,4,0.5,0,3,0.0,True,viirs_avg_rad_mean,positive,7.0733,1.0,6.0
cell_07_11,2026-03,0,3,0.0,False,True,0,4,0.0,0,3,0.0,False,viirs_avg_rad_mean,positive,2.7078,1.0,6.0
cell_07_12,2026-03,2,3,0.6667,False,True,2,4,0.5,0,3,0.0,True,ndbi_mean,positive,18.3374,1.0,6.0
cell_07_13,2026-03,0,3,0.0,True,True,1,4,0.25,0,3,0.0,False,viirs_avg_rad_mean,positive,6.6425,1.0,6.0
cell_07_14,2026-03,2,3,0.6667,True,True,3,4,0.75,0,3,0.0,True,viirs_avg_rad_mean,positive,55.728,1.0,6.0
cell_07_15,2026-03,2,3,0.6667,True,True,3,4,0.75,0,3,0.0,True,viirs_avg_rad_mean,positive,10.3894,1.0,6.0
cell_07_16,2026-03,0,3,0.0,True,True,1,4,0.25,0,3,0.0,False,viirs_avg_rad_mean,positive,13.3486,1.0,6.0
cell_07_17,2026-03,0,3,0.0,False,True,0,4,0.0,0,3,0.0,False,viirs_avg_rad_mean,positive,2.8422,1.0,6.0
cell_07_18,2026-03,0,3,0.0,True,True,1,4,0.25,0,3,0.0,False,viirs_avg_rad_mean,positive,3.2878,1.0,6.0
cell_07_19,2026-03,0,3,0.0,False,True,0,4,0.0,0,3,0.0,False,ndbi_mean,positive,2.3466,1.0,6.0
cell_08_00,2026-03,0,3,0.0,False,True,0,4,0.0,0,3,0.0,False,ndbi_mean,positive,2.2296,1.0,6.0
cell_08_01,2026-03,0,3,0.0,False,True,0,4,0.0,0,3,0.0,False,ndbi_mean,positive,2.8818,1.0,6.0
cell_08_02,2026-03,1,3,0.3333,False,True,1,4,0.25,0,3,0.0,False,ndwi_mean,negative,3.4065,1.0,6.0
cell_08_03,2026-03,1,3,0.3333,False,True,1,4,0.25,0,3,0.0,False,ndbi_mean,positive,6.5109,1.0,6.0
cell_08_04,2026-03,1,3,0.3333,False,True,1,4,0.25,0,3,0.0,False,ndwi_mean,negative,10.132,1.0,6.0
cell_08_05,2026-03,0,3,0.0,False,True,0,4,0.0,0,3,0.0,False,ndbi_mean,positive,1.9724,1.0,6.0
cell_08_06,2026-03,0,3,0.0,False,True,0,4,0.0,0,3,0.0,False,ndbi_mean,positive,2.7108,1.0,6.0
cell_08_07,2026-03,0,3,0.0,False,True,0,4,0.0,0,3,0.0,False,ndwi_mean,negative,2.9816,1.0,6.0
cell_08_08,2026-03,3,3,1.0,False,True,3,4,0.75,0,3,0.0,True,ndbi_mean,positive,25.5282,1.0,6.0
cell_08_09,2026-03,2,3,0.6667,True,True,3,4,0.75,0,3,0.0,True,ndwi_mean,negative,5.8918,1.0,6.0
cell_08_10,2026-03,0,3,0.0,True,True,1,4,0.25,0,3,0.0,False,viirs_avg_rad_mean,positive,12.2215,1.0,6.0
cell_08_11,2026-03,1,3,0.3333,True,True,2,4,0.5,0,3,0.0,True,ndwi_mean,negative,3.5904,1.0,6.23
cell_08_12,2026-03,0,3,0.0,False,True,0,4,0.0,0,3,0.0,False,viirs_avg_rad_mean,positive,1.7683,1.0,6.88
cell_08_13,2026-03,2,3,0.6667,True,True,3,4,0.75,0,3,0.0,True,ndvi_mean,positive,6.8973,1.0,6.56
cell_08_14,2026-03,1,3,0.3333,True,True,2,4,0.5,0,3,0.0,True,ndvi_mean,positive,154.2045,1.0,6.0
cell_08_15,2026-03,0,3,0.0,True,True,1,4,0.25,0,3,0.0,False,viirs_avg_rad_mean,positive,4.2616,1.0,6.0
cell_08_16,2026-03,1,3,0.3333,False,True,1,4,0.25,0,3,0.0,False,ndbi_mean,negative,15.2413,1.0,6.0
cell_08_17,2026-03,1,3,0.3333,False,True,1,4,0.25,0,3,0.0,False,ndwi_mean,positive,3.7759,1.0,6.0
cell_08_18,2026-03,0,3,0.0,False,True,0,4,0.0,0,3,0.0,False,ndbi_mean,positive,1.6443,1.0,6.0
cell_08_19,2026-03,2,3,0.6667,False,True,2,4,0.5,0,3,0.0,True,ndwi_mean,positive,31.9304,1.0,6.0
cell_09_00,2026-03,1,3,0.3333,True,True,2,4,0.5,0,3,0.0,True,viirs_avg_rad_mean,negative,10.8138,1.0,6.0
cell_09_01,2026-03,1,3,0.3333,False,True,1,4,0.25,0,3,0.0,False,ndbi_mean,positive,129.926,1.0,6.0
cell_09_02,2026-03,1,3,0.3333,True,True,2,4,0.5,0,3,0.0,True,ndbi_mean,positive,6.4722,1.0,6.0
cell_09_03,2026-03,1,3,0.3333,False,True,1,4,0.25,0,3,0.0,False,ndbi_mean,negative,9.7847,1.0,6.0
cell_09_04,2026-03,0,3,0.0,False,True,0,4,0.0,0,3,0.0,False,ndvi_mean,positive,2.9959,1.0,6.0
cell_09_05,2026-03,3,3,1.0,False,True,3,4,0.75,0,3,0.0,True,ndbi_mean,positive,78.7237,1.0,6.0
cell_09_06,2026-03,1,3,0.3333,False,True,1,4,0.25,0,3,0.0,False,ndbi_mean,positive,5.0923,1.0,6.0
cell_09_07,2026-03,0,3,0.0,True,True,1,4,0.25,0,3,0.0,False,viirs_avg_rad_mean,positive,3.3341,1.0,6.0
cell_09_08,2026-03,1,3,0.3333,True,True,2,4,0.5,0,3,0.0,True,viirs_avg_rad_mean,positive,24.4965,1.0,6.0
cell_09_09,2026-03,2,3,0.6667,True,True,3,4,0.75,0,3,0.0,True,viirs_avg_rad_mean,positive,24.4532,1.0,6.0
cell_09_10,2026-03,2,3,0.6667,False,True,2,4,0.5,0,3,0.0,True,ndwi_mean,negative,24.7117,1.0,6.0
cell_09_11,2026-03,0,3,0.0,True,True,1,4,0.25,0,3,0.0,False,viirs_avg_rad_mean,positive,4.1364,1.0,6.24
cell_09_12,2026-03,1,3,0.3333,True,True,2,4,0.5,0,3,0.0,True,ndwi_mean,negative,24.4262,1.0,7.0
cell_09_13,2026-03,1,3,0.3333,True,True,2,4,0.5,0,3,0.0,True,viirs_avg_rad_mean,positive,33.5601,1.0,6.66
cell_09_14,2026-03,0,3,0.0,True,True,1,4,0.25,0,3,0.0,False,viirs_avg_rad_mean,positive,10.9421,1.0,6.0
cell_09_15,2026-03,2,3,0.6667,True,True,3,4,0.75,0,3,0.0,True,ndbi_mean,negative,9.0199,1.0,6.0
cell_09_16,2026-03,1,3,0.3333,True,True,2,4,0.5,0,3,0.0,True,viirs_avg_rad_mean,positive,6.3481,1.0,6.0
cell_09_17,2026-03,0,3,0.0,True,True,1,4,0.25,0,3,0.0,False,viirs_avg_rad_mean,positive,5.5017,1.0,6.55
cell_09_18,2026-03,2,3,0.6667,True,True,3,4,0.75,0,3,0.0,True,ndwi_mean,negative,6.7932,1.0,6.37
cell_09_19,2026-03,1,3,0.3333,True,True,2,4,0.5,0,3,0.0,True,viirs_avg_rad_mean,positive,3.7002,1.0,6.0
cell_10_00,2026-03,1,3,0.3333,False,True,1,4,0.25,0,3,0.0,False,ndbi_mean,positive,4.1529,1.0,6.0
cell_10_01,2026-03,2,3,0.6667,True,True,3,4,0.75,0,3,0.0,True,ndbi_mean,positive,7.5334,1.0,6.0
cell_10_02,2026-03,2,3,0.6667,True,True,3,4,0.75,0,3,0.0,True,viirs_avg_rad_mean,positive,6.514,1.0,6.0
cell_10_03,2026-03,3,3,1.0,False,True,3,4,0.75,0,3,0.0,True,ndbi_mean,positive,42.5458,1.0,6.0
cell_10_04,2026-03,0,3,0.0,False,True,0,4,0.0,0,3,0.0,False,ndwi_mean,negative,1.4668,1.0,6.0
cell_10_05,2026-03,1,3,0.3333,False,True,1,4,0.25,0,3,0.0,False,ndbi_mean,positive,7.0015,1.0,6.0
cell_10_06,2026-03,2,3,0.6667,False,True,2,4,0.5,0,3,0.0,True,ndwi_mean,positive,15.6026,1.0,6.0
cell_10_07,2026-03,1,3,0.3333,True,True,2,4,0.5,0,3,0.0,True,ndbi_mean,positive,40.8273,1.0,6.0
cell_10_08,2026-03,2,3,0.6667,True,True,3,4,0.75,0,3,0.0,True,viirs_avg_rad_mean,positive,14.629,1.0,6.0
cell_10_09,2026-03,2,3,0.6667,False,True,2,4,0.5,0,3,0.0,True,ndvi_mean,negative,5.3353,1.0,6.0
cell_10_10,2026-03,1,3,0.3333,True,True,2,4,0.5,0,3,0.0,True,viirs_avg_rad_mean,positive,8.9202,1.0,6.0
cell_10_11,2026-03,0,3,0.0,False,True,0,4,0.0,0,3,0.0,False,ndbi_mean,positive,0.3606,1.0,6.22
cell_10_12,2026-03,0,3,0.0,True,True,1,4,0.25,0,3,0.0,False,viirs_avg_rad_mean,positive,13.3744,1.0,7.0
cell_10_13,2026-03,2,3,0.6667,False,True,2,4,0.5,0,3,0.0,True,ndvi_mean,negative,44.3503,1.0,6.68
cell_10_14,2026-03,1,3,0.3333,False,True,1,4,0.25,0,3,0.0,False,ndbi_mean,positive,3.617,1.0,6.38
cell_10_15,2026-03,0,3,0.0,True,True,1,4,0.25,0,3,0.0,False,viirs_avg_rad_mean,positive,3.3382,1.0,7.0
cell_10_16,2026-03,0,3,0.0,False,True,0,4,0.0,0,3,0.0,False,viirs_avg_rad_mean,positive,2.4069,1.0,7.0
cell_10_17,2026-03,1,3,0.3333,False,True,1,4,0.25,0,3,0.0,False,ndbi_mean,positive,8.2414,1.0,7.0
cell_10_18,2026-03,1,3,0.3333,False,True,1,4,0.25,0,3,0.0,False,ndvi_mean,negative,5.9709,1.0,6.44
cell_10_19,2026-03,0,3,0.0,False,True,0,4,0.0,0,3,0.0,False,ndwi_mean,positive,1.7192,1.0,6.08
cell_11_00,2026-03,0,3,0.0,True,True,1,4,0.25,0,3,0.0,False,viirs_avg_rad_mean,positive,9.541,1.0,6.0
cell_11_01,2026-03,2,3,0.6667,True,True,3,4,0.75,0,3,0.0,True,viirs_avg_rad_mean,positive,43.0015,1.0,6.0
cell_11_02,2026-03,2,3,0.6667,False,True,2,4,0.5,0,3,0.0,True,ndwi_mean,negative,7.6894,1.0,6.0
cell_11_03,2026-03,1,3,0.3333,False,True,1,4,0.25,0,3,0.0,False,ndbi_mean,positive,6.4411,1.0,6.0
cell_11_04,2026-03,1,3,0.3333,False,True,1,4,0.25,0,3,0.0,False,ndbi_mean,positive,14.6468,1.0,6.0
cell_11_05,2026-03,3,3,1.0,True,True,4,4,1.0,0,3,0.0,True,ndvi_mean,positive,16.8883,1.0,6.0
cell_11_06,2026-03,3,3,1.0,False,True,3,4,0.75,0,3,0.0,True,ndbi_mean,negative,55.3993,1.0,6.0
cell_11_07,2026-03,3,3,1.0,True,True,4,4,1.0,0,3,0.0,True,viirs_avg_rad_mean,positive,17.3336,1.0,6.0
cell_11_08,2026-03,0,3,0.0,False,True,0,4,0.0,0,3,0.0,False,ndwi_mean,positive,2.854,1.0,6.0
cell_11_09,2026-03,0,3,0.0,False,True,0,4,0.0,0,3,0.0,False,ndbi_mean,positive,2.8332,1.0,6.0
cell_11_10,2026-03,1,3,0.3333,False,True,1,4,0.25,0,3,0.0,False,ndwi_mean,negative,2.3964,1.0,6.14
cell_11_11,2026-03,2,3,0.6667,False,True,2,4,0.5,0,3,0.0,True,ndwi_mean,negative,8.5565,0.9984,7.0
cell_11_12,2026-03,0,3,0.0,False,True,0,4,0.0,0,3,0.0,False,ndbi_mean,positive,2.3454,1.0,7.0
cell_11_13,2026-03,0,3,0.0,True,True,1,4,0.25,0,3,0.0,False,viirs_avg_rad_mean,positive,4.0379,1.0,7.0
cell_11_14,2026-03,1,3,0.3333,True,True,2,4,0.5,0,3,0.0,True,ndvi_mean,positive,8.6475,1.0,7.0
cell_11_15,2026-03,1,3,0.3333,True,True,2,4,0.5,0,3,0.0,True,viirs_avg_rad_mean,positive,3.6109,1.0,7.0
cell_11_16,2026-03,1,3,0.3333,False,True,1,4,0.25,0,3,0.0,False,ndwi_mean,negative,7.787,1.0,7.0
cell_11_17,2026-03,1,3,0.3333,False,True,1,4,0.25,0,3,0.0,False,ndwi_mean,negative,4.8309,1.0,7.0
cell_11_18,2026-03,1,3,0.3333,False,True,1,4,0.25,0,3,0.0,False,ndwi_mean,negative,2.2662,1.0,6.5
cell_11_19,2026-03,0,3,0.0,False,True,0,4,0.0,0,3,0.0,False,ndvi_mean,negative,1.9704,1.0,6.67
cell_12_00,2026-03,2,3,0.6667,False,True,2,4,0.5,0,3,0.0,True,ndwi_mean,negative,5.5578,1.0,6.0
cell_12_01,2026-03,0,3,0.0,False,True,0,4,0.0,0,3,0.0,False,ndwi_mean,negative,1.6794,1.0,6.0
cell_12_02,2026-03,2,3,0.6667,True,True,3,4,0.75,0,3,0.0,True,ndwi_mean,negative,5.035,1.0,6.0
cell_12_03,2026-03,3,3,1.0,True,True,4,4,1.0,0,3,0.0,True,ndvi_mean,positive,21.8618,1.0,6.0
cell_12_04,2026-03,1,3,0.3333,False,True,1,4,0.25,0,3,0.0,False,ndbi_mean,positive,12.2726,1.0,6.0
cell_12_05,2026-03,1,3,0.3333,False,True,1,4,0.25,0,3,0.0,False,ndvi_mean,negative,11.2546,1.0,6.0
cell_12_06,2026-03,2,3,0.6667,False,True,2,4,0.5,0,3,0.0,True,ndwi_mean,negative,37.2401,1.0,6.0
cell_12_07,2026-03,0,3,0.0,True,True,1,4,0.25,0,3,0.0,False,viirs_avg_rad_mean,positive,6.4883,1.0,6.0
cell_12_08,2026-03,1,3,0.3333,True,True,2,4,0.5,0,3,0.0,True,ndbi_mean,positive,6.1694,1.0,6.0
cell_12_09,2026-03,1,3,0.3333,True,True,2,4,0.5,0,3,0.0,True,ndwi_mean,negative,6.9348,1.0,6.0
cell_12_10,2026-03,1,3,0.3333,True,True,2,4,0.5,0,3,0.0,True,viirs_avg_rad_mean,positive,44.5107,1.0,6.13
cell_12_11,2026-03,3,3,1.0,True,True,4,4,1.0,0,3,0.0,True,ndvi_mean,positive,16.5906,1.0,7.0
cell_12_12,2026-03,0,3,0.0,True,True,1,4,0.25,0,3,0.0,False,viirs_avg_rad_mean,positive,3.705,1.0,7.0
cell_12_13,2026-03,0,3,0.0,False,True,0,4,0.0,0,3,0.0,False,viirs_avg_rad_mean,positive,1.4128,1.0,7.0
cell_12_14,2026-03,1,3,0.3333,False,True,1,4,0.25,0,3,0.0,False,ndbi_mean,positive,4.2889,1.0,7.0
cell_12_15,2026-03,2,3,0.6667,True,True,3,4,0.75,0,3,0.0,True,ndbi_mean,positive,9.157,1.0,7.0
cell_12_16,2026-03,0,3,0.0,False,True,0,4,0.0,0,3,0.0,False,ndbi_mean,positive,2.7263,1.0,7.0
cell_12_17,2026-03,2,3,0.6667,False,True,2,4,0.5,0,3,0.0,True,ndwi_mean,negative,85.9313,1.0,7.0
cell_12_18,2026-03,2,3,0.6667,True,True,3,4,0.75,0,3,0.0,True,viirs_avg_rad_mean,positive,6.1756,1.0,7.0
cell_12_19,2026-03,0,3,0.0,True,True,1,4,0.25,0,3,0.0,False,viirs_avg_rad_mean,positive,3.3905,1.0,7.0
cell_13_00,2026-03,0,3,0.0,False,True,0,4,0.0,0,3,0.0,False,ndbi_mean,positive,2.0954,1.0,6.0
cell_13_01,2026-03,3,3,1.0,True,True,4,4,1.0,0,3,0.0,True,viirs_avg_rad_mean,positive,30.5047,1.0,6.0
cell_13_02,2026-03,2,3,0.6667,True,True,3,4,0.75,0,3,0.0,True,ndwi_mean,negative,112.5926,1.0,6.0
cell_13_03,2026-03,3,3,1.0,False,True,3,4,0.75,0,3,0.0,True,ndbi_mean,positive,11.1935,1.0,6.0
cell_13_04,2026-03,1,3,0.3333,False,True,1,4,0.25,0,3,0.0,False,ndbi_mean,positive,19.7309,1.0,6.0
cell_13_05,2026-03,0,3,0.0,False,True,0,4,0.0,0,3,0.0,False,viirs_avg_rad_mean,positive,0.5212,1.0,6.0
cell_13_06,2026-03,1,3,0.3333,False,True,1,4,0.25,0,3,0.0,False,ndbi_mean,positive,3.903,1.0,6.0
cell_13_07,2026-03,2,3,0.6667,True,True,3,4,0.75,0,3,0.0,True,ndvi_mean,positive,6.46,1.0,6.0
cell_13_08,2026-03,0,3,0.0,False,True,0,4,0.0,0,3,0.0,False,ndbi_mean,positive,1.5144,1.0,6.0
cell_13_09,2026-03,0,3,0.0,True,True,1,4,0.25,0,3,0.0,False,viirs_avg_rad_mean,negative,9.9206,1.0,6.0
cell_13_10,2026-03,1,3,0.3333,True,True,2,4,0.5,0,3,0.0,True,viirs_avg_rad_mean,positive,11.1177,1.0,6.11
cell_13_11,2026-03,1,3,0.3333,False,True,1,4,0.25,0,3,0.0,False,ndvi_mean,positive,3.6267,1.0,6.91
cell_13_12,2026-03,0,3,0.0,False,True,0,4,0.0,0,3,0.0,False,viirs_avg_rad_mean,positive,2.8157,1.0,7.0
cell_13_13,2026-03,1,3,0.3333,False,True,1,4,0.25,0,3,0.0,False,ndbi_mean,positive,8.5619,1.0,7.0
cell_13_14,2026-03,1,3,0.3333,False,True,1,4,0.25,0,3,0.0,False,ndbi_mean,positive,25.37,1.0,7.0
cell_13_15,2026-03,0,3,0.0,False,True,0,4,0.0,0,3,0.0,False,ndbi_mean,positive,1.3064,1.0,7.0
cell_13_16,2026-03,1,3,0.3333,False,True,1,4,0.25,0,3,0.0,False,ndvi_mean,negative,3.3321,1.0,7.0
cell_13_17,2026-03,1,3,0.3333,False,True,1,4,0.25,0,3,0.0,False,ndvi_mean,negative,8.9327,1.0,7.0
cell_13_18,2026-03,0,3,0.0,True,True,1,4,0.25,0,3,0.0,False,viirs_avg_rad_mean,positive,4.7378,1.0,7.0
cell_13_19,2026-03,0,3,0.0,True,True,1,4,0.25,0,3,0.0,False,viirs_avg_rad_mean,positive,26.9295,1.0,7.0
cell_14_00,2026-03,2,3,0.6667,False,True,2,4,0.5,0,3,0.0,True,ndvi_mean,positive,6.482,1.0,6.0
cell_14_01,2026-03,3,3,1.0,False,True,3,4,0.75,0,3,0.0,True,ndwi_mean,positive,7.9878,0.9984,6.0
cell_14_02,2026-03,1,3,0.3333,False,True,1,4,0.25,0,3,0.0,False,ndwi_mean,positive,4.1461,1.0,6.0
cell_14_03,2026-03,2,3,0.6667,False,True,2,4,0.5,0,3,0.0,True,ndbi_mean,positive,21.6083,1.0,6.0
cell_14_04,2026-03,1,3,0.3333,False,True,1,4,0.25,0,3,0.0,False,ndbi_mean,positive,5.4804,1.0,6.0
cell_14_05,2026-03,0,3,0.0,True,True,1,4,0.25,0,3,0.0,False,viirs_avg_rad_mean,positive,69.6142,1.0,6.0
cell_14_06,2026-03,2,3,0.6667,True,True,3,4,0.75,0,3,0.0,True,viirs_avg_rad_mean,positive,7.0551,1.0,6.0
cell_14_07,2026-03,2,3,0.6667,True,True,3,4,0.75,0,3,0.0,True,ndbi_mean,positive,4.0881,1.0,6.0
cell_14_08,2026-03,1,3,0.3333,True,True,2,4,0.5,0,3,0.0,True,viirs_avg_rad_mean,negative,24.3175,1.0,6.0
cell_14_09,2026-03,0,3,0.0,True,True,1,4,0.25,0,3,0.0,False,viirs_avg_rad_mean,negative,3.0196,1.0,6.0
cell_14_10,2026-03,1,3,0.3333,False,True,1,4,0.25,0,3,0.0,False,ndvi_mean,negative,3.0678,1.0,6.0
cell_14_11,2026-03,3,3,1.0,False,True,3,4,0.75,0,3,0.0,True,ndvi_mean,negative,13.3344,1.0,6.14
cell_14_12,2026-03,3,3,1.0,False,True,3,4,0.75,0,3,0.0,True,ndbi_mean,positive,5.6817,1.0,7.0
cell_14_13,2026-03,1,3,0.3333,False,True,1,4,0.25,0,3,0.0,False,ndwi_mean,negative,4.7758,1.0,7.0
cell_14_14,2026-03,0,3,0.0,False,True,0,4,0.0,0,3,0.0,False,viirs_avg_rad_mean,positive,1.5706,0.9984,7.0
cell_14_15,2026-03,1,3,0.3333,False,True,1,4,0.25,0,3,0.0,False,ndwi_mean,positive,12.0498,1.0,7.0
cell_14_16,2026-03,2,3,0.6667,False,True,2,4,0.5,0,3,0.0,True,ndvi_mean,negative,3.9997,1.0,7.0
cell_14_17,2026-03,2,3,0.6667,False,True,2,4,0.5,0,3,0.0,True,ndvi_mean,negative,28.8517,1.0,7.0
cell_14_18,2026-03,1,3,0.3333,False,True,1,4,0.25,0,3,0.0,False,ndvi_mean,negative,0.992,1.0,7.0
cell_14_19,2026-03,2,3,0.6667,False,True,2,4,0.5,0,3,0.0,True,ndwi_mean,positive,10.5993,1.0,7.0
cell_15_00,2026-03,3,3,1.0,False,True,3,4,0.75,0,3,0.0,True,ndbi_mean,positive,9.8951,1.0,6.0
cell_15_01,2026-03,1,3,0.3333,False,True,1,4,0.25,0,3,0.0,False,ndwi_mean,positive,10.281,1.0,6.0
cell_15_02,2026-03,0,3,0.0,True,True,1,4,0.25,0,3,0.0,False,viirs_avg_rad_mean,positive,90.9094,1.0,6.0
cell_15_03,2026-03,0,3,0.0,False,True,0,4,0.0,0,3,0.0,False,viirs_avg_rad_mean,positive,2.4132,1.0,6.0
cell_15_04,2026-03,1,3,0.3333,True,True,2,4,0.5,0,3,0.0,True,viirs_avg_rad_mean,positive,6.685,1.0,6.0
cell_15_05,2026-03,1,3,0.3333,False,True,1,4,0.25,0,3,0.0,False,ndvi_mean,positive,3.0321,1.0,6.0
cell_15_06,2026-03,1,3,0.3333,False,True,1,4,0.25,0,3,0.0,False,ndvi_mean,negative,6.9386,1.0,6.0
cell_15_07,2026-03,2,3,0.6667,True,True,3,4,0.75,0,3,0.0,True,ndvi_mean,negative,19.9201,1.0,6.0
cell_15_08,2026-03,1,3,0.3333,False,True,1,4,0.25,0,3,0.0,False,ndbi_mean,positive,6.8205,1.0,6.0
cell_15_09,2026-03,1,3,0.3333,False,True,1,4,0.25,0,3,0.0,False,ndbi_mean,positive,4.0236,1.0,6.0
cell_15_10,2026-03,0,3,0.0,True,True,1,4,0.25,0,3,0.0,False,viirs_avg_rad_mean,positive,14.8808,1.0,6.0
cell_15_11,2026-03,1,3,0.3333,False,True,1,4,0.25,0,3,0.0,False,ndwi_mean,positive,10.9108,1.0,6.13
cell_15_12,2026-03,1,3,0.3333,False,True,1,4,0.25,0,3,0.0,False,ndbi_mean,positive,22.3292,1.0,7.0
cell_15_13,2026-03,1,3,0.3333,False,True,1,4,0.25,0,3,0.0,False,ndbi_mean,positive,3.1654,1.0,7.0
cell_15_14,2026-03,1,3,0.3333,False,True,1,4,0.25,0,3,0.0,False,ndwi_mean,negative,68.3895,1.0,7.0
cell_15_15,2026-03,1,3,0.3333,False,True,1,4,0.25,0,3,0.0,False,ndbi_mean,positive,3.9862,1.0,7.0
cell_15_16,2026-03,1,3,0.3333,False,True,1,4,0.25,0,3,0.0,False,ndbi_mean,positive,3.5064,1.0,7.0
cell_15_17,2026-03,1,3,0.3333,False,True,1,4,0.25,0,3,0.0,False,ndbi_mean,positive,58.9115,1.0,7.0
cell_15_18,2026-03,3,3,1.0,False,True,3,4,0.75,0,3,0.0,True,ndbi_mean,positive,27.4314,1.0,7.0
cell_15_19,2026-03,1,3,0.3333,False,True,1,4,0.25,0,3,0.0,False,ndvi_mean,negative,8.294,1.0,7.0
cell_16_00,2026-03,2,3,0.6667,False,True,2,4,0.5,0,3,0.0,True,ndbi_mean,positive,161.6026,1.0,6.0
cell_16_01,2026-03,1,3,0.3333,False,True,1,4,0.25,0,3,0.0,False,ndbi_mean,positive,3.5217,1.0,6.0
cell_16_02,2026-03,0,3,0.0,False,True,0,4,0.0,0,3,0.0,False,viirs_avg_rad_mean,positive,2.3927,1.0,6.0
cell_16_03,2026-03,0,3,0.0,True,True,1,4,0.25,0,3,0.0,False,viirs_avg_rad_mean,positive,3.9159,1.0,6.0
cell_16_04,2026-03,0,3,0.0,True,True,1,4,0.25,0,3,0.0,False,viirs_avg_rad_mean,positive,4.0751,1.0,6.0
cell_16_05,2026-03,0,3,0.0,True,True,1,4,0.25,0,3,0.0,False,viirs_avg_rad_mean,positive,3.9407,1.0,6.0
cell_16_06,2026-03,0,3,0.0,False,True,0,4,0.0,0,3,0.0,False,ndvi_mean,negative,1.798,1.0,6.0
cell_16_07,2026-03,1,3,0.3333,False,True,1,4,0.25,0,3,0.0,False,ndbi_mean,positive,3.1452,1.0,6.0
cell_16_08,2026-03,0,3,0.0,False,True,0,4,0.0,0,3,0.0,False,ndbi_mean,positive,2.1892,1.0,6.0
cell_16_09,2026-03,0,3,0.0,False,True,0,4,0.0,0,3,0.0,False,ndbi_mean,positive,1.1964,1.0,6.0
cell_16_10,2026-03,1,3,0.3333,False,True,1,4,0.25,0,3,0.0,False,ndwi_mean,positive,16.7166,1.0,6.0
cell_16_11,2026-03,0,3,0.0,False,True,0,4,0.0,0,3,0.0,False,ndwi_mean,negative,2.7035,1.0,6.11
cell_16_12,2026-03,1,3,0.3333,False,True,1,4,0.25,0,3,0.0,False,ndvi_mean,positive,4.5837,1.0,7.0
cell_16_13,2026-03,1,3,0.3333,False,True,1,4,0.25,0,3,0.0,False,ndbi_mean,positive,10.9524,1.0,7.0
cell_16_14,2026-03,2,3,0.6667,False,True,2,4,0.5,0,3,0.0,True,ndwi_mean,negative,34.6668,1.0,7.0
cell_16_15,2026-03,2,3,0.6667,False,True,2,4,0.5,0,3,0.0,True,ndbi_mean,positive,12.9498,1.0,7.0
cell_16_16,2026-03,2,3,0.6667,False,True,2,4,0.5,0,3,0.0,True,ndvi_mean,negative,25.3524,1.0,7.0
cell_16_17,2026-03,2,3,0.6667,False,True,2,4,0.5,0,3,0.0,True,ndbi_mean,positive,4.8411,1.0,7.0
cell_16_18,2026-03,1,3,0.3333,False,True,1,4,0.25,0,3,0.0,False,ndbi_mean,positive,5.9002,1.0,7.0
cell_16_19,2026-03,3,3,1.0,True,True,4,4,1.0,0,3,0.0,True,ndvi_mean,negative,10.7842,1.0,7.0
cell_17_00,2026-03,0,3,0.0,True,True,1,4,0.25,0,3,0.0,False,viirs_avg_rad_mean,positive,3.0447,1.0,6.0
cell_17_01,2026-03,0,3,0.0,True,True,1,4,0.25,0,3,0.0,False,viirs_avg_rad_mean,positive,114.8216,1.0,6.0
cell_17_02,2026-03,2,3,0.6667,True,True,3,4,0.75,0,3,0.0,True,viirs_avg_rad_mean,positive,4.3004,1.0,6.0
cell_17_03,2026-03,0,3,0.0,False,True,0,4,0.0,0,3,0.0,False,ndbi_mean,positive,2.1851,1.0,6.0
cell_17_04,2026-03,1,3,0.3333,False,True,1,4,0.25,0,3,0.0,False,ndbi_mean,positive,4.1379,1.0,6.0
cell_17_05,2026-03,1,3,0.3333,False,True,1,4,0.25,0,3,0.0,False,ndwi_mean,positive,8.0014,1.0,6.0
cell_17_06,2026-03,3,3,1.0,False,True,3,4,0.75,0,3,0.0,True,ndvi_mean,positive,27.1937,1.0,6.0
cell_17_07,2026-03,1,3,0.3333,True,True,2,4,0.5,0,3,0.0,True,viirs_avg_rad_mean,positive,9.0289,1.0,6.0
cell_17_08,2026-03,0,3,0.0,False,True,0,4,0.0,0,3,0.0,False,ndwi_mean,positive,1.6826,1.0,6.0
cell_17_09,2026-03,2,3,0.6667,False,True,2,4,0.5,0,3,0.0,True,ndbi_mean,positive,11.2275,1.0,6.0
cell_17_10,2026-03,2,3,0.6667,False,True,2,4,0.5,0,3,0.0,True,ndvi_mean,positive,14.7881,1.0,6.0
cell_17_11,2026-03,2,3,0.6667,False,True,2,4,0.5,0,3,0.0,True,ndbi_mean,positive,13.6404,1.0,6.07
cell_17_12,2026-03,1,3,0.3333,True,True,2,4,0.5,0,3,0.0,True,viirs_avg_rad_mean,positive,7.9158,1.0,6.78
cell_17_13,2026-03,0,3,0.0,False,True,0,4,0.0,0,3,0.0,False,ndbi_mean,positive,2.2124,1.0,7.0
cell_17_14,2026-03,1,3,0.3333,False,True,1,4,0.25,0,3,0.0,False,ndbi_mean,positive,5.2089,1.0,7.0
cell_17_15,2026-03,0,3,0.0,False,True,0,4,0.0,0,3,0.0,False,ndbi_mean,positive,2.6406,1.0,7.0
cell_17_16,2026-03,1,3,0.3333,False,True,1,4,0.25,0,3,0.0,False,ndbi_mean,positive,8.7863,1.0,7.0
cell_17_17,2026-03,1,3,0.3333,False,True,1,4,0.25,0,3,0.0,False,ndbi_mean,positive,27.8244,1.0,7.0
cell_17_18,2026-03,2,3,0.6667,False,True,2,4,0.5,0,3,0.0,True,ndbi_mean,positive,15.0072,1.0,7.0
cell_17_19,2026-03,0,3,0.0,True,True,1,4,0.25,0,3,0.0,False,viirs_avg_rad_mean,positive,4.9495,1.0,7.0
cell_18_00,2026-03,2,3,0.6667,True,True,3,4,0.75,0,3,0.0,True,ndvi_mean,negative,171.0508,1.0,6.0
cell_18_01,2026-03,2,3,0.6667,True,True,3,4,0.75,0,3,0.0,True,ndvi_mean,negative,26.7496,1.0,6.0
cell_18_02,2026-03,1,3,0.3333,False,True,1,4,0.25,0,3,0.0,False,ndbi_mean,positive,7.7218,1.0,6.0
cell_18_03,2026-03,3,3,1.0,False,True,3,4,0.75,0,3,0.0,True,ndbi_mean,positive,4.7347,1.0,6.0
cell_18_04,2026-03,0,3,0.0,False,True,0,4,0.0,0,3,0.0,False,ndwi_mean,negative,2.3893,1.0,6.0
cell_18_05,2026-03,1,3,0.3333,False,True,1,4,0.25,0,3,0.0,False,ndbi_mean,positive,6.4931,1.0,6.0
cell_18_06,2026-03,0,3,0.0,False,True,0,4,0.0,0,3,0.0,False,ndvi_mean,positive,2.4051,1.0,6.0
cell_18_07,2026-03,2,3,0.6667,False,True,2,4,0.5,0,3,0.0,True,ndwi_mean,positive,18.9272,1.0,6.0
cell_18_08,2026-03,0,3,0.0,False,True,0,4,0.0,0,3,0.0,False,ndbi_mean,positive,0.7888,1.0,6.0
cell_18_09,2026-03,0,3,0.0,False,True,0,4,0.0,0,3,0.0,False,viirs_avg_rad_mean,positive,2.364,1.0,6.0
cell_18_10,2026-03,1,3,0.3333,True,True,2,4,0.5,0,3,0.0,True,ndwi_mean,negative,13.1873,1.0,6.0
cell_18_11,2026-03,0,3,0.0,False,True,0,4,0.0,0,3,0.0,False,ndwi_mean,positive,2.1195,1.0,6.0
cell_18_12,2026-03,1,3,0.3333,True,True,2,4,0.5,0,3,0.0,True,viirs_avg_rad_mean,positive,47.1987,1.0,6.12
cell_18_13,2026-03,2,3,0.6667,False,True,2,4,0.5,0,3,0.0,True,ndbi_mean,positive,37.3206,1.0,7.0
cell_18_14,2026-03,1,3,0.3333,False,True,1,4,0.25,0,3,0.0,False,ndvi_mean,negative,12.1444,1.0,7.0
cell_18_15,2026-03,1,3,0.3333,False,True,1,4,0.25,0,3,0.0,False,ndbi_mean,positive,6.9834,1.0,7.0
cell_18_16,2026-03,1,3,0.3333,False,True,1,4,0.25,0,3,0.0,False,ndbi_mean,positive,12.3242,1.0,7.0
cell_18_17,2026-03,0,3,0.0,False,True,0,4,0.0,0,3,0.0,False,ndbi_mean,positive,2.5988,1.0,7.0
cell_18_18,2026-03,1,3,0.3333,False,True,1,4,0.25,0,3,0.0,False,ndvi_mean,negative,9.2649,1.0,7.0
cell_18_19,2026-03,1,3,0.3333,True,True,2,4,0.5,0,3,0.0,True,ndvi_mean,positive,69.2344,1.0,7.0
cell_19_00,2026-03,3,3,1.0,False,True,3,4,0.75,0,3,0.0,True,ndwi_mean,positive,16.4777,1.0,6.0
cell_19_01,2026-03,1,3,0.3333,False,True,1,4,0.25,0,3,0.0,False,ndbi_mean,positive,15.3916,1.0,6.0
cell_19_02,2026-03,0,3,0.0,False,True,0,4,0.0,0,3,0.0,False,viirs_avg_rad_mean,positive,2.3646,1.0,6.0
cell_19_03,2026-03,0,3,0.0,False,True,0,4,0.0,0,3,0.0,False,ndbi_mean,positive,2.5617,1.0,6.0
cell_19_04,2026-03,2,3,0.6667,True,True,3,4,0.75,0,3,0.0,True,ndbi_mean,negative,16.4799,1.0,6.0
cell_19_05,2026-03,1,3,0.3333,False,True,1,4,0.25,0,3,0.0,False,ndwi_mean,negative,9.9224,1.0,6.0
cell_19_06,2026-03,2,3,0.6667,False,True,2,4,0.5,0,3,0.0,True,ndbi_mean,positive,42.087,1.0,6.0
cell_19_07,2026-03,2,3,0.6667,False,True,2,4,0.5,0,3,0.0,True,ndwi_mean,positive,23.9468,1.0,6.0
cell_19_08,2026-03,1,3,0.3333,False,True,1,4,0.25,0,3,0.0,False,ndvi_mean,positive,15.5255,1.0,6.0
cell_19_09,2026-03,1,3,0.3333,False,True,1,4,0.25,0,3,0.0,False,ndvi_mean,positive,6.8638,1.0,6.0
cell_19_10,2026-03,1,3,0.3333,False,True,1,4,0.25,0,3,0.0,False,ndbi_mean,positive,3.0792,1.0,6.0
cell_19_11,2026-03,1,3,0.3333,False,True,1,4,0.25,0,3,0.0,False,ndbi_mean,positive,5.2334,1.0,6.0
cell_19_12,2026-03,1,3,0.3333,True,True,2,4,0.5,0,3,0.0,True,viirs_avg_rad_mean,positive,11.8502,1.0,6.1
cell_19_13,2026-03,2,3,0.6667,False,True,2,4,0.5,0,3,0.0,True,ndvi_mean,negative,52.7308,1.0,7.0
cell_19_14,2026-03,1,3,0.3333,True,True,2,4,0.5,0,3,0.0,True,viirs_avg_rad_mean,positive,32.5602,1.0,7.0
cell_19_15,2026-03,2,3,0.6667,False,True,2,4,0.5,0,3,0.0,True,ndbi_mean,positive,97.3574,1.0,7.0
cell_19_16,2026-03,1,3,0.3333,False,True,1,4,0.25,0,3,0.0,False,ndbi_mean,positive,25.3063,1.0,7.0
cell_19_17,2026-03,1,3,0.3333,False,True,1,4,0.25,0,3,0.0,False,ndbi_mean,positive,7.061,1.0,7.0
cell_19_18,2026-03,3,3,1.0,False,True,3,4,0.75,0,3,0.0,True,ndvi_mean,positive,363.6411,1.0,7.0
cell_19_19,2026-03,3,3,1.0,True,True,4,4,1.0,0,3,0.0,True,ndwi_mean,negative,5.6762,1.0,7.0
cell_20_00,2026-03,1,3,0.3333,False,True,1,4,0.25,0,3,0.0,False,ndwi_mean,negative,4.0566,1.0,6.0
cell_20_01,2026-03,2,3,0.6667,False,True,2,4,0.5,0,3,0.0,True,ndbi_mean,positive,29.0165,1.0,6.0
cell_20_02,2026-03,1,3,0.3333,True,True,2,4,0.5,0,3,0.0,True,viirs_avg_rad_mean,positive,10.0632,1.0,6.0
cell_20_03,2026-03,0,3,0.0,True,True,1,4,0.25,0,3,0.0,False,viirs_avg_rad_mean,positive,4.7572,1.0,6.0
cell_20_04,2026-03,3,3,1.0,False,True,3,4,0.75,0,3,0.0,True,ndbi_mean,positive,22.4537,1.0,6.0
cell_20_05,2026-03,2,3,0.6667,False,True,2,4,0.5,0,3,0.0,True,ndbi_mean,positive,4.4313,1.0,6.0
cell_20_06,2026-03,3,3,1.0,True,True,4,4,1.0,0,3,0.0,True,ndwi_mean,positive,17.7147,1.0,6.0
cell_20_07,2026-03,0,3,0.0,False,True,0,4,0.0,0,3,0.0,False,viirs_avg_rad_mean,positive,1.7971,0.9984,6.0
cell_20_08,2026-03,3,3,1.0,False,True,3,4,0.75,0,3,0.0,True,ndwi_mean,negative,7.5822,1.0,6.0
cell_20_09,2026-03,1,3,0.3333,False,True,1,4,0.25,0,3,0.0,False,ndwi_mean,negative,17.673,1.0,6.0
cell_20_10,2026-03,1,3,0.3333,True,True,2,4,0.5,0,3,0.0,True,viirs_avg_rad_mean,positive,26.405,1.0,6.0
cell_20_11,2026-03,1,3,0.3333,False,True,1,4,0.25,0,3,0.0,False,ndbi_mean,positive,5.9258,1.0,6.0
cell_20_12,2026-03,2,3,0.6667,True,True,3,4,0.75,0,3,0.0,True,ndbi_mean,positive,61.9375,1.0,6.08
cell_20_13,2026-03,1,3,0.3333,False,True,1,4,0.25,0,3,0.0,False,ndbi_mean,positive,17.4448,1.0,7.0
cell_20_14,2026-03,1,3,0.3333,True,True,2,4,0.5,0,3,0.0,True,ndbi_mean,positive,25.9031,1.0,7.0
cell_20_15,2026-03,1,3,0.3333,False,True,1,4,0.25,0,3,0.0,False,ndbi_mean,positive,4.7615,1.0,7.0
cell_20_16,2026-03,2,3,0.6667,False,True,2,4,0.5,0,3,0.0,True,ndwi_mean,negative,8.4824,1.0,7.0
cell_20_17,2026-03,0,3,0.0,False,True,0,4,0.0,0,3,0.0,False,ndbi_mean,positive,2.8017,1.0,7.0
cell_20_18,2026-03,2,3,0.6667,False,True,2,4,0.5,0,3,0.0,True,ndwi_mean,negative,17.8169,1.0,7.0
cell_20_19,2026-03,3,3,1.0,False,True,3,4,0.75,0,3,0.0,True,ndvi_mean,negative,45.0215,1.0,7.0
cell_21_00,2026-03,0,3,0.0,False,True,0,4,0.0,0,3,0.0,False,ndbi_mean,positive,2.0358,1.0,6.0
cell_21_01,2026-03,0,3,0.0,False,True,0,4,0.0,0,3,0.0,False,ndwi_mean,negative,1.8382,1.0,6.0
cell_21_02,2026-03,1,3,0.3333,False,True,1,4,0.25,0,3,0.0,False,ndbi_mean,positive,16.1451,1.0,6.0
cell_21_03,2026-03,3,3,1.0,False,True,3,4,0.75,0,3,0.0,True,ndbi_mean,positive,14.208,1.0,6.0
cell_21_04,2026-03,2,3,0.6667,False,True,2,4,0.5,0,3,0.0,True,ndvi_mean,negative,10.3448,1.0,6.0
cell_21_05,2026-03,0,3,0.0,False,True,0,4,0.0,0,3,0.0,False,viirs_avg_rad_mean,positive,0.5227,1.0,6.0
cell_21_06,2026-03,1,3,0.3333,True,True,2,4,0.5,0,3,0.0,True,ndvi_mean,negative,67.3771,1.0,6.0
cell_21_07,2026-03,0,3,0.0,False,True,0,4,0.0,0,3,0.0,False,ndwi_mean,negative,2.7456,1.0,6.0
cell_21_08,2026-03,0,3,0.0,False,True,0,4,0.0,0,3,0.0,False,viirs_avg_rad_mean,negative,1.4487,1.0,6.0
cell_21_09,2026-03,0,3,0.0,False,True,0,4,0.0,0,3,0.0,False,ndvi_mean,positive,2.0286,1.0,6.0
cell_21_10,2026-03,0,3,0.0,True,True,1,4,0.25,0,3,0.0,False,viirs_avg_rad_mean,positive,229.1651,1.0,6.0
cell_21_11,2026-03,2,3,0.6667,False,True,2,4,0.5,0,3,0.0,True,ndbi_mean,positive,3.1401,1.0,6.0
cell_21_12,2026-03,3,3,1.0,False,True,3,4,0.75,0,3,0.0,True,ndwi_mean,positive,8.8949,1.0,6.04
cell_21_13,2026-03,2,3,0.6667,True,True,3,4,0.75,0,3,0.0,True,ndvi_mean,negative,99.0714,1.0,6.67
cell_21_14,2026-03,2,3,0.6667,True,True,3,4,0.75,0,3,0.0,True,viirs_avg_rad_mean,positive,84.8761,1.0,7.0
cell_21_15,2026-03,1,3,0.3333,False,True,1,4,0.25,0,3,0.0,False,ndbi_mean,positive,39.6642,1.0,7.0
cell_21_16,2026-03,2,3,0.6667,False,True,2,4,0.5,0,3,0.0,True,ndwi_mean,negative,6.1653,1.0,7.0
cell_21_17,2026-03,1,3,0.3333,False,True,1,4,0.25,0,3,0.0,False,ndbi_mean,positive,3.2229,1.0,7.0
cell_21_18,2026-03,2,3,0.6667,False,True,2,4,0.5,0,3,0.0,True,ndvi_mean,negative,13.6115,1.0,7.0
cell_21_19,2026-03,1,3,0.3333,False,True,1,4,0.25,0,3,0.0,False,ndvi_mean,negative,9.7715,1.0,7.0
cell_22_00,2026-03,2,3,0.6667,False,True,2,4,0.5,0,3,0.0,True,ndwi_mean,negative,20.3345,1.0,6.0
cell_22_01,2026-03,2,3,0.6667,False,True,2,4,0.5,0,3,0.0,True,ndvi_mean,positive,8.6695,1.0,6.0
cell_22_02,2026-03,2,3,0.6667,True,True,3,4,0.75,0,3,0.0,True,viirs_avg_rad_mean,positive,67.4673,1.0,6.0
cell_22_03,2026-03,2,3,0.6667,False,True,2,4,0.5,0,3,0.0,True,ndwi_mean,positive,10.7267,1.0,6.0
cell_22_04,2026-03,0,3,0.0,False,True,0,4,0.0,0,3,0.0,False,viirs_avg_rad_mean,positive,1.2234,1.0,6.0
cell_22_05,2026-03,1,3,0.3333,False,True,1,4,0.25,0,3,0.0,False,ndbi_mean,negative,8.2833,1.0,6.0
cell_22_06,2026-03,0,3,0.0,True,True,1,4,0.25,0,3,0.0,False,viirs_avg_rad_mean,positive,7.0936,1.0,6.0
cell_22_07,2026-03,0,3,0.0,False,True,0,4,0.0,0,3,0.0,False,ndvi_mean,positive,0.738,1.0,6.0
cell_22_08,2026-03,2,3,0.6667,False,True,2,4,0.5,0,3,0.0,True,ndwi_mean,negative,70.9443,1.0,6.0
cell_22_09,2026-03,0,3,0.0,False,True,0,4,0.0,0,3,0.0,False,ndbi_mean,positive,2.3489,1.0,6.0
cell_22_10,2026-03,1,3,0.3333,True,True,2,4,0.5,0,3,0.0,True,viirs_avg_rad_mean,positive,5.2629,1.0,6.0
cell_22_11,2026-03,1,3,0.3333,False,True,1,4,0.25,0,3,0.0,False,ndbi_mean,positive,3.1077,1.0,6.0
cell_22_12,2026-03,3,3,1.0,True,True,4,4,1.0,0,3,0.0,True,ndbi_mean,positive,4.9954,1.0,6.0
cell_22_13,2026-03,1,3,0.3333,True,True,2,4,0.5,0,3,0.0,True,viirs_avg_rad_mean,positive,7.6745,1.0,6.09
cell_22_14,2026-03,1,3,0.3333,True,True,2,4,0.5,0,3,0.0,True,ndvi_mean,positive,10.2898,1.0,7.0
cell_22_15,2026-03,1,3,0.3333,False,True,1,4,0.25,0,3,0.0,False,ndbi_mean,positive,24.6135,1.0,7.0
cell_22_16,2026-03,1,3,0.3333,False,True,1,4,0.25,0,3,0.0,False,ndwi_mean,positive,5.8223,1.0,7.0
cell_22_17,2026-03,3,3,1.0,False,True,3,4,0.75,0,3,0.0,True,ndbi_mean,positive,18.3052,1.0,7.0
cell_22_18,2026-03,2,3,0.6667,False,True,2,4,0.5,0,3,0.0,True,ndbi_mean,positive,20.0091,1.0,7.0
cell_22_19,2026-03,1,3,0.3333,False,True,1,4,0.25,0,3,0.0,False,ndvi_mean,negative,4.2456,1.0,7.0
cell_00_00,2026-04,2,3,0.6667,False,True,2,4,0.5,1,3,0.3333,True,ndvi_mean,negative,3.4446,1.0,13.0
cell_00_01,2026-04,2,3,0.6667,False,True,2,4,0.5,1,3,0.3333,True,ndwi_mean,positive,11.9522,1.0,13.0
cell_00_02,2026-04,1,3,0.3333,True,True,2,4,0.5,1,3,0.3333,True,viirs_avg_rad_mean,negative,8.4257,1.0,13.0
cell_00_03,2026-04,0,3,0.0,True,True,1,4,0.25,1,3,0.3333,False,viirs_avg_rad_mean,negative,11.5394,1.0,12.65
cell_00_04,2026-04,0,3,0.0,False,True,0,4,0.0,1,3,0.3333,False,ndbi_mean,positive,1.4861,1.0,12.62
cell_00_05,2026-04,1,3,0.3333,True,True,2,4,0.5,1,3,0.3333,True,ndwi_mean,positive,16.3474,1.0,12.69
cell_00_06,2026-04,1,3,0.3333,False,True,1,4,0.25,1,3,0.3333,False,ndvi_mean,positive,8.4014,1.0,14.0
cell_00_07,2026-04,1,3,0.3333,False,True,1,4,0.25,1,3,0.3333,False,ndwi_mean,negative,5.2514,1.0,14.0
cell_00_08,2026-04,2,3,0.6667,False,True,2,4,0.5,1,3,0.3333,True,ndwi_mean,negative,24.9808,1.0,14.0
cell_00_09,2026-04,0,3,0.0,False,True,0,4,0.0,1,3,0.3333,False,viirs_avg_rad_mean,negative,2.3969,1.0,14.0
cell_00_10,2026-04,2,3,0.6667,False,True,2,4,0.5,1,3,0.3333,True,ndwi_mean,negative,13.652,1.0,14.0
cell_00_11,2026-04,0,3,0.0,False,True,0,4,0.0,1,3,0.3333,False,ndvi_mean,positive,1.9506,1.0,14.0
cell_00_12,2026-04,0,3,0.0,True,True,1,4,0.25,1,3,0.3333,False,viirs_avg_rad_mean,positive,8.932,1.0,14.0
cell_00_13,2026-04,2,3,0.6667,True,True,3,4,0.75,1,3,0.3333,True,ndbi_mean,positive,54.5269,1.0,13.81
cell_00_14,2026-04,1,3,0.3333,True,True,2,4,0.5,1,3,0.3333,True,viirs_avg_rad_mean,positive,21.2033,1.0,13.62
cell_00_15,2026-04,1,3,0.3333,False,True,1,4,0.25,1,3,0.3333,False,ndvi_mean,negative,5.1551,1.0,13.86
cell_00_16,2026-04,1,3,0.3333,False,True,1,4,0.25,1,3,0.3333,False,ndvi_mean,negative,10.5988,1.0,14.0
cell_00_17,2026-04,1,3,0.3333,True,True,2,4,0.5,1,3,0.3333,True,viirs_avg_rad_mean,positive,4.7217,1.0,14.0
cell_00_18,2026-04,1,3,0.3333,True,True,2,4,0.5,1,3,0.3333,True,viirs_avg_rad_mean,positive,20.3639,1.0,14.0
cell_00_19,2026-04,0,3,0.0,False,True,0,4,0.0,1,3,0.3333,False,viirs_avg_rad_mean,positive,1.7714,1.0,13.38
cell_01_00,2026-04,0,3,0.0,True,True,1,4,0.25,1,3,0.3333,False,viirs_avg_rad_mean,positive,3.7958,1.0,13.0
cell_01_01,2026-04,1,3,0.3333,True,True,2,4,0.5,1,3,0.3333,True,ndvi_mean,positive,13.7623,1.0,13.0
cell_01_02,2026-04,1,3,0.3333,True,True,2,4,0.5,1,3,0.3333,True,viirs_avg_rad_mean,negative,146.6947,1.0,13.0
cell_01_03,2026-04,2,3,0.6667,True,True,3,4,0.75,1,3,0.3333,True,viirs_avg_rad_mean,negative,10.8576,1.0,12.08
cell_01_04,2026-04,0,3,0.0,False,True,0,4,0.0,1,3,0.3333,False,viirs_avg_rad_mean,negative,2.3178,1.0,12.0
cell_01_05,2026-04,0,3,0.0,False,True,0,4,0.0,1,3,0.3333,False,ndwi_mean,negative,2.7785,1.0,12.12
cell_01_06,2026-04,0,3,0.0,False,True,0,4,0.0,1,3,0.3333,False,ndbi_mean,positive,1.7617,1.0,13.56
cell_01_07,2026-04,1,3,0.3333,True,True,2,4,0.5,1,3,0.3333,True,ndwi_mean,negative,3.864,1.0,14.0
cell_01_08,2026-04,1,3,0.3333,False,True,1,4,0.25,1,3,0.3333,False,ndvi_mean,positive,15.1238,1.0,14.0
cell_01_09,2026-04,2,3,0.6667,False,True,2,4,0.5,1,3,0.3333,True,ndvi_mean,positive,8.0574,1.0,14.0
cell_01_10,2026-04,2,3,0.6667,False,True,2,4,0.5,1,3,0.3333,True,ndvi_mean,positive,7.8595,1.0,14.0
cell_01_11,2026-04,2,3,0.6667,True,True,3,4,0.75,1,3,0.3333,True,ndwi_mean,negative,69.8266,1.0,14.0
cell_01_12,2026-04,1,3,0.3333,True,True,2,4,0.5,1,3,0.3333,True,viirs_avg_rad_mean,negative,18.7085,1.0,13.72
cell_01_13,2026-04,0,3,0.0,True,True,1,4,0.25,1,3,0.3333,False,viirs_avg_rad_mean,positive,22.0072,1.0,13.38
cell_01_14,2026-04,1,3,0.3333,False,True,1,4,0.25,1,3,0.3333,False,ndbi_mean,positive,34.1772,1.0,13.72
cell_01_15,2026-04,1,3,0.3333,False,True,1,4,0.25,1,3,0.3333,False,ndvi_mean,negative,3.0456,1.0,14.0
cell_01_16,2026-04,1,3,0.3333,True,True,2,4,0.5,1,3,0.3333,True,viirs_avg_rad_mean,positive,36.052,1.0,14.0
cell_01_17,2026-04,2,3,0.6667,False,True,2,4,0.5,1,3,0.3333,True,ndwi_mean,positive,5.4627,1.0,14.0
cell_01_18,2026-04,1,3,0.3333,False,True,1,4,0.25,1,3,0.3333,False,ndwi_mean,negative,11.7453,1.0,14.0
cell_01_19,2026-04,2,3,0.6667,True,True,3,4,0.75,1,3,0.3333,True,viirs_avg_rad_mean,positive,31.756,1.0,13.79
cell_02_00,2026-04,1,3,0.3333,False,True,1,4,0.25,1,3,0.3333,False,ndbi_mean,positive,89.7233,1.0,13.0
cell_02_01,2026-04,2,3,0.6667,True,True,3,4,0.75,1,3,0.3333,True,ndbi_mean,positive,10.1397,1.0,13.0
cell_02_02,2026-04,0,3,0.0,True,True,1,4,0.25,1,3,0.3333,False,viirs_avg_rad_mean,negative,3.084,1.0,13.0
cell_02_03,2026-04,0,3,0.0,True,True,1,4,0.25,1,3,0.3333,False,viirs_avg_rad_mean,negative,14.8879,1.0,12.1
cell_02_04,2026-04,1,3,0.3333,False,True,1,4,0.25,1,3,0.3333,False,ndbi_mean,positive,5.1444,1.0,12.0
cell_02_05,2026-04,0,3,0.0,False,True,0,4,0.0,1,3,0.3333,False,ndwi_mean,negative,1.4982,1.0,12.06
cell_02_06,2026-04,0,3,0.0,False,True,0,4,0.0,1,3,0.3333,False,ndwi_mean,positive,2.7819,1.0,13.06
cell_02_07,2026-04,0,3,0.0,True,True,1,4,0.25,1,3,0.3333,False,viirs_avg_rad_mean,negative,15.0132,1.0,13.46
cell_02_08,2026-04,0,3,0.0,False,True,0,4,0.0,1,3,0.3333,False,viirs_avg_rad_mean,negative,1.3024,1.0,13.45
cell_02_09,2026-04,0,3,0.0,False,True,0,4,0.0,1,3,0.3333,False,ndvi_mean,positive,2.3747,1.0,13.55
cell_02_10,2026-04,1,3,0.3333,True,True,2,4,0.5,1,3,0.3333,True,viirs_avg_rad_mean,negative,6.4909,1.0,14.0
cell_02_11,2026-04,3,3,1.0,False,True,3,4,0.75,1,3,0.3333,True,ndwi_mean,negative,11.1501,1.0,14.0
cell_02_12,2026-04,0,3,0.0,True,True,1,4,0.25,1,3,0.3333,False,viirs_avg_rad_mean,positive,17.6388,1.0,13.84
cell_02_13,2026-04,0,3,0.0,False,True,0,4,0.0,1,3,0.3333,False,ndbi_mean,positive,2.0011,1.0,13.32
cell_02_14,2026-04,2,3,0.6667,False,True,2,4,0.5,1,3,0.3333,True,ndwi_mean,negative,3.7185,1.0,13.18
cell_02_15,2026-04,2,3,0.6667,False,True,2,4,0.5,1,3,0.3333,True,ndwi_mean,negative,117.3663,1.0,13.69
cell_02_16,2026-04,1,3,0.3333,False,True,1,4,0.25,1,3,0.3333,False,ndvi_mean,positive,10.4275,1.0,13.53
cell_02_17,2026-04,2,3,0.6667,False,True,2,4,0.5,1,3,0.3333,True,ndvi_mean,negative,6.921,1.0,13.76
cell_02_18,2026-04,1,3,0.3333,True,True,2,4,0.5,1,3,0.3333,True,ndvi_mean,positive,7.8306,1.0,14.0
cell_02_19,2026-04,1,3,0.3333,False,True,1,4,0.25,1,3,0.3333,False,ndvi_mean,negative,8.9892,0.9984,13.38
cell_03_00,2026-04,2,3,0.6667,True,True,3,4,0.75,1,3,0.3333,True,ndvi_mean,positive,71.9488,1.0,13.0
cell_03_01,2026-04,0,3,0.0,False,True,0,4,0.0,1,3,0.3333,False,ndvi_mean,positive,2.5542,0.9984,13.0
cell_03_02,2026-04,0,3,0.0,False,True,0,4,0.0,1,3,0.3333,False,viirs_avg_rad_mean,negative,2.9361,1.0,13.0
cell_03_03,2026-04,2,3,0.6667,True,True,3,4,0.75,1,3,0.3333,True,ndvi_mean,negative,7.6412,1.0,12.12
cell_03_04,2026-04,1,3,0.3333,False,True,1,4,0.25,1,3,0.3333,False,ndwi_mean,positive,12.5144,1.0,12.0
cell_03_05,2026-04,1,3,0.3333,False,True,1,4,0.25,1,3,0.3333,False,ndwi_mean,negative,3.4124,1.0,12.04
cell_03_06,2026-04,1,3,0.3333,False,True,1,4,0.25,1,3,0.3333,False,ndwi_mean,negative,7.4388,1.0,13.0
cell_03_07,2026-04,0,3,0.0,False,True,0,4,0.0,1,3,0.3333,False,ndbi_mean,positive,1.1554,1.0,13.0
cell_03_08,2026-04,1,3,0.3333,False,True,1,4,0.25,1,3,0.3333,False,ndbi_mean,positive,4.1035,1.0,13.0
cell_03_09,2026-04,0,3,0.0,False,True,0,4,0.0,1,3,0.3333,False,ndvi_mean,positive,2.6814,1.0,13.25
cell_03_10,2026-04,1,3,0.3333,True,True,2,4,0.5,1,3,0.3333,True,viirs_avg_rad_mean,negative,7.2745,1.0,14.0
cell_03_11,2026-04,0,3,0.0,False,True,0,4,0.0,1,3,0.3333,False,ndbi_mean,positive,0.9043,1.0,14.0
cell_03_12,2026-04,0,3,0.0,True,True,1,4,0.25,1,3,0.3333,False,viirs_avg_rad_mean,positive,4.3431,1.0,14.0
cell_03_13,2026-04,2,3,0.6667,False,True,2,4,0.5,1,3,0.3333,True,ndvi_mean,positive,11.7422,1.0,13.24
cell_03_14,2026-04,0,3,0.0,False,True,0,4,0.0,1,3,0.3333,False,ndwi_mean,negative,1.7169,1.0,12.25
cell_03_15,2026-04,1,3,0.3333,False,True,1,4,0.25,1,3,0.3333,False,ndwi_mean,negative,3.008,1.0,12.81
cell_03_16,2026-04,1,3,0.3333,False,True,1,4,0.25,1,3,0.3333,False,ndvi_mean,positive,5.1668,1.0,13.09
cell_03_17,2026-04,0,3,0.0,False,True,0,4,0.0,1,3,0.3333,False,ndbi_mean,positive,2.594,1.0,13.68
cell_03_18,2026-04,3,3,1.0,True,True,4,4,1.0,1,3,0.3333,True,viirs_avg_rad_mean,positive,18.8445,1.0,13.44
cell_03_19,2026-04,0,3,0.0,False,True,0,4,0.0,1,3,0.3333,False,ndbi_mean,positive,1.1162,1.0,13.05
cell_04_00,2026-04,0,3,0.0,False,True,0,4,0.0,1,3,0.3333,False,ndvi_mean,positive,1.2717,1.0,13.0
cell_04_01,2026-04,0,3,0.0,False,True,0,4,0.0,1,3,0.3333,False,viirs_avg_rad_mean,negative,0.8367,1.0,13.0
cell_04_02,2026-04,2,3,0.6667,True,True,3,4,0.75,1,3,0.3333,True,ndbi_mean,positive,12.2943,1.0,12.6
cell_04_03,2026-04,1,3,0.3333,False,True,1,4,0.25,1,3,0.3333,False,ndbi_mean,positive,3.9681,1.0,12.06
cell_04_04,2026-04,1,3,0.3333,False,True,1,4,0.25,1,3,0.3333,False,ndwi_mean,negative,4.4641,1.0,12.0
cell_04_05,2026-04,0,3,0.0,False,True,0,4,0.0,1,3,0.3333,False,ndbi_mean,positive,1.9755,1.0,12.01
cell_04_06,2026-04,1,3,0.3333,True,True,2,4,0.5,1,3,0.3333,True,viirs_avg_rad_mean,positive,10.4751,1.0,12.38
cell_04_07,2026-04,1,3,0.3333,True,True,2,4,0.5,1,3,0.3333,True,viirs_avg_rad_mean,positive,6.9969,1.0,12.37
cell_04_08,2026-04,0,3,0.0,False,True,0,4,0.0,1,3,0.3333,False,viirs_avg_rad_mean,negative,1.3398,1.0,12.37
cell_04_09,2026-04,0,3,0.0,False,True,0,4,0.0,1,3,0.3333,False,viirs_avg_rad_mean,negative,1.219,1.0,12.44
cell_04_10,2026-04,0,3,0.0,False,True,0,4,0.0,1,3,0.3333,False,viirs_avg_rad_mean,positive,1.9028,1.0,12.85
cell_04_11,2026-04,0,3,0.0,False,True,0,4,0.0,1,3,0.3333,False,viirs_avg_rad_mean,positive,2.1999,1.0,13.29
cell_04_12,2026-04,2,3,0.6667,True,True,3,4,0.75,1,3,0.3333,True,ndwi_mean,negative,11.0616,1.0,13.25
cell_04_13,2026-04,0,3,0.0,False,True,0,4,0.0,1,3,0.3333,False,ndwi_mean,negative,2.488,1.0,12.7
cell_04_14,2026-04,2,3,0.6667,False,True,2,4,0.5,1,3,0.3333,True,ndbi_mean,positive,8.6517,1.0,12.0
cell_04_15,2026-04,1,3,0.3333,False,True,1,4,0.25,1,3,0.3333,False,ndbi_mean,positive,3.6752,1.0,12.56
cell_04_16,2026-04,1,3,0.3333,False,True,1,4,0.25,1,3,0.3333,False,ndwi_mean,negative,3.4162,1.0,13.0
cell_04_17,2026-04,0,3,0.0,False,True,0,4,0.0,1,3,0.3333,False,ndvi_mean,negative,1.3015,1.0,13.63
cell_04_18,2026-04,0,3,0.0,True,True,1,4,0.25,1,3,0.3333,False,viirs_avg_rad_mean,positive,3.6096,1.0,13.91
cell_04_19,2026-04,2,3,0.6667,False,True,2,4,0.5,1,3,0.3333,True,ndwi_mean,negative,14.097,1.0,13.88
cell_05_00,2026-04,0,3,0.0,False,True,0,4,0.0,1,3,0.3333,False,viirs_avg_rad_mean,positive,1.7842,1.0,12.5
cell_05_01,2026-04,0,3,0.0,False,True,0,4,0.0,1,3,0.3333,False,ndwi_mean,positive,1.8963,1.0,12.46
cell_05_02,2026-04,0,3,0.0,False,True,0,4,0.0,1,3,0.3333,False,ndvi_mean,positive,2.8131,1.0,12.09
cell_05_03,2026-04,2,3,0.6667,True,True,3,4,0.75,1,3,0.3333,True,viirs_avg_rad_mean,negative,10.318,0.9984,12.0
cell_05_04,2026-04,0,3,0.0,False,True,0,4,0.0,1,3,0.3333,False,ndwi_mean,negative,2.6044,1.0,12.0
cell_05_05,2026-04,1,3,0.3333,True,True,2,4,0.5,1,3,0.3333,True,viirs_avg_rad_mean,positive,4.1862,1.0,12.0
cell_05_06,2026-04,1,3,0.3333,True,True,2,4,0.5,1,3,0.3333,True,viirs_avg_rad_mean,positive,17.9519,1.0,12.03
cell_05_07,2026-04,1,3,0.3333,True,True,2,4,0.5,1,3,0.3333,True,ndwi_mean,negative,12.8232,1.0,12.64
cell_05_08,2026-04,0,3,0.0,False,True,0,4,0.0,1,3,0.3333,False,ndvi_mean,negative,2.207,1.0,12.67
cell_05_09,2026-04,0,3,0.0,True,True,1,4,0.25,1,3,0.3333,False,viirs_avg_rad_mean,positive,5.6014,1.0,12.7
cell_05_10,2026-04,0,3,0.0,False,True,0,4,0.0,1,3,0.3333,False,viirs_avg_rad_mean,positive,0.9952,1.0,12.82
cell_05_11,2026-04,2,3,0.6667,False,True,2,4,0.5,1,3,0.3333,True,ndvi_mean,positive,68.3457,1.0,13.0
cell_05_12,2026-04,0,3,0.0,True,True,1,4,0.25,1,3,0.3333,False,viirs_avg_rad_mean,positive,6.7665,1.0,13.0
cell_05_13,2026-04,2,3,0.6667,True,True,3,4,0.75,1,3,0.3333,True,viirs_avg_rad_mean,positive,4.5674,1.0,12.89
cell_05_14,2026-04,2,3,0.6667,True,True,3,4,0.75,1,3,0.3333,True,ndvi_mean,negative,12.5419,1.0,12.78
cell_05_15,2026-04,2,3,0.6667,False,True,2,4,0.5,1,3,0.3333,True,ndvi_mean,negative,5.2927,1.0,13.32
cell_05_16,2026-04,2,3,0.6667,False,True,2,4,0.5,1,3,0.3333,True,ndvi_mean,positive,12.171,1.0,13.88
cell_05_17,2026-04,0,3,0.0,False,True,0,4,0.0,1,3,0.3333,False,ndbi_mean,positive,2.8419,1.0,13.96
cell_05_18,2026-04,2,3,0.6667,False,True,2,4,0.5,1,3,0.3333,True,ndwi_mean,negative,38.6908,1.0,13.4
cell_05_19,2026-04,2,3,0.6667,False,True,2,4,0.5,1,3,0.3333,True,ndwi_mean,negative,4.6995,1.0,13.12
cell_06_00,2026-04,0,3,0.0,False,True,0,4,0.0,1,3,0.3333,False,ndbi_mean,positive,2.7691,1.0,12.0
cell_06_01,2026-04,2,3,0.6667,False,True,2,4,0.5,1,3,0.3333,True,ndwi_mean,negative,5.4867,1.0,12.0
cell_06_02,2026-04,1,3,0.3333,True,True,2,4,0.5,1,3,0.3333,True,ndvi_mean,positive,48.1469,1.0,12.0
cell_06_03,2026-04,1,3,0.3333,False,True,1,4,0.25,1,3,0.3333,False,ndwi_mean,negative,3.1222,1.0,12.0
cell_06_04,2026-04,0,3,0.0,False,True,0,4,0.0,1,3,0.3333,False,ndwi_mean,negative,2.371,1.0,12.0
cell_06_05,2026-04,1,3,0.3333,True,True,2,4,0.5,1,3,0.3333,True,ndwi_mean,negative,5.1602,1.0,12.0
cell_06_06,2026-04,1,3,0.3333,True,True,2,4,0.5,1,3,0.3333,True,viirs_avg_rad_mean,positive,15.8902,1.0,12.67
cell_06_07,2026-04,1,3,0.3333,False,True,1,4,0.25,1,3,0.3333,False,ndwi_mean,negative,9.1013,1.0,13.0
cell_06_08,2026-04,2,3,0.6667,False,True,2,4,0.5,1,3,0.3333,True,ndvi_mean,positive,21.2123,1.0,13.0
cell_06_09,2026-04,2,3,0.6667,False,True,2,4,0.5,1,3,0.3333,True,ndwi_mean,negative,15.4417,1.0,13.0
cell_06_10,2026-04,0,3,0.0,False,True,0,4,0.0,1,3,0.3333,False,ndwi_mean,negative,1.5553,1.0,13.0
cell_06_11,2026-04,0,3,0.0,True,True,1,4,0.25,1,3,0.3333,False,viirs_avg_rad_mean,positive,15.7804,1.0,13.0
cell_06_12,2026-04,1,3,0.3333,True,True,2,4,0.5,1,3,0.3333,True,ndbi_mean,positive,122.4039,1.0,13.0
cell_06_13,2026-04,0,3,0.0,True,True,1,4,0.25,1,3,0.3333,False,viirs_avg_rad_mean,positive,3.0479,1.0,13.0
cell_06_14,2026-04,0,3,0.0,True,True,1,4,0.25,1,3,0.3333,False,viirs_avg_rad_mean,positive,356.5547,1.0,13.0
cell_06_15,2026-04,2,3,0.6667,True,True,3,4,0.75,1,3,0.3333,True,ndvi_mean,positive,17.9496,1.0,13.06
cell_06_16,2026-04,1,3,0.3333,False,True,1,4,0.25,1,3,0.3333,False,ndwi_mean,negative,10.6139,1.0,13.61
cell_06_17,2026-04,2,3,0.6667,False,True,2,4,0.5,1,3,0.3333,True,ndvi_mean,positive,12.7346,1.0,14.0
cell_06_18,2026-04,2,3,0.6667,False,True,2,4,0.5,1,3,0.3333,True,ndwi_mean,negative,34.864,1.0,13.34
cell_06_19,2026-04,1,3,0.3333,False,True,1,4,0.25,1,3,0.3333,False,ndvi_mean,positive,3.7058,1.0,13.0
cell_07_00,2026-04,2,3,0.6667,False,True,2,4,0.5,1,3,0.3333,True,ndvi_mean,positive,57.5708,1.0,12.0
cell_07_01,2026-04,1,3,0.3333,False,True,1,4,0.25,1,3,0.3333,False,ndvi_mean,positive,3.7611,1.0,12.0
cell_07_02,2026-04,1,3,0.3333,False,True,1,4,0.25,1,3,0.3333,False,ndvi_mean,positive,3.8105,1.0,12.0
cell_07_03,2026-04,2,3,0.6667,False,True,2,4,0.5,1,3,0.3333,True,ndvi_mean,positive,15.7711,1.0,12.0
cell_07_04,2026-04,2,3,0.6667,False,True,2,4,0.5,1,3,0.3333,True,ndwi_mean,negative,9.4939,1.0,12.0
cell_07_05,2026-04,1,3,0.3333,False,True,1,4,0.25,1,3,0.3333,False,ndwi_mean,negative,9.9931,1.0,12.0
cell_07_06,2026-04,2,3,0.6667,False,True,2,4,0.5,1,3,0.3333,True,ndwi_mean,negative,32.9861,1.0,12.25
cell_07_07,2026-04,1,3,0.3333,False,True,1,4,0.25,1,3,0.3333,False,ndvi_mean,positive,11.7774,1.0,13.0
cell_07_08,2026-04,3,3,1.0,False,True,3,4,0.75,1,3,0.3333,True,ndvi_mean,positive,6.4026,1.0,13.0
cell_07_09,2026-04,2,3,0.6667,False,True,2,4,0.5,1,3,0.3333,True,ndwi_mean,negative,17.8187,1.0,13.0
cell_07_10,2026-04,1,3,0.3333,False,True,1,4,0.25,1,3,0.3333,False,ndvi_mean,negative,4.1557,1.0,13.0
cell_07_11,2026-04,1,3,0.3333,False,True,1,4,0.25,1,3,0.3333,False,ndwi_mean,positive,10.2845,1.0,13.0
cell_07_12,2026-04,0,3,0.0,False,True,0,4,0.0,1,3,0.3333,False,ndvi_mean,positive,2.1118,1.0,13.0
cell_07_13,2026-04,0,3,0.0,True,True,1,4,0.25,1,3,0.3333,False,viirs_avg_rad_mean,positive,18.5807,1.0,13.0
cell_07_14,2026-04,3,3,1.0,True,True,4,4,1.0,1,3,0.3333,True,viirs_avg_rad_mean,positive,38.1374,1.0,13.0
cell_07_15,2026-04,0,3,0.0,True,True,1,4,0.25,1,3,0.3333,False,viirs_avg_rad_mean,positive,4.3553,1.0,13.0
cell_07_16,2026-04,1,3,0.3333,False,True,1,4,0.25,1,3,0.3333,False,ndvi_mean,positive,5.9568,1.0,13.55
cell_07_17,2026-04,2,3,0.6667,False,True,2,4,0.5,1,3,0.3333,True,ndbi_mean,negative,13.0961,1.0,14.0
cell_07_18,2026-04,2,3,0.6667,False,True,2,4,0.5,1,3,0.3333,True,ndwi_mean,negative,23.9351,1.0,12.71
cell_07_19,2026-04,0,3,0.0,True,True,1,4,0.25,1,3,0.3333,False,viirs_avg_rad_mean,positive,9.5479,1.0,12.0
cell_08_00,2026-04,0,3,0.0,False,True,0,4,0.0,1,3,0.3333,False,ndvi_mean,positive,2.4303,1.0,12.0
cell_08_01,2026-04,0,3,0.0,False,True,0,4,0.0,1,3,0.3333,False,ndvi_mean,positive,1.6682,1.0,12.0
cell_08_02,2026-04,0,3,0.0,False,True,0,4,0.0,1,3,0.3333,False,ndvi_mean,positive,1.8554,1.0,12.0
cell_08_03,2026-04,0,3,0.0,False,True,0,4,0.0,1,3,0.3333,False,ndbi_mean,positive,1.2252,1.0,12.0
cell_08_04,2026-04,0,3,0.0,False,True,0,4,0.0,1,3,0.3333,False,viirs_avg_rad_mean,positive,1.7347,1.0,12.0
cell_08_05,2026-04,0,3,0.0,False,True,0,4,0.0,1,3,0.3333,False,ndbi_mean,positive,1.7387,1.0,12.67
cell_08_06,2026-04,0,3,0.0,False,True,0,4,0.0,1,3,0.3333,False,ndwi_mean,negative,1.8182,1.0,12.75
cell_08_07,2026-04,0,3,0.0,False,True,0,4,0.0,1,3,0.3333,False,ndwi_mean,negative,1.1598,1.0,13.0
cell_08_08,2026-04,2,3,0.6667,False,True,2,4,0.5,1,3,0.3333,True,ndwi_mean,negative,14.8232,1.0,13.0
cell_08_09,2026-04,2,3,0.6667,True,True,3,4,0.75,1,3,0.3333,True,ndvi_mean,positive,12.4139,1.0,13.0
cell_08_10,2026-04,3,3,1.0,False,True,3,4,0.75,1,3,0.3333,True,ndwi_mean,negative,182.2163,1.0,13.0
cell_08_11,2026-04,1,3,0.3333,True,True,2,4,0.5,1,3,0.3333,True,viirs_avg_rad_mean,negative,7.2931,1.0,13.0
cell_08_12,2026-04,0,3,0.0,False,True,0,4,0.0,1,3,0.3333,False,ndbi_mean,positive,2.8217,1.0,13.0
cell_08_13,2026-04,2,3,0.6667,True,True,3,4,0.75,1,3,0.3333,True,ndvi_mean,positive,14.8581,1.0,13.0
cell_08_14,2026-04,1,3,0.3333,True,True,2,4,0.5,1,3,0.3333,True,ndvi_mean,negative,33.6162,1.0,13.0
cell_08_15,2026-04,1,3,0.3333,False,True,1,4,0.25,1,3,0.3333,False,ndvi_mean,positive,37.2079,1.0,13.0
cell_08_16,2026-04,0,3,0.0,True,True,1,4,0.25,1,3,0.3333,False,viirs_avg_rad_mean,positive,16.7922,1.0,13.51
cell_08_17,2026-04,1,3,0.3333,True,True,2,4,0.5,1,3,0.3333,True,viirs_avg_rad_mean,positive,45.763,1.0,14.0
cell_08_18,2026-04,0,3,0.0,True,True,1,4,0.25,1,3,0.3333,False,viirs_avg_rad_mean,positive,11.1006,1.0,13.38
cell_08_19,2026-04,0,3,0.0,True,True,1,4,0.25,1,3,0.3333,False,viirs_avg_rad_mean,positive,7.5533,1.0,12.32
cell_09_00,2026-04,1,3,0.3333,False,True,1,4,0.25,1,3,0.3333,False,ndvi_mean,positive,4.3704,1.0,12.0
cell_09_01,2026-04,0,3,0.0,True,True,1,4,0.25,1,3,0.3333,False,viirs_avg_rad_mean,positive,3.0596,1.0,12.0
cell_09_02,2026-04,1,3,0.3333,True,True,2,4,0.5,1,3,0.3333,True,viirs_avg_rad_mean,positive,7.9718,1.0,12.0
cell_09_03,2026-04,1,3,0.3333,False,True,1,4,0.25,1,3,0.3333,False,ndwi_mean,negative,3.7577,1.0,12.0
cell_09_04,2026-04,1,3,0.3333,True,True,2,4,0.5,1,3,0.3333,True,viirs_avg_rad_mean,positive,20.6653,1.0,12.0
cell_09_05,2026-04,1,3,0.3333,False,True,1,4,0.25,1,3,0.3333,False,ndwi_mean,negative,41.0522,1.0,12.88
cell_09_06,2026-04,1,3,0.3333,False,True,1,4,0.25,1,3,0.3333,False,ndvi_mean,positive,3.8196,1.0,13.0
cell_09_07,2026-04,1,3,0.3333,False,True,1,4,0.25,1,3,0.3333,False,ndvi_mean,positive,73.2955,1.0,13.0
cell_09_08,2026-04,1,3,0.3333,True,True,2,4,0.5,1,3,0.3333,True,viirs_avg_rad_mean,positive,13.6861,1.0,13.0
cell_09_09,2026-04,1,3,0.3333,False,True,1,4,0.25,1,3,0.3333,False,ndvi_mean,positive,5.6924,1.0,13.0
cell_09_10,2026-04,0,3,0.0,False,True,0,4,0.0,1,3,0.3333,False,ndbi_mean,positive,1.7119,1.0,12.84
cell_09_11,2026-04,1,3,0.3333,False,True,1,4,0.25,1,3,0.3333,False,ndwi_mean,negative,7.7324,1.0,12.33
cell_09_12,2026-04,2,3,0.6667,False,True,2,4,0.5,1,3,0.3333,True,ndvi_mean,positive,11.1554,1.0,13.0
cell_09_13,2026-04,2,3,0.6667,False,True,2,4,0.5,1,3,0.3333,True,ndbi_mean,negative,4.4819,1.0,13.0
cell_09_14,2026-04,0,3,0.0,False,True,0,4,0.0,1,3,0.3333,False,ndwi_mean,positive,1.8805,1.0,13.0
cell_09_15,2026-04,1,3,0.3333,True,True,2,4,0.5,1,3,0.3333,True,ndwi_mean,negative,52.7926,1.0,13.0
cell_09_16,2026-04,0,3,0.0,False,True,0,4,0.0,1,3,0.3333,False,viirs_avg_rad_mean,positive,2.0803,1.0,13.0
cell_09_17,2026-04,0,3,0.0,False,True,0,4,0.0,1,3,0.3333,False,ndwi_mean,positive,2.8601,1.0,13.0
cell_09_18,2026-04,0,3,0.0,True,True,1,4,0.25,1,3,0.3333,False,viirs_avg_rad_mean,positive,3.2213,1.0,12.93
cell_09_19,2026-04,0,3,0.0,True,True,1,4,0.25,1,3,0.3333,False,viirs_avg_rad_mean,positive,65.8545,1.0,12.3
cell_10_00,2026-04,0,3,0.0,True,True,1,4,0.25,1,3,0.3333,False,viirs_avg_rad_mean,positive,3.6572,1.0,12.0
cell_10_01,2026-04,2,3,0.6667,False,True,2,4,0.5,1,3,0.3333,True,ndvi_mean,positive,4.374,1.0,12.49
cell_10_02,2026-04,2,3,0.6667,False,True,2,4,0.5,1,3,0.3333,True,ndvi_mean,positive,36.8842,1.0,12.75
cell_10_03,2026-04,3,3,1.0,False,True,3,4,0.75,1,3,0.3333,True,ndwi_mean,negative,7.1406,1.0,12.75
cell_10_04,2026-04,2,3,0.6667,False,True,2,4,0.5,1,3,0.3333,True,ndvi_mean,positive,29.6869,1.0,12.14
cell_10_05,2026-04,2,3,0.6667,True,True,3,4,0.75,1,3,0.3333,True,viirs_avg_rad_mean,positive,9.7554,1.0,12.86
cell_10_06,2026-04,2,3,0.6667,False,True,2,4,0.5,1,3,0.3333,True,ndbi_mean,positive,9.666,1.0,13.0
cell_10_07,2026-04,2,3,0.6667,False,True,2,4,0.5,1,3,0.3333,True,ndwi_mean,negative,31.7568,1.0,13.0
cell_10_08,2026-04,1,3,0.3333,True,True,2,4,0.5,1,3,0.3333,True,viirs_avg_rad_mean,positive,5.8229,1.0,13.0
cell_10_09,2026-04,1,3,0.3333,True,True,2,4,0.5,1,3,0.3333,True,ndwi_mean,negative,5.5234,1.0,13.0
cell_10_10,2026-04,1,3,0.3333,False,True,1,4,0.25,1,3,0.3333,False,ndwi_mean,positive,1.6175,1.0,12.98
cell_10_11,2026-04,1,3,0.3333,False,True,1,4,0.25,1,3,0.3333,False,ndwi_mean,negative,45.8368,1.0,12.91
cell_10_12,2026-04,3,3,1.0,True,True,4,4,1.0,1,3,0.3333,True,ndwi_mean,positive,37.6237,1.0,13.0
cell_10_13,2026-04,0,3,0.0,False,True,0,4,0.0,1,3,0.3333,False,ndwi_mean,positive,0.8042,1.0,13.0
cell_10_14,2026-04,1,3,0.3333,True,True,2,4,0.5,1,3,0.3333,True,viirs_avg_rad_mean,positive,5.6505,1.0,13.0
cell_10_15,2026-04,0,3,0.0,True,True,1,4,0.25,1,3,0.3333,False,viirs_avg_rad_mean,positive,9.4338,1.0,13.0
cell_10_16,2026-04,2,3,0.6667,True,True,3,4,0.75,1,3,0.3333,True,viirs_avg_rad_mean,positive,37.6429,1.0,13.0
cell_10_17,2026-04,1,3,0.3333,True,True,2,4,0.5,1,3,0.3333,True,ndwi_mean,negative,52.5884,1.0,12.52
cell_10_18,2026-04,0,3,0.0,True,True,1,4,0.25,1,3,0.3333,False,viirs_avg_rad_mean,positive,4.1039,1.0,12.05
cell_10_19,2026-04,0,3,0.0,True,True,1,4,0.25,1,3,0.3333,False,viirs_avg_rad_mean,positive,6.668,1.0,12.0
cell_11_00,2026-04,0,3,0.0,False,True,0,4,0.0,1,3,0.3333,False,viirs_avg_rad_mean,positive,2.0832,1.0,12.75
cell_11_01,2026-04,2,3,0.6667,False,True,2,4,0.5,1,3,0.3333,True,ndvi_mean,positive,4.7969,1.0,12.91
cell_11_02,2026-04,2,3,0.6667,False,True,2,4,0.5,1,3,0.3333,True,ndwi_mean,negative,4.4817,1.0,13.0
cell_11_03,2026-04,3,3,1.0,False,True,3,4,0.75,1,3,0.3333,True,ndwi_mean,negative,27.3242,1.0,13.0
cell_11_04,2026-04,3,3,1.0,False,True,3,4,0.75,1,3,0.3333,True,ndbi_mean,negative,8.7536,1.0,12.9
cell_11_05,2026-04,2,3,0.6667,True,True,3,4,0.75,1,3,0.3333,True,ndvi_mean,positive,87.3554,1.0,12.98
cell_11_06,2026-04,2,3,0.6667,False,True,2,4,0.5,1,3,0.3333,True,ndvi_mean,positive,6.454,1.0,13.0
cell_11_07,2026-04,0,3,0.0,False,True,0,4,0.0,1,3,0.3333,False,viirs_avg_rad_mean,positive,0.7347,1.0,13.0
cell_11_08,2026-04,0,3,0.0,False,True,0,4,0.0,1,3,0.3333,False,ndbi_mean,positive,1.7196,1.0,13.0
cell_11_09,2026-04,1,3,0.3333,False,True,1,4,0.25,1,3,0.3333,False,ndbi_mean,positive,9.5376,1.0,13.0
cell_11_10,2026-04,1,3,0.3333,False,True,1,4,0.25,1,3,0.3333,False,ndbi_mean,positive,3.3804,1.0,13.0
cell_11_11,2026-04,1,3,0.3333,False,True,1,4,0.25,1,3,0.3333,False,ndwi_mean,negative,5.9286,0.9984,13.0
cell_11_12,2026-04,1,3,0.3333,False,True,1,4,0.25,1,3,0.3333,False,ndvi_mean,negative,3.5292,1.0,12.75
cell_11_13,2026-04,0,3,0.0,False,True,0,4,0.0,1,3,0.3333,False,ndbi_mean,positive,2.0728,1.0,12.31
cell_11_14,2026-04,1,3,0.3333,False,True,1,4,0.25,1,3,0.3333,False,ndwi_mean,negative,3.1241,1.0,13.0
cell_11_15,2026-04,1,3,0.3333,False,True,1,4,0.25,1,3,0.3333,False,ndwi_mean,positive,13.1977,1.0,13.0
cell_11_16,2026-04,0,3,0.0,False,True,0,4,0.0,1,3,0.3333,False,viirs_avg_rad_mean,positive,2.8063,1.0,13.0
cell_11_17,2026-04,2,3,0.6667,False,True,2,4,0.5,1,3,0.3333,True,ndwi_mean,negative,3.0194,1.0,12.94
cell_11_18,2026-04,0,3,0.0,True,True,1,4,0.25,1,3,0.3333,False,viirs_avg_rad_mean,positive,6.213,1.0,12.38
cell_11_19,2026-04,1,3,0.3333,True,True,2,4,0.5,1,3,0.3333,True,viirs_avg_rad_mean,positive,12.7831,1.0,12.0
cell_12_00,2026-04,0,3,0.0,True,True,1,4,0.25,1,3,0.3333,False,viirs_avg_rad_mean,positive,5.7498,1.0,13.0
cell_12_01,2026-04,0,3,0.0,False,True,0,4,0.0,1,3,0.3333,False,viirs_avg_rad_mean,positive,1.8418,1.0,13.0
cell_12_02,2026-04,0,3,0.0,False,True,0,4,0.0,1,3,0.3333,False,ndbi_mean,positive,1.3952,1.0,13.0
cell_12_03,2026-04,2,3,0.6667,False,True,2,4,0.5,1,3,0.3333,True,ndvi_mean,positive,357.0829,1.0,13.63
cell_12_04,2026-04,2,3,0.6667,False,True,2,4,0.5,1,3,0.3333,True,ndwi_mean,negative,12.9144,1.0,13.21
cell_12_05,2026-04,2,3,0.6667,False,True,2,4,0.5,1,3,0.3333,True,ndbi_mean,positive,19.6801,1.0,13.0
cell_12_06,2026-04,1,3,0.3333,False,True,1,4,0.25,1,3,0.3333,False,ndvi_mean,positive,4.2295,1.0,13.78
cell_12_07,2026-04,0,3,0.0,False,True,0,4,0.0,1,3,0.3333,False,ndbi_mean,positive,1.7869,1.0,13.89
cell_12_08,2026-04,2,3,0.6667,False,True,2,4,0.5,1,3,0.3333,True,ndbi_mean,positive,5.672,1.0,13.02
cell_12_09,2026-04,2,3,0.6667,False,True,2,4,0.5,1,3,0.3333,True,ndbi_mean,positive,5.0158,1.0,13.0
cell_12_10,2026-04,3,3,1.0,False,True,3,4,0.75,1,3,0.3333,True,ndvi_mean,negative,53.5253,1.0,13.0
cell_12_11,2026-04,1,3,0.3333,False,True,1,4,0.25,1,3,0.3333,False,ndwi_mean,negative,32.9704,1.0,12.82
cell_12_12,2026-04,2,3,0.6667,False,True,2,4,0.5,1,3,0.3333,True,ndwi_mean,negative,11.7123,1.0,12.0
cell_12_13,2026-04,2,3,0.6667,False,True,2,4,0.5,1,3,0.3333,True,ndbi_mean,positive,17.7689,1.0,12.26
cell_12_14,2026-04,1,3,0.3333,True,True,2,4,0.5,1,3,0.3333,True,viirs_avg_rad_mean,positive,18.513,1.0,12.89
cell_12_15,2026-04,0,3,0.0,False,True,0,4,0.0,1,3,0.3333,False,viirs_avg_rad_mean,positive,1.7643,1.0,12.87
cell_12_16,2026-04,1,3,0.3333,False,True,1,4,0.25,1,3,0.3333,False,ndwi_mean,negative,7.5857,1.0,12.88
cell_12_17,2026-04,0,3,0.0,True,True,1,4,0.25,1,3,0.3333,False,viirs_avg_rad_mean,positive,4.7115,1.0,12.44
cell_12_18,2026-04,1,3,0.3333,True,True,2,4,0.5,1,3,0.3333,True,ndwi_mean,positive,5.5242,1.0,12.0
cell_12_19,2026-04,1,3,0.3333,True,True,2,4,0.5,1,3,0.3333,True,viirs_avg_rad_mean,positive,7.1785,1.0,12.0
cell_13_00,2026-04,0,3,0.0,False,True,0,4,0.0,1,3,0.3333,False,viirs_avg_rad_mean,positive,2.6461,1.0,13.0
cell_13_01,2026-04,0,3,0.0,False,True,0,4,0.0,1,3,0.3333,False,ndwi_mean,negative,1.5125,1.0,13.0
cell_13_02,2026-04,0,3,0.0,False,True,0,4,0.0,1,3,0.3333,False,ndbi_mean,positive,2.7515,1.0,13.0
cell_13_03,2026-04,2,3,0.6667,False,True,2,4,0.5,1,3,0.3333,True,ndwi_mean,negative,41.2764,1.0,13.7
cell_13_04,2026-04,1,3,0.3333,False,True,1,4,0.25,1,3,0.3333,False,ndvi_mean,positive,5.4492,1.0,13.91
cell_13_05,2026-04,1,3,0.3333,False,True,1,4,0.25,1,3,0.3333,False,ndbi_mean,positive,8.9019,1.0,13.89
cell_13_06,2026-04,1,3,0.3333,False,True,1,4,0.25,1,3,0.3333,False,ndwi_mean,negative,9.1734,1.0,13.99
cell_13_07,2026-04,1,3,0.3333,False,True,1,4,0.25,1,3,0.3333,False,ndbi_mean,positive,3.8145,1.0,14.0
cell_13_08,2026-04,1,3,0.3333,False,True,1,4,0.25,1,3,0.3333,False,ndbi_mean,positive,4.7705,1.0,13.04
cell_13_09,2026-04,1,3,0.3333,False,True,1,4,0.25,1,3,0.3333,False,ndwi_mean,negative,6.4159,1.0,13.0
cell_13_10,2026-04,0,3,0.0,False,True,0,4,0.0,1,3,0.3333,False,ndbi_mean,positive,2.7199,1.0,12.97
cell_13_11,2026-04,1,3,0.3333,False,True,1,4,0.25,1,3,0.3333,False,ndbi_mean,positive,9.6731,1.0,12.74
cell_13_12,2026-04,2,3,0.6667,True,True,3,4,0.75,1,3,0.3333,True,ndwi_mean,negative,9.8508,1.0,12.0
cell_13_13,2026-04,1,3,0.3333,False,True,1,4,0.25,1,3,0.3333,False,ndwi_mean,negative,3.6684,1.0,12.0
cell_13_14,2026-04,0,3,0.0,False,True,0,4,0.0,1,3,0.3333,False,ndvi_mean,negative,1.7059,1.0,12.0
cell_13_15,2026-04,1,3,0.3333,False,True,1,4,0.25,1,3,0.3333,False,ndwi_mean,positive,5.9574,1.0,12.0
cell_13_16,2026-04,0,3,0.0,False,True,0,4,0.0,1,3,0.3333,False,viirs_avg_rad_mean,positive,0.9978,1.0,12.0
cell_13_17,2026-04,0,3,0.0,False,True,0,4,0.0,1,3,0.3333,False,viirs_avg_rad_mean,positive,2.3582,1.0,12.1
cell_13_18,2026-04,0,3,0.0,True,True,1,4,0.25,1,3,0.3333,False,viirs_avg_rad_mean,positive,4.6755,1.0,12.11
cell_13_19,2026-04,0,3,0.0,True,True,1,4,0.25,1,3,0.3333,False,viirs_avg_rad_mean,positive,6.5897,1.0,12.0
cell_14_00,2026-04,2,3,0.6667,False,True,2,4,0.5,1,3,0.3333,True,ndwi_mean,negative,18.4165,1.0,13.0
cell_14_01,2026-04,1,3,0.3333,False,True,1,4,0.25,1,3,0.3333,False,ndvi_mean,negative,5.0239,0.9984,13.0
cell_14_02,2026-04,0,3,0.0,True,True,1,4,0.25,1,3,0.3333,False,viirs_avg_rad_mean,positive,3.5682,1.0,13.0
cell_14_03,2026-04,2,3,0.6667,False,True,2,4,0.5,1,3,0.3333,True,ndvi_mean,positive,60.378,1.0,13.08
cell_14_04,2026-04,2,3,0.6667,False,True,2,4,0.5,1,3,0.3333,True,ndwi_mean,negative,18.1532,1.0,13.06
cell_14_05,2026-04,0,3,0.0,False,True,0,4,0.0,1,3,0.3333,False,ndwi_mean,negative,1.2923,1.0,13.78
cell_14_06,2026-04,2,3,0.6667,False,True,2,4,0.5,1,3,0.3333,True,ndwi_mean,negative,12.4414,1.0,14.0
cell_14_07,2026-04,1,3,0.3333,False,True,1,4,0.25,1,3,0.3333,False,ndvi_mean,positive,11.3448,1.0,14.0
cell_14_08,2026-04,0,3,0.0,False,True,0,4,0.0,1,3,0.3333,False,viirs_avg_rad_mean,negative,2.5603,1.0,13.07
cell_14_09,2026-04,1,3,0.3333,True,True,2,4,0.5,1,3,0.3333,True,viirs_avg_rad_mean,negative,11.2558,1.0,12.96
cell_14_10,2026-04,2,3,0.6667,False,True,2,4,0.5,1,3,0.3333,True,ndvi_mean,negative,60.4975,1.0,12.0
cell_14_11,2026-04,3,3,1.0,False,True,3,4,0.75,1,3,0.3333,True,ndvi_mean,negative,17.7355,1.0,12.0
cell_14_12,2026-04,2,3,0.6667,True,True,3,4,0.75,1,3,0.3333,True,ndwi_mean,negative,7.2261,1.0,12.02
cell_14_13,2026-04,1,3,0.3333,True,True,2,4,0.5,1,3,0.3333,True,ndvi_mean,positive,5.5217,1.0,12.12
cell_14_14,2026-04,0,3,0.0,False,True,0,4,0.0,1,3,0.3333,False,ndwi_mean,positive,1.0462,0.9984,12.13
cell_14_15,2026-04,0,3,0.0,False,True,0,4,0.0,1,3,0.3333,False,ndwi_mean,positive,1.9044,1.0,12.22
cell_14_16,2026-04,3,3,1.0,False,True,3,4,0.75,1,3,0.3333,True,ndwi_mean,positive,60.5266,1.0,12.22
cell_14_17,2026-04,0,3,0.0,False,True,0,4,0.0,1,3,0.3333,False,ndbi_mean,positive,1.9566,1.0,12.59
cell_14_18,2026-04,0,3,0.0,False,True,0,4,0.0,1,3,0.3333,False,ndbi_mean,positive,1.4726,1.0,12.61
cell_14_19,2026-04,3,3,1.0,False,True,3,4,0.75,1,3,0.3333,True,ndvi_mean,negative,97.7668,1.0,12.11
cell_15_00,2026-04,2,3,0.6667,False,True,2,4,0.5,1,3,0.3333,True,ndvi_mean,positive,3.4873,1.0,13.0
cell_15_01,2026-04,1,3,0.3333,False,True,1,4,0.25,1,3,0.3333,False,ndvi_mean,negative,4.5186,1.0,13.0
cell_15_02,2026-04,2,3,0.6667,True,True,3,4,0.75,1,3,0.3333,True,ndwi_mean,negative,6.7707,1.0,13.0
cell_15_03,2026-04,1,3,0.3333,False,True,1,4,0.25,1,3,0.3333,False,ndwi_mean,negative,6.1359,1.0,13.0
cell_15_04,2026-04,0,3,0.0,False,True,0,4,0.0,1,3,0.3333,False,viirs_avg_rad_mean,positive,2.3869,1.0,13.0
cell_15_05,2026-04,0,3,0.0,False,True,0,4,0.0,1,3,0.3333,False,ndwi_mean,negative,1.4361,1.0,13.76
cell_15_06,2026-04,0,3,0.0,False,True,0,4,0.0,1,3,0.3333,False,ndbi_mean,positive,0.7194,1.0,14.0
cell_15_07,2026-04,0,3,0.0,False,True,0,4,0.0,1,3,0.3333,False,ndvi_mean,positive,1.2551,1.0,14.0
cell_15_08,2026-04,1,3,0.3333,False,True,1,4,0.25,1,3,0.3333,False,ndbi_mean,positive,4.4664,1.0,14.0
cell_15_09,2026-04,1,3,0.3333,False,True,1,4,0.25,1,3,0.3333,False,ndbi_mean,positive,8.1965,1.0,13.01
cell_15_10,2026-04,1,3,0.3333,False,True,1,4,0.25,1,3,0.3333,False,ndbi_mean,positive,3.3101,1.0,12.0
cell_15_11,2026-04,2,3,0.6667,False,True,2,4,0.5,1,3,0.3333,True,ndvi_mean,negative,7.3742,1.0,12.0
cell_15_12,2026-04,0,3,0.0,False,True,0,4,0.0,1,3,0.3333,False,ndwi_mean,negative,0.6715,1.0,12.16
cell_15_13,2026-04,0,3,0.0,False,True,0,4,0.0,1,3,0.3333,False,viirs_avg_rad_mean,positive,2.8699,1.0,12.79
cell_15_14,2026-04,2,3,0.6667,False,True,2,4,0.5,1,3,0.3333,True,ndwi_mean,negative,3.5359,1.0,12.78
cell_15_15,2026-04,0,3,0.0,False,True,0,4,0.0,1,3,0.3333,False,ndvi_mean,positive,0.9057,1.0,12.75
cell_15_16,2026-04,2,3,0.6667,True,True,3,4,0.75,1,3,0.3333,True,viirs_avg_rad_mean,positive,53.0526,1.0,12.75
cell_15_17,2026-04,0,3,0.0,False,True,0,4,0.0,1,3,0.3333,False,ndwi_mean,negative,1.992,1.0,12.64
cell_15_18,2026-04,2,3,0.6667,False,True,2,4,0.5,1,3,0.3333,True,ndwi_mean,negative,9.0971,1.0,12.75
cell_15_19,2026-04,2,3,0.6667,True,True,3,4,0.75,1,3,0.3333,True,viirs_avg_rad_mean,positive,12.151,1.0,12.63
cell_16_00,2026-04,1,3,0.3333,False,True,1,4,0.25,1,3,0.3333,False,viirs_avg_rad_mean,positive,0.8468,1.0,13.0
cell_16_01,2026-04,1,3,0.3333,False,True,1,4,0.25,1,3,0.3333,False,ndvi_mean,positive,5.7474,1.0,13.0
cell_16_02,2026-04,2,3,0.6667,False,True,2,4,0.5,1,3,0.3333,True,ndwi_mean,negative,30.5051,1.0,13.0
cell_16_03,2026-04,2,3,0.6667,False,True,2,4,0.5,1,3,0.3333,True,ndwi_mean,negative,8.3164,1.0,13.0
cell_16_04,2026-04,0,3,0.0,True,True,1,4,0.25,1,3,0.3333,False,viirs_avg_rad_mean,positive,66.9736,1.0,13.0
cell_16_05,2026-04,2,3,0.6667,False,True,2,4,0.5,1,3,0.3333,True,ndvi_mean,positive,19.0707,1.0,13.66
cell_16_06,2026-04,0,3,0.0,False,True,0,4,0.0,1,3,0.3333,False,ndbi_mean,positive,2.9474,1.0,13.89
cell_16_07,2026-04,1,3,0.3333,False,True,1,4,0.25,1,3,0.3333,False,ndvi_mean,negative,3.2431,1.0,13.88
cell_16_08,2026-04,2,3,0.6667,False,True,2,4,0.5,1,3,0.3333,True,ndbi_mean,positive,56.1649,1.0,13.88
cell_16_09,2026-04,1,3,0.3333,False,True,1,4,0.25,1,3,0.3333,False,ndbi_mean,positive,27.3881,1.0,12.92
cell_16_10,2026-04,0,3,0.0,False,True,0,4,0.0,1,3,0.3333,False,viirs_avg_rad_mean,positive,2.6958,1.0,12.0
cell_16_11,2026-04,1,3,0.3333,True,True,2,4,0.5,1,3,0.3333,True,viirs_avg_rad_mean,positive,6.1984,1.0,12.0
cell_16_12,2026-04,1,3,0.3333,False,True,1,4,0.25,1,3,0.3333,False,ndwi_mean,negative,9.8958,1.0,12.0
cell_16_13,2026-04,0,3,0.0,False,True,0,4,0.0,1,3,0.3333,False,viirs_avg_rad_mean,positive,2.95,1.0,12.0
cell_16_14,2026-04,1,3,0.3333,False,True,1,4,0.25,1,3,0.3333,False,ndwi_mean,negative,10.3068,1.0,12.0
cell_16_15,2026-04,0,3,0.0,False,True,0,4,0.0,1,3,0.3333,False,ndwi_mean,negative,1.9765,1.0,12.08
cell_16_16,2026-04,0,3,0.0,True,True,1,4,0.25,1,3,0.3333,False,viirs_avg_rad_mean,positive,3.7968,1.0,12.25
cell_16_17,2026-04,0,3,0.0,True,True,1,4,0.25,1,3,0.3333,False,viirs_avg_rad_mean,positive,3.386,1.0,11.88
cell_16_18,2026-04,1,3,0.3333,False,True,1,4,0.25,1,3,0.3333,False,ndwi_mean,negative,6.9277,1.0,12.12
cell_16_19,2026-04,1,3,0.3333,True,True,2,4,0.5,1,3,0.3333,True,viirs_avg_rad_mean,positive,15.6819,1.0,13.0
cell_17_00,2026-04,0,3,0.0,False,True,0,4,0.0,1,3,0.3333,False,viirs_avg_rad_mean,positive,2.3084,1.0,13.0
cell_17_01,2026-04,0,3,0.0,False,True,0,4,0.0,1,3,0.3333,False,ndvi_mean,positive,2.5115,1.0,13.0
cell_17_02,2026-04,2,3,0.6667,False,True,2,4,0.5,1,3,0.3333,True,ndvi_mean,positive,28.2185,1.0,13.0
cell_17_03,2026-04,2,3,0.6667,False,True,2,4,0.5,1,3,0.3333,True,ndvi_mean,positive,10.3506,1.0,13.0
cell_17_04,2026-04,2,3,0.6667,False,True,2,4,0.5,1,3,0.3333,True,ndwi_mean,negative,75.235,1.0,13.0
cell_17_05,2026-04,1,3,0.3333,False,True,1,4,0.25,1,3,0.3333,False,ndbi_mean,positive,15.116,1.0,13.0
cell_17_06,2026-04,2,3,0.6667,False,True,2,4,0.5,1,3,0.3333,True,ndvi_mean,positive,26.8066,1.0,13.0
cell_17_07,2026-04,2,3,0.6667,False,True,2,4,0.5,1,3,0.3333,True,ndvi_mean,negative,70.0645,1.0,13.0
cell_17_08,2026-04,1,3,0.3333,False,True,1,4,0.25,1,3,0.3333,False,ndbi_mean,positive,20.5902,1.0,13.0
cell_17_09,2026-04,2,3,0.6667,True,True,3,4,0.75,1,3,0.3333,True,viirs_avg_rad_mean,negative,28.6844,1.0,12.06
cell_17_10,2026-04,1,3,0.3333,False,True,1,4,0.25,1,3,0.3333,False,ndbi_mean,positive,3.1139,1.0,11.78
cell_17_11,2026-04,0,3,0.0,True,True,1,4,0.25,1,3,0.3333,False,viirs_avg_rad_mean,positive,3.459,1.0,11.76
cell_17_12,2026-04,2,3,0.6667,False,True,2,4,0.5,1,3,0.3333,True,ndbi_mean,positive,32.7816,1.0,11.82
cell_17_13,2026-04,2,3,0.6667,False,True,2,4,0.5,1,3,0.3333,True,ndvi_mean,positive,4.6648,1.0,12.25
cell_17_14,2026-04,0,3,0.0,False,True,0,4,0.0,1,3,0.3333,False,ndbi_mean,positive,1.0446,1.0,12.25
cell_17_15,2026-04,1,3,0.3333,False,True,1,4,0.25,1,3,0.3333,False,ndvi_mean,positive,4.6143,1.0,12.51
cell_17_16,2026-04,0,3,0.0,False,True,0,4,0.0,1,3,0.3333,False,ndwi_mean,negative,2.9013,1.0,12.89
cell_17_17,2026-04,0,3,0.0,False,True,0,4,0.0,1,3,0.3333,False,viirs_avg_rad_mean,positive,1.7772,1.0,12.4
cell_17_18,2026-04,0,3,0.0,False,True,0,4,0.0,1,3,0.3333,False,ndwi_mean,negative,2.8032,1.0,12.45
cell_17_19,2026-04,1,3,0.3333,True,True,2,4,0.5,1,3,0.3333,True,ndwi_mean,negative,113.5141,1.0,13.0
cell_18_00,2026-04,1,3,0.3333,False,True,1,4,0.25,1,3,0.3333,False,ndbi_mean,positive,5.8933,1.0,13.0
cell_18_01,2026-04,0,3,0.0,False,True,0,4,0.0,1,3,0.3333,False,viirs_avg_rad_mean,positive,1.5312,1.0,13.0
cell_18_02,2026-04,1,3,0.3333,False,True,1,4,0.25,1,3,0.3333,False,ndwi_mean,negative,14.5791,1.0,13.0
cell_18_03,2026-04,1,3,0.3333,False,True,1,4,0.25,1,3,0.3333,False,ndvi_mean,positive,5.3764,1.0,13.0
cell_18_04,2026-04,1,3,0.3333,False,True,1,4,0.25,1,3,0.3333,False,ndvi_mean,positive,3.1314,1.0,13.0
cell_18_05,2026-04,2,3,0.6667,True,True,3,4,0.75,1,3,0.3333,True,ndvi_mean,positive,39.8745,1.0,13.0
cell_18_06,2026-04,3,3,1.0,True,True,4,4,1.0,1,3,0.3333,True,ndwi_mean,negative,12.8827,1.0,13.0
cell_18_07,2026-04,2,3,0.6667,True,True,3,4,0.75,1,3,0.3333,True,ndvi_mean,negative,41.7679,1.0,13.0
cell_18_08,2026-04,1,3,0.3333,False,True,1,4,0.25,1,3,0.3333,False,ndbi_mean,positive,15.9364,1.0,13.0
cell_18_09,2026-04,1,3,0.3333,False,True,1,4,0.25,1,3,0.3333,False,ndwi_mean,negative,3.9904,1.0,12.31
cell_18_10,2026-04,2,3,0.6667,False,True,2,4,0.5,1,3,0.3333,True,ndvi_mean,positive,5.4699,1.0,11.28
cell_18_11,2026-04,0,3,0.0,True,True,1,4,0.25,1,3,0.3333,False,viirs_avg_rad_mean,positive,11.8258,1.0,11.25
cell_18_12,2026-04,1,3,0.3333,True,True,2,4,0.5,1,3,0.3333,True,ndwi_mean,positive,28.8835,1.0,11.43
cell_18_13,2026-04,1,3,0.3333,False,True,1,4,0.25,1,3,0.3333,False,ndvi_mean,positive,8.0637,1.0,12.71
cell_18_14,2026-04,0,3,0.0,False,True,0,4,0.0,1,3,0.3333,False,ndbi_mean,positive,2.3804,1.0,12.67
cell_18_15,2026-04,2,3,0.6667,False,True,2,4,0.5,1,3,0.3333,True,ndwi_mean,negative,3.6542,1.0,12.74
cell_18_16,2026-04,2,3,0.6667,False,True,2,4,0.5,1,3,0.3333,True,ndvi_mean,positive,22.1433,1.0,12.67
cell_18_17,2026-04,0,3,0.0,False,True,0,4,0.0,1,3,0.3333,False,ndwi_mean,negative,1.2835,1.0,12.0
cell_18_18,2026-04,2,3,0.6667,False,True,2,4,0.5,1,3,0.3333,True,ndvi_mean,positive,68.792,1.0,12.43
cell_18_19,2026-04,2,3,0.6667,True,True,3,4,0.75,1,3,0.3333,True,ndvi_mean,positive,10.8176,1.0,13.0
cell_19_00,2026-04,2,3,0.6667,False,True,2,4,0.5,1,3,0.3333,True,ndbi_mean,positive,19.4694,1.0,13.0
cell_19_01,2026-04,1,3,0.3333,False,True,1,4,0.25,1,3,0.3333,False,ndvi_mean,negative,25.7953,1.0,12.94
cell_19_02,2026-04,2,3,0.6667,False,True,2,4,0.5,1,3,0.3333,True,ndvi_mean,positive,26.2391,1.0,12.88
cell_19_03,2026-04,2,3,0.6667,False,True,2,4,0.5,1,3,0.3333,True,ndwi_mean,negative,7.3271,1.0,12.95
cell_19_04,2026-04,1,3,0.3333,False,True,1,4,0.25,1,3,0.3333,False,ndwi_mean,negative,6.968,1.0,13.0
cell_19_05,2026-04,2,3,0.6667,True,True,3,4,0.75,1,3,0.3333,True,ndvi_mean,positive,8.0791,1.0,13.0
cell_19_06,2026-04,2,3,0.6667,False,True,2,4,0.5,1,3,0.3333,True,ndbi_mean,positive,35.1721,1.0,13.0
cell_19_07,2026-04,3,3,1.0,True,True,4,4,1.0,1,3,0.3333,True,ndbi_mean,positive,176.9747,1.0,13.0
cell_19_08,2026-04,1,3,0.3333,True,True,2,4,0.5,1,3,0.3333,True,viirs_avg_rad_mean,negative,28.4233,1.0,13.0
cell_19_09,2026-04,0,3,0.0,False,True,0,4,0.0,1,3,0.3333,False,ndbi_mean,positive,2.6334,1.0,13.0
cell_19_10,2026-04,1,3,0.3333,False,True,1,4,0.25,1,3,0.3333,False,ndwi_mean,negative,3.8606,1.0,12.05
cell_19_11,2026-04,0,3,0.0,True,True,1,4,0.25,1,3,0.3333,False,viirs_avg_rad_mean,positive,209.2585,1.0,12.0
cell_19_12,2026-04,3,3,1.0,True,True,4,4,1.0,1,3,0.3333,True,viirs_avg_rad_mean,positive,13.2412,1.0,12.0
cell_19_13,2026-04,1,3,0.3333,True,True,2,4,0.5,1,3,0.3333,True,ndbi_mean,positive,10.1768,1.0,12.0
cell_19_14,2026-04,1,3,0.3333,False,True,1,4,0.25,1,3,0.3333,False,ndbi_mean,positive,19.7943,1.0,12.0
cell_19_15,2026-04,1,3,0.3333,False,True,1,4,0.25,1,3,0.3333,False,ndbi_mean,positive,32.7344,1.0,12.26
cell_19_16,2026-04,0,3,0.0,False,True,0,4,0.0,1,3,0.3333,False,ndwi_mean,negative,1.7431,1.0,12.69
cell_19_17,2026-04,1,3,0.3333,False,True,1,4,0.25,1,3,0.3333,False,ndwi_mean,negative,3.9106,1.0,12.0
cell_19_18,2026-04,2,3,0.6667,False,True,2,4,0.5,1,3,0.3333,True,ndwi_mean,negative,9.3483,1.0,12.41
cell_19_19,2026-04,0,3,0.0,True,True,1,4,0.25,1,3,0.3333,False,viirs_avg_rad_mean,positive,3.9326,1.0,13.0
cell_20_00,2026-04,1,3,0.3333,False,True,1,4,0.25,1,3,0.3333,False,ndvi_mean,positive,53.0018,1.0,12.88
cell_20_01,2026-04,0,3,0.0,False,True,0,4,0.0,1,3,0.3333,False,ndvi_mean,positive,2.6227,1.0,12.47
cell_20_02,2026-04,2,3,0.6667,True,True,3,4,0.75,1,3,0.3333,True,ndvi_mean,positive,28.1178,1.0,12.0
cell_20_03,2026-04,0,3,0.0,False,True,0,4,0.0,1,3,0.3333,False,ndvi_mean,positive,2.6058,1.0,12.59
cell_20_04,2026-04,3,3,1.0,False,True,3,4,0.75,1,3,0.3333,True,ndvi_mean,negative,7.9758,1.0,12.86
cell_20_05,2026-04,2,3,0.6667,True,True,3,4,0.75,1,3,0.3333,True,ndbi_mean,positive,14.8238,1.0,12.92
cell_20_06,2026-04,2,3,0.6667,False,True,2,4,0.5,1,3,0.3333,True,ndbi_mean,positive,15.542,1.0,13.0
cell_20_07,2026-04,1,3,0.3333,False,True,1,4,0.25,1,3,0.3333,False,ndwi_mean,negative,3.3945,0.9984,13.0
cell_20_08,2026-04,1,3,0.3333,False,True,1,4,0.25,1,3,0.3333,False,ndvi_mean,positive,21.0281,1.0,13.0
cell_20_09,2026-04,1,3,0.3333,False,True,1,4,0.25,1,3,0.3333,False,ndwi_mean,negative,7.088,1.0,13.0
cell_20_10,2026-04,0,3,0.0,True,True,1,4,0.25,1,3,0.3333,False,viirs_avg_rad_mean,positive,151.4492,1.0,12.07
cell_20_11,2026-04,0,3,0.0,False,True,0,4,0.0,1,3,0.3333,False,ndbi_mean,positive,0.8963,1.0,12.0
cell_20_12,2026-04,0,3,0.0,True,True,1,4,0.25,1,3,0.3333,False,viirs_avg_rad_mean,positive,26.8774,1.0,12.0
cell_20_13,2026-04,1,3,0.3333,True,True,2,4,0.5,1,3,0.3333,True,ndbi_mean,positive,16.4032,1.0,12.0
cell_20_14,2026-04,0,3,0.0,False,True,0,4,0.0,1,3,0.3333,False,ndbi_mean,positive,1.7455,1.0,12.0
cell_20_15,2026-04,2,3,0.6667,False,True,2,4,0.5,1,3,0.3333,True,ndwi_mean,negative,7.4136,1.0,12.26
cell_20_16,2026-04,1,3,0.3333,False,True,1,4,0.25,1,3,0.3333,False,ndvi_mean,positive,136.0431,1.0,12.84
cell_20_17,2026-04,1,3,0.3333,False,True,1,4,0.25,1,3,0.3333,False,ndvi_mean,positive,11.9778,1.0,12.46
cell_20_18,2026-04,0,3,0.0,False,True,0,4,0.0,1,3,0.3333,False,ndwi_mean,negative,2.8927,1.0,12.7
cell_20_19,2026-04,2,3,0.6667,False,True,2,4,0.5,1,3,0.3333,True,ndwi_mean,negative,5.3457,1.0,13.0
cell_21_00,2026-04,0,3,0.0,False,True,0,4,0.0,1,3,0.3333,False,ndwi_mean,negative,2.0583,1.0,12.0
cell_21_01,2026-04,1,3,0.3333,False,True,1,4,0.25,1,3,0.3333,False,ndvi_mean,positive,8.0845,1.0,12.0
cell_21_02,2026-04,1,3,0.3333,False,True,1,4,0.25,1,3,0.3333,False,ndwi_mean,negative,4.684,1.0,12.0
cell_21_03,2026-04,2,3,0.6667,True,True,3,4,0.75,1,3,0.3333,True,ndbi_mean,positive,14.9448,1.0,12.39
cell_21_04,2026-04,1,3,0.3333,False,True,1,4,0.25,1,3,0.3333,False,ndvi_mean,negative,6.9991,1.0,12.3
cell_21_05,2026-04,3,3,1.0,True,True,4,4,1.0,1,3,0.3333,True,ndvi_mean,positive,22.5788,1.0,12.65
cell_21_06,2026-04,3,3,1.0,False,True,3,4,0.75,1,3,0.3333,True,ndvi_mean,positive,77.8697,1.0,13.0
cell_21_07,2026-04,3,3,1.0,False,True,3,4,0.75,1,3,0.3333,True,ndwi_mean,negative,22.7503,1.0,13.0
cell_21_08,2026-04,1,3,0.3333,False,True,1,4,0.25,1,3,0.3333,False,ndvi_mean,positive,3.4198,1.0,13.0
cell_21_09,2026-04,2,3,0.6667,False,True,2,4,0.5,1,3,0.3333,True,ndwi_mean,negative,4.3449,1.0,12.71
cell_21_10,2026-04,2,3,0.6667,True,True,3,4,0.75,1,3,0.3333,True,ndwi_mean,negative,26.1984,1.0,12.06
cell_21_11,2026-04,1,3,0.3333,False,True,1,4,0.25,1,3,0.3333,False,ndwi_mean,positive,15.6855,1.0,12.0
cell_21_12,2026-04,0,3,0.0,False,True,0,4,0.0,1,3,0.3333,False,ndwi_mean,positive,2.7171,1.0,12.0
cell_21_13,2026-04,1,3,0.3333,False,True,1,4,0.25,1,3,0.3333,False,ndbi_mean,positive,13.6699,1.0,12.0
cell_21_14,2026-04,1,3,0.3333,False,True,1,4,0.25,1,3,0.3333,False,ndbi_mean,positive,10.8665,1.0,12.0
cell_21_15,2026-04,1,3,0.3333,False,True,1,4,0.25,1,3,0.3333,False,ndwi_mean,negative,11.393,1.0,12.3
cell_21_16,2026-04,2,3,0.6667,False,True,2,4,0.5,1,3,0.3333,True,ndvi_mean,positive,25.9316,1.0,13.37
cell_21_17,2026-04,1,3,0.3333,False,True,1,4,0.25,1,3,0.3333,False,ndvi_mean,positive,4.0445,1.0,13.0
cell_21_18,2026-04,0,3,0.0,True,True,1,4,0.25,1,3,0.3333,False,viirs_avg_rad_mean,positive,10.7076,1.0,13.0
cell_21_19,2026-04,2,3,0.6667,True,True,3,4,0.75,1,3,0.3333,True,ndwi_mean,positive,3.8562,1.0,13.0
cell_22_00,2026-04,1,3,0.3333,False,True,1,4,0.25,1,3,0.3333,False,ndvi_mean,negative,4.9357,1.0,12.0
cell_22_01,2026-04,2,3,0.6667,False,True,2,4,0.5,1,3,0.3333,True,ndvi_mean,positive,5.668,1.0,12.0
cell_22_02,2026-04,2,3,0.6667,False,True,2,4,0.5,1,3,0.3333,True,ndwi_mean,negative,11.2204,1.0,12.0
cell_22_03,2026-04,2,3,0.6667,True,True,3,4,0.75,1,3,0.3333,True,ndbi_mean,positive,52.1741,1.0,12.0
cell_22_04,2026-04,2,3,0.6667,True,True,3,4,0.75,1,3,0.3333,True,viirs_avg_rad_mean,negative,10.6454,1.0,12.0
cell_22_05,2026-04,3,3,1.0,False,True,3,4,0.75,1,3,0.3333,True,ndbi_mean,negative,37.0763,1.0,12.47
cell_22_06,2026-04,2,3,0.6667,False,True,2,4,0.5,1,3,0.3333,True,ndvi_mean,positive,13.0624,1.0,12.67
cell_22_07,2026-04,3,3,1.0,False,True,3,4,0.75,1,3,0.3333,True,ndbi_mean,negative,8.6251,1.0,12.91
cell_22_08,2026-04,1,3,0.3333,False,True,1,4,0.25,1,3,0.3333,False,ndwi_mean,negative,5.0072,1.0,13.0
cell_22_09,2026-04,2,3,0.6667,False,True,2,4,0.5,1,3,0.3333,True,ndvi_mean,positive,11.4529,1.0,12.16
cell_22_10,2026-04,2,3,0.6667,False,True,2,4,0.5,1,3,0.3333,True,ndwi_mean,negative,3.9304,1.0,12.0
cell_22_11,2026-04,0,3,0.0,False,True,0,4,0.0,1,3,0.3333,False,ndbi_mean,positive,2.9218,1.0,12.0
cell_22_12,2026-04,0,3,0.0,False,True,0,4,0.0,1,3,0.3333,False,viirs_avg_rad_mean,positive,1.5719,1.0,12.0
cell_22_13,2026-04,1,3,0.3333,True,True,2,4,0.5,1,3,0.3333,True,ndbi_mean,positive,3.9035,1.0,12.0
cell_22_14,2026-04,1,3,0.3333,False,True,1,4,0.25,1,3,0.3333,False,ndwi_mean,negative,4.6916,1.0,12.0
cell_22_15,2026-04,2,3,0.6667,False,True,2,4,0.5,1,3,0.3333,True,ndwi_mean,negative,5.9049,1.0,12.3
cell_22_16,2026-04,2,3,0.6667,False,True,2,4,0.5,1,3,0.3333,True,ndbi_mean,positive,12.1929,1.0,13.37
cell_22_17,2026-04,1,3,0.3333,True,True,2,4,0.5,1,3,0.3333,True,viirs_avg_rad_mean,positive,6.9979,1.0,13.0
cell_22_18,2026-04,2,3,0.6667,True,True,3,4,0.75,1,3,0.3333,True,ndvi_mean,positive,8.2431,1.0,13.0
cell_22_19,2026-04,2,3,0.6667,False,True,2,4,0.5,1,3,0.3333,True,ndwi_mean,negative,70.8381,1.0,13.0
cell_00_00,2026-05,1,3,0.3333,False,True,1,4,0.25,1,3,0.3333,False,ndwi_mean,positive,8.8057,1.0,13.0
cell_00_01,2026-05,0,3,0.0,False,True,0,4,0.0,1,3,0.3333,False,viirs_avg_rad_mean,positive,1.2049,1.0,13.0
cell_00_02,2026-05,0,3,0.0,False,True,0,4,0.0,1,3,0.3333,False,viirs_avg_rad_mean,positive,0.5272,1.0,13.0
cell_00_03,2026-05,0,3,0.0,False,True,0,4,0.0,1,3,0.3333,False,ndvi_mean,positive,0.4676,1.0,13.0
cell_00_04,2026-05,0,3,0.0,True,True,1,4,0.25,1,3,0.3333,False,viirs_avg_rad_mean,positive,11.1662,1.0,13.0
cell_00_05,2026-05,0,3,0.0,False,True,0,4,0.0,1,3,0.3333,False,viirs_avg_rad_mean,positive,1.0871,1.0,13.0
cell_00_06,2026-05,0,3,0.0,False,True,0,4,0.0,1,3,0.3333,False,viirs_avg_rad_mean,positive,1.302,1.0,13.0
cell_00_07,2026-05,1,3,0.3333,False,True,1,4,0.25,1,3,0.3333,False,ndvi_mean,negative,3.3188,1.0,13.0
cell_00_08,2026-05,0,3,0.0,False,True,0,4,0.0,1,3,0.3333,False,viirs_avg_rad_mean,positive,1.4429,1.0,13.0
cell_00_09,2026-05,1,3,0.3333,False,True,1,4,0.25,1,3,0.3333,False,ndwi_mean,positive,5.648,1.0,13.0
cell_00_10,2026-05,0,3,0.0,False,True,0,4,0.0,1,3,0.3333,False,ndwi_mean,positive,0.8739,1.0,13.0
cell_00_11,2026-05,2,3,0.6667,False,True,2,4,0.5,1,3,0.3333,True,ndwi_mean,negative,21.158,1.0,13.0
cell_00_12,2026-05,0,3,0.0,True,True,1,4,0.25,1,3,0.3333,False,viirs_avg_rad_mean,positive,3.1642,1.0,13.0
cell_00_13,2026-05,1,3,0.3333,True,True,2,4,0.5,1,3,0.3333,True,ndvi_mean,negative,6.0002,1.0,13.0
cell_00_14,2026-05,1,3,0.3333,True,True,2,4,0.5,1,3,0.3333,True,viirs_avg_rad_mean,positive,14.5774,1.0,13.0
cell_00_15,2026-05,0,3,0.0,True,True,1,4,0.25,1,3,0.3333,False,viirs_avg_rad_mean,positive,7.08,1.0,13.0
cell_00_16,2026-05,1,3,0.3333,False,True,1,4,0.25,1,3,0.3333,False,ndvi_mean,negative,9.0689,1.0,13.0
cell_00_17,2026-05,0,3,0.0,True,True,1,4,0.25,1,3,0.3333,False,viirs_avg_rad_mean,positive,22.4697,1.0,13.0
cell_00_18,2026-05,0,3,0.0,True,True,1,4,0.25,1,3,0.3333,False,viirs_avg_rad_mean,positive,4.0752,1.0,13.0
cell_00_19,2026-05,0,3,0.0,False,True,0,4,0.0,1,3,0.3333,False,viirs_avg_rad_mean,positive,1.0164,1.0,13.0
cell_01_00,2026-05,2,3,0.6667,True,True,3,4,0.75,1,3,0.3333,True,ndwi_mean,positive,49.3399,1.0,13.0
cell_01_01,2026-05,1,3,0.3333,False,True,1,4,0.25,1,3,0.3333,False,ndwi_mean,positive,3.2315,1.0,13.0
cell_01_02,2026-05,2,3,0.6667,False,True,2,4,0.5,1,3,0.3333,True,ndwi_mean,negative,21.6278,1.0,13.0
cell_01_03,2026-05,0,3,0.0,False,True,0,4,0.0,1,3,0.3333,False,ndvi_mean,positive,1.2115,1.0,13.0
cell_01_04,2026-05,0,3,0.0,False,True,0,4,0.0,1,3,0.3333,False,ndwi_mean,positive,2.7763,1.0,13.0
cell_01_05,2026-05,0,3,0.0,False,True,0,4,0.0,1,3,0.3333,False,ndwi_mean,positive,2.7234,1.0,13.0
cell_01_06,2026-05,1,3,0.3333,False,True,1,4,0.25,1,3,0.3333,False,ndwi_mean,positive,50.7421,1.0,13.0
cell_01_07,2026-05,0,3,0.0,False,True,0,4,0.0,1,3,0.3333,False,ndbi_mean,negative,1.3697,1.0,13.0
cell_01_08,2026-05,1,3,0.3333,False,True,1,4,0.25,1,3,0.3333,False,ndwi_mean,positive,4.6349,1.0,13.0
cell_01_09,2026-05,1,3,0.3333,False,True,1,4,0.25,1,3,0.3333,False,ndvi_mean,positive,4.4344,1.0,13.0
cell_01_10,2026-05,0,3,0.0,False,True,0,4,0.0,1,3,0.3333,False,ndwi_mean,positive,2.4094,1.0,13.0
cell_01_11,2026-05,2,3,0.6667,False,True,2,4,0.5,1,3,0.3333,True,ndvi_mean,positive,8.4619,1.0,13.0
cell_01_12,2026-05,1,3,0.3333,False,True,1,4,0.25,1,3,0.3333,False,ndwi_mean,positive,6.7743,1.0,13.0
cell_01_13,2026-05,1,3,0.3333,True,True,2,4,0.5,1,3,0.3333,True,ndwi_mean,positive,12.0313,1.0,13.0
cell_01_14,2026-05,1,3,0.3333,False,True,1,4,0.25,1,3,0.3333,False,ndvi_mean,negative,4.8365,1.0,13.0
cell_01_15,2026-05,1,3,0.3333,False,True,1,4,0.25,1,3,0.3333,False,ndvi_mean,negative,9.1276,1.0,13.0
cell_01_16,2026-05,0,3,0.0,False,True,0,4,0.0,1,3,0.3333,False,viirs_avg_rad_mean,positive,1.0025,1.0,13.0
cell_01_17,2026-05,2,3,0.6667,False,True,2,4,0.5,1,3,0.3333,True,ndvi_mean,negative,30.4162,1.0,13.0
cell_01_18,2026-05,1,3,0.3333,False,True,1,4,0.25,1,3,0.3333,False,ndwi_mean,positive,6.0023,1.0,13.0
cell_01_19,2026-05,2,3,0.6667,True,True,3,4,0.75,1,3,0.3333,True,viirs_avg_rad_mean,positive,15.0264,1.0,13.0
cell_02_00,2026-05,0,3,0.0,False,True,0,4,0.0,1,3,0.3333,False,ndvi_mean,negative,1.3808,1.0,13.0
cell_02_01,2026-05,0,3,0.0,False,True,0,4,0.0,1,3,0.3333,False,viirs_avg_rad_mean,negative,0.8734,1.0,13.0
cell_02_02,2026-05,1,3,0.3333,False,True,1,4,0.25,1,3,0.3333,False,ndwi_mean,positive,6.6677,1.0,13.0
cell_02_03,2026-05,0,3,0.0,True,True,1,4,0.25,1,3,0.3333,False,viirs_avg_rad_mean,negative,7.4158,1.0,13.0
cell_02_04,2026-05,0,3,0.0,False,True,0,4,0.0,1,3,0.3333,False,ndwi_mean,positive,1.8825,1.0,13.0
cell_02_05,2026-05,0,3,0.0,False,True,0,4,0.0,1,3,0.3333,False,viirs_avg_rad_mean,positive,1.9525,1.0,13.0
cell_02_06,2026-05,2,3,0.6667,False,True,2,4,0.5,1,3,0.3333,True,ndwi_mean,positive,12.3149,1.0,13.0
cell_02_07,2026-05,0,3,0.0,False,True,0,4,0.0,1,3,0.3333,False,viirs_avg_rad_mean,positive,0.5861,1.0,13.0
cell_02_08,2026-05,0,3,0.0,False,True,0,4,0.0,1,3,0.3333,False,ndwi_mean,positive,2.7424,1.0,13.0
cell_02_09,2026-05,2,3,0.6667,False,True,2,4,0.5,1,3,0.3333,True,ndwi_mean,positive,5.2551,1.0,13.0
cell_02_10,2026-05,0,3,0.0,False,True,0,4,0.0,1,3,0.3333,False,viirs_avg_rad_mean,positive,1.2755,1.0,13.0
cell_02_11,2026-05,0,3,0.0,True,True,1,4,0.25,1,3,0.3333,False,viirs_avg_rad_mean,positive,3.0499,1.0,13.0
cell_02_12,2026-05,1,3,0.3333,True,True,2,4,0.5,1,3,0.3333,True,viirs_avg_rad_mean,positive,3.9611,1.0,13.0
cell_02_13,2026-05,0,3,0.0,False,True,0,4,0.0,1,3,0.3333,False,ndbi_mean,positive,0.7515,1.0,13.0
cell_02_14,2026-05,1,3,0.3333,False,True,1,4,0.25,1,3,0.3333,False,ndvi_mean,positive,6.6509,1.0,13.0
cell_02_15,2026-05,1,3,0.3333,False,True,1,4,0.25,1,3,0.3333,False,ndvi_mean,positive,45.9421,1.0,13.0
cell_02_16,2026-05,1,3,0.3333,False,True,1,4,0.25,1,3,0.3333,False,ndvi_mean,positive,3.318,1.0,13.0
cell_02_17,2026-05,2,3,0.6667,True,True,3,4,0.75,1,3,0.3333,True,ndwi_mean,positive,7.2668,1.0,13.0
cell_02_18,2026-05,0,3,0.0,True,True,1,4,0.25,1,3,0.3333,False,viirs_avg_rad_mean,positive,8.4605,1.0,13.0
cell_02_19,2026-05,1,3,0.3333,False,True,1,4,0.25,1,3,0.3333,False,ndvi_mean,negative,4.8208,0.9984,13.0
cell_03_00,2026-05,0,3,0.0,False,True,0,4,0.0,1,3,0.3333,False,viirs_avg_rad_mean,negative,1.5808,1.0,13.0
cell_03_01,2026-05,0,3,0.0,False,True,0,4,0.0,1,3,0.3333,False,viirs_avg_rad_mean,negative,1.2619,0.9984,13.0
cell_03_02,2026-05,0,3,0.0,False,True,0,4,0.0,1,3,0.3333,False,viirs_avg_rad_mean,negative,2.0033,1.0,13.0
cell_03_03,2026-05,0,3,0.0,False,True,0,4,0.0,1,3,0.3333,False,ndwi_mean,positive,2.7948,1.0,13.0
cell_03_04,2026-05,0,3,0.0,True,True,1,4,0.25,1,3,0.3333,False,viirs_avg_rad_mean,positive,12.124,1.0,13.0
cell_03_05,2026-05,0,3,0.0,True,True,1,4,0.25,1,3,0.3333,False,viirs_avg_rad_mean,positive,8.9923,1.0,13.0
cell_03_06,2026-05,1,3,0.3333,False,True,1,4,0.25,1,3,0.3333,False,ndwi_mean,positive,8.2412,1.0,13.0
cell_03_07,2026-05,0,3,0.0,False,True,0,4,0.0,1,3,0.3333,False,ndwi_mean,positive,2.2561,1.0,13.0
cell_03_08,2026-05,1,3,0.3333,False,True,1,4,0.25,1,3,0.3333,False,ndwi_mean,positive,5.4519,1.0,13.0
cell_03_09,2026-05,1,3,0.3333,False,True,1,4,0.25,1,3,0.3333,False,ndwi_mean,positive,7.1341,1.0,13.0
cell_03_10,2026-05,0,3,0.0,False,True,0,4,0.0,1,3,0.3333,False,viirs_avg_rad_mean,positive,1.5485,1.0,13.0
cell_03_11,2026-05,0,3,0.0,True,True,1,4,0.25,1,3,0.3333,False,viirs_avg_rad_mean,positive,11.0371,1.0,13.0
cell_03_12,2026-05,0,3,0.0,False,True,0,4,0.0,1,3,0.3333,False,ndwi_mean,positive,2.8043,1.0,13.0
cell_03_13,2026-05,2,3,0.6667,False,True,2,4,0.5,1,3,0.3333,True,ndbi_mean,positive,9.0637,1.0,13.0
cell_03_14,2026-05,0,3,0.0,False,True,0,4,0.0,1,3,0.3333,False,ndvi_mean,positive,1.2698,1.0,13.0
cell_03_15,2026-05,0,3,0.0,False,True,0,4,0.0,1,3,0.3333,False,ndwi_mean,negative,1.54,1.0,13.0
cell_03_16,2026-05,1,3,0.3333,False,True,1,4,0.25,1,3,0.3333,False,ndvi_mean,positive,133.609,1.0,13.0
cell_03_17,2026-05,0,3,0.0,False,True,0,4,0.0,1,3,0.3333,False,ndwi_mean,positive,2.1563,1.0,13.0
cell_03_18,2026-05,0,3,0.0,True,True,1,4,0.25,1,3,0.3333,False,viirs_avg_rad_mean,positive,7.0202,1.0,13.0
cell_03_19,2026-05,0,3,0.0,False,True,0,4,0.0,1,3,0.3333,False,ndvi_mean,negative,1.711,1.0,13.0
cell_04_00,2026-05,0,3,0.0,False,True,0,4,0.0,1,3,0.3333,False,viirs_avg_rad_mean,negative,1.0541,1.0,13.0
cell_04_01,2026-05,0,3,0.0,False,True,0,4,0.0,1,3,0.3333,False,ndwi_mean,positive,1.5947,1.0,13.0
cell_04_02,2026-05,0,3,0.0,True,True,1,4,0.25,1,3,0.3333,False,viirs_avg_rad_mean,negative,7.9577,1.0,13.0
cell_04_03,2026-05,0,3,0.0,False,True,0,4,0.0,1,3,0.3333,False,viirs_avg_rad_mean,positive,2.5488,1.0,13.0
cell_04_04,2026-05,0,3,0.0,True,True,1,4,0.25,1,3,0.3333,False,viirs_avg_rad_mean,positive,5.5338,1.0,13.0
cell_04_05,2026-05,1,3,0.3333,True,True,2,4,0.5,1,3,0.3333,True,viirs_avg_rad_mean,positive,7.8042,1.0,13.0
cell_04_06,2026-05,1,3,0.3333,False,True,1,4,0.25,1,3,0.3333,False,ndwi_mean,positive,4.7676,1.0,13.0
cell_04_07,2026-05,0,3,0.0,False,True,0,4,0.0,1,3,0.3333,False,viirs_avg_rad_mean,positive,2.116,1.0,13.0
cell_04_08,2026-05,1,3,0.3333,False,True,1,4,0.25,1,3,0.3333,False,ndwi_mean,positive,3.995,1.0,13.0
cell_04_09,2026-05,0,3,0.0,False,True,0,4,0.0,1,3,0.3333,False,ndwi_mean,positive,0.6084,1.0,13.0
cell_04_10,2026-05,0,3,0.0,False,True,0,4,0.0,1,3,0.3333,False,viirs_avg_rad_mean,positive,0.9839,1.0,13.0
cell_04_11,2026-05,0,3,0.0,False,True,0,4,0.0,1,3,0.3333,False,viirs_avg_rad_mean,positive,2.8318,1.0,13.0
cell_04_12,2026-05,0,3,0.0,True,True,1,4,0.25,1,3,0.3333,False,viirs_avg_rad_mean,positive,35.3051,1.0,13.0
cell_04_13,2026-05,0,3,0.0,True,True,1,4,0.25,1,3,0.3333,False,viirs_avg_rad_mean,positive,4.0631,1.0,13.0
cell_04_14,2026-05,1,3,0.3333,True,True,2,4,0.5,1,3,0.3333,True,viirs_avg_rad_mean,positive,3.4517,1.0,13.0
cell_04_15,2026-05,0,3,0.0,False,True,0,4,0.0,1,3,0.3333,False,viirs_avg_rad_mean,positive,1.2153,1.0,13.0
cell_04_16,2026-05,1,3,0.3333,False,True,1,4,0.25,1,3,0.3333,False,ndwi_mean,positive,7.3881,1.0,13.0
cell_04_17,2026-05,1,3,0.3333,True,True,2,4,0.5,1,3,0.3333,True,viirs_avg_rad_mean,positive,4.6081,1.0,13.0
cell_04_18,2026-05,0,3,0.0,False,True,0,4,0.0,1,3,0.3333,False,ndvi_mean,negative,0.91,1.0,13.0
cell_04_19,2026-05,0,3,0.0,False,True,0,4,0.0,1,3,0.3333,False,viirs_avg_rad_mean,positive,2.1032,1.0,13.0
cell_05_00,2026-05,0,3,0.0,False,True,0,4,0.0,1,3,0.3333,False,viirs_avg_rad_mean,positive,2.8013,1.0,13.0
cell_05_01,2026-05,1,3,0.3333,True,True,2,4,0.5,1,3,0.3333,True,viirs_avg_rad_mean,positive,15.6181,1.0,13.0
cell_05_02,2026-05,2,3,0.6667,False,True,2,4,0.5,1,3,0.3333,True,ndvi_mean,positive,95.2313,1.0,13.0
cell_05_03,2026-05,1,3,0.3333,True,True,2,4,0.5,1,3,0.3333,True,ndwi_mean,positive,37.2444,0.9984,13.0
cell_05_04,2026-05,1,3,0.3333,False,True,1,4,0.25,1,3,0.3333,False,ndvi_mean,positive,5.1549,1.0,13.0
cell_05_05,2026-05,0,3,0.0,True,True,1,4,0.25,1,3,0.3333,False,viirs_avg_rad_mean,positive,102.9126,1.0,13.0
cell_05_06,2026-05,0,3,0.0,True,True,1,4,0.25,1,3,0.3333,False,viirs_avg_rad_mean,positive,5.3632,1.0,13.0
cell_05_07,2026-05,0,3,0.0,False,True,0,4,0.0,1,3,0.3333,False,ndwi_mean,positive,2.5273,1.0,13.0
cell_05_08,2026-05,1,3,0.3333,False,True,1,4,0.25,1,3,0.3333,False,ndwi_mean,positive,11.7564,1.0,13.0
cell_05_09,2026-05,0,3,0.0,False,True,0,4,0.0,1,3,0.3333,False,ndvi_mean,positive,1.4623,1.0,13.0
cell_05_10,2026-05,0,3,0.0,False,True,0,4,0.0,1,3,0.3333,False,viirs_avg_rad_mean,positive,0.6457,1.0,13.0
cell_05_11,2026-05,1,3,0.3333,False,True,1,4,0.25,1,3,0.3333,False,ndvi_mean,positive,6.6544,1.0,13.0
cell_05_12,2026-05,0,3,0.0,True,True,1,4,0.25,1,3,0.3333,False,viirs_avg_rad_mean,positive,35.0779,1.0,13.0
cell_05_13,2026-05,2,3,0.6667,True,True,3,4,0.75,1,3,0.3333,True,viirs_avg_rad_mean,positive,31.6735,1.0,13.0
cell_05_14,2026-05,2,3,0.6667,True,True,3,4,0.75,1,3,0.3333,True,viirs_avg_rad_mean,positive,24.8311,1.0,13.0
cell_05_15,2026-05,0,3,0.0,True,True,1,4,0.25,1,3,0.3333,False,viirs_avg_rad_mean,positive,36.8967,1.0,13.0
cell_05_16,2026-05,2,3,0.6667,True,True,3,4,0.75,1,3,0.3333,True,ndbi_mean,negative,22.3512,1.0,13.0
cell_05_17,2026-05,0,3,0.0,False,True,0,4,0.0,1,3,0.3333,False,viirs_avg_rad_mean,positive,2.7289,1.0,13.0
cell_05_18,2026-05,0,3,0.0,False,True,0,4,0.0,1,3,0.3333,False,ndvi_mean,positive,0.2893,1.0,13.0
cell_05_19,2026-05,1,3,0.3333,False,True,1,4,0.25,1,3,0.3333,False,ndvi_mean,positive,9.5198,1.0,13.0
cell_06_00,2026-05,0,3,0.0,False,True,0,4,0.0,1,3,0.3333,False,viirs_avg_rad_mean,positive,2.306,1.0,13.0
cell_06_01,2026-05,1,3,0.3333,True,True,2,4,0.5,1,3,0.3333,True,viirs_avg_rad_mean,positive,7.4525,1.0,13.0
cell_06_02,2026-05,0,3,0.0,False,True,0,4,0.0,1,3,0.3333,False,viirs_avg_rad_mean,positive,0.7225,1.0,13.0
cell_06_03,2026-05,0,3,0.0,False,True,0,4,0.0,1,3,0.3333,False,ndbi_mean,negative,0.483,1.0,13.0
cell_06_04,2026-05,0,3,0.0,False,True,0,4,0.0,1,3,0.3333,False,ndwi_mean,positive,0.7039,1.0,13.0
cell_06_05,2026-05,1,3,0.3333,False,True,1,4,0.25,1,3,0.3333,False,ndvi_mean,positive,3.0514,1.0,13.0
cell_06_06,2026-05,0,3,0.0,False,True,0,4,0.0,1,3,0.3333,False,viirs_avg_rad_mean,positive,1.712,1.0,13.0
cell_06_07,2026-05,2,3,0.6667,False,True,2,4,0.5,1,3,0.3333,True,ndbi_mean,negative,14.5376,1.0,13.0
cell_06_08,2026-05,0,3,0.0,False,True,0,4,0.0,1,3,0.3333,False,ndvi_mean,positive,1.0841,1.0,13.0
cell_06_09,2026-05,1,3,0.3333,False,True,1,4,0.25,1,3,0.3333,False,ndvi_mean,positive,4.1025,1.0,13.0
cell_06_10,2026-05,1,3,0.3333,False,True,1,4,0.25,1,3,0.3333,False,ndwi_mean,positive,4.0799,1.0,13.0
cell_06_11,2026-05,0,3,0.0,False,True,0,4,0.0,1,3,0.3333,False,viirs_avg_rad_mean,positive,1.9634,1.0,13.0
cell_06_12,2026-05,1,3,0.3333,True,True,2,4,0.5,1,3,0.3333,True,ndbi_mean,positive,7.651,1.0,13.0
cell_06_13,2026-05,1,3,0.3333,True,True,2,4,0.5,1,3,0.3333,True,viirs_avg_rad_mean,positive,4.1699,1.0,13.0
cell_06_14,2026-05,0,3,0.0,True,True,1,4,0.25,1,3,0.3333,False,viirs_avg_rad_mean,positive,10.708,1.0,13.0
cell_06_15,2026-05,0,3,0.0,True,True,1,4,0.25,1,3,0.3333,False,viirs_avg_rad_mean,positive,14.7392,1.0,13.0
cell_06_16,2026-05,1,3,0.3333,False,True,1,4,0.25,1,3,0.3333,False,ndbi_mean,negative,4.4251,1.0,13.0
cell_06_17,2026-05,0,3,0.0,False,True,0,4,0.0,1,3,0.3333,False,ndvi_mean,positive,0.7726,1.0,13.0
cell_06_18,2026-05,1,3,0.3333,True,True,2,4,0.5,1,3,0.3333,True,viirs_avg_rad_mean,positive,17.6829,1.0,13.0
cell_06_19,2026-05,1,3,0.3333,True,True,2,4,0.5,1,3,0.3333,True,viirs_avg_rad_mean,positive,10.3319,1.0,13.0
cell_07_00,2026-05,1,3,0.3333,True,True,2,4,0.5,1,3,0.3333,True,ndvi_mean,positive,51.2898,1.0,13.0
cell_07_01,2026-05,0,3,0.0,True,True,1,4,0.25,1,3,0.3333,False,viirs_avg_rad_mean,positive,15.2218,1.0,13.0
cell_07_02,2026-05,1,3,0.3333,False,True,1,4,0.25,1,3,0.3333,False,ndvi_mean,positive,3.4424,1.0,13.0
cell_07_03,2026-05,0,3,0.0,False,True,0,4,0.0,1,3,0.3333,False,ndvi_mean,positive,1.2601,1.0,13.0
cell_07_04,2026-05,1,3,0.3333,False,True,1,4,0.25,1,3,0.3333,False,ndvi_mean,positive,14.9469,1.0,13.0
cell_07_05,2026-05,0,3,0.0,True,True,1,4,0.25,1,3,0.3333,False,viirs_avg_rad_mean,positive,18.1256,1.0,13.0
cell_07_06,2026-05,0,3,0.0,False,True,0,4,0.0,1,3,0.3333,False,ndvi_mean,positive,2.22,1.0,13.0
cell_07_07,2026-05,0,3,0.0,True,True,1,4,0.25,1,3,0.3333,False,viirs_avg_rad_mean,negative,4.3504,1.0,13.0
cell_07_08,2026-05,0,3,0.0,False,True,0,4,0.0,1,3,0.3333,False,ndbi_mean,negative,2.0343,1.0,13.0
cell_07_09,2026-05,0,3,0.0,False,True,0,4,0.0,1,3,0.3333,False,viirs_avg_rad_mean,positive,2.7802,1.0,13.0
cell_07_10,2026-05,0,3,0.0,False,True,0,4,0.0,1,3,0.3333,False,viirs_avg_rad_mean,positive,2.9742,1.0,13.0
cell_07_11,2026-05,0,3,0.0,True,True,1,4,0.25,1,3,0.3333,False,viirs_avg_rad_mean,positive,8.7523,1.0,13.0
cell_07_12,2026-05,1,3,0.3333,False,True,1,4,0.25,1,3,0.3333,False,ndvi_mean,positive,3.9151,1.0,13.0
cell_07_13,2026-05,0,3,0.0,False,True,0,4,0.0,1,3,0.3333,False,viirs_avg_rad_mean,positive,2.8428,1.0,13.0
cell_07_14,2026-05,0,3,0.0,False,True,0,4,0.0,1,3,0.3333,False,viirs_avg_rad_mean,positive,1.9482,1.0,13.0
cell_07_15,2026-05,1,3,0.3333,True,True,2,4,0.5,1,3,0.3333,True,ndvi_mean,negative,3.5535,1.0,13.0
cell_07_16,2026-05,0,3,0.0,True,True,1,4,0.25,1,3,0.3333,False,viirs_avg_rad_mean,negative,5.6729,1.0,13.0
cell_07_17,2026-05,0,3,0.0,False,True,0,4,0.0,1,3,0.3333,False,ndbi_mean,negative,1.0711,1.0,13.0
cell_07_18,2026-05,0,3,0.0,False,True,0,4,0.0,1,3,0.3333,False,viirs_avg_rad_mean,positive,2.2021,1.0,13.0
cell_07_19,2026-05,1,3,0.3333,False,True,1,4,0.25,1,3,0.3333,False,ndwi_mean,positive,8.5668,1.0,13.0
cell_08_00,2026-05,0,3,0.0,False,True,0,4,0.0,1,3,0.3333,False,ndwi_mean,positive,0.3457,1.0,13.0
cell_08_01,2026-05,0,3,0.0,False,True,0,4,0.0,1,3,0.3333,False,ndvi_mean,positive,2.2656,1.0,13.0
cell_08_02,2026-05,1,3,0.3333,False,True,1,4,0.25,1,3,0.3333,False,ndbi_mean,negative,12.6695,1.0,13.0
cell_08_03,2026-05,0,3,0.0,False,True,0,4,0.0,1,3,0.3333,False,viirs_avg_rad_mean,positive,1.0561,1.0,13.0
cell_08_04,2026-05,1,3,0.3333,True,True,2,4,0.5,1,3,0.3333,True,viirs_avg_rad_mean,positive,6.8667,1.0,13.0
cell_08_05,2026-05,1,3,0.3333,True,True,2,4,0.5,1,3,0.3333,True,viirs_avg_rad_mean,positive,4.9425,1.0,13.0
cell_08_06,2026-05,1,3,0.3333,False,True,1,4,0.25,1,3,0.3333,False,ndwi_mean,positive,6.0485,1.0,13.0
cell_08_07,2026-05,2,3,0.6667,False,True,2,4,0.5,1,3,0.3333,True,ndbi_mean,negative,12.4658,1.0,13.0
cell_08_08,2026-05,0,3,0.0,False,True,0,4,0.0,1,3,0.3333,False,viirs_avg_rad_mean,positive,1.6761,1.0,13.0
cell_08_09,2026-05,2,3,0.6667,False,True,2,4,0.5,1,3,0.3333,True,ndvi_mean,positive,6.8569,1.0,13.0
cell_08_10,2026-05,0,3,0.0,False,True,0,4,0.0,1,3,0.3333,False,ndwi_mean,positive,2.6525,1.0,13.0
cell_08_11,2026-05,0,3,0.0,False,True,0,4,0.0,1,3,0.3333,False,ndvi_mean,positive,0.2638,1.0,13.0
cell_08_12,2026-05,1,3,0.3333,False,True,1,4,0.25,1,3,0.3333,False,ndwi_mean,positive,4.8165,1.0,13.0
cell_08_13,2026-05,1,3,0.3333,False,True,1,4,0.25,1,3,0.3333,False,ndbi_mean,negative,6.2674,1.0,13.0
cell_08_14,2026-05,0,3,0.0,False,True,0,4,0.0,1,3,0.3333,False,viirs_avg_rad_mean,positive,2.5146,1.0,13.0
cell_08_15,2026-05,0,3,0.0,True,True,1,4,0.25,1,3,0.3333,False,viirs_avg_rad_mean,positive,8.0202,1.0,13.0
cell_08_16,2026-05,1,3,0.3333,True,True,2,4,0.5,1,3,0.3333,True,ndvi_mean,positive,7.2361,1.0,13.0
cell_08_17,2026-05,1,3,0.3333,True,True,2,4,0.5,1,3,0.3333,True,viirs_avg_rad_mean,positive,8.4914,1.0,13.0
cell_08_18,2026-05,1,3,0.3333,True,True,2,4,0.5,1,3,0.3333,True,viirs_avg_rad_mean,positive,14.4735,1.0,13.0
cell_08_19,2026-05,0,3,0.0,True,True,1,4,0.25,1,3,0.3333,False,viirs_avg_rad_mean,positive,20.4025,1.0,13.0
cell_09_00,2026-05,0,3,0.0,False,True,0,4,0.0,1,3,0.3333,False,ndvi_mean,positive,2.3554,1.0,13.0
cell_09_01,2026-05,0,3,0.0,False,True,0,4,0.0,1,3,0.3333,False,ndvi_mean,positive,1.6501,1.0,13.0
cell_09_02,2026-05,0,3,0.0,True,True,1,4,0.25,1,3,0.3333,False,viirs_avg_rad_mean,positive,3.4149,1.0,13.0
cell_09_03,2026-05,0,3,0.0,False,True,0,4,0.0,1,3,0.3333,False,viirs_avg_rad_mean,positive,1.1231,1.0,13.0
cell_09_04,2026-05,0,3,0.0,False,True,0,4,0.0,1,3,0.3333,False,ndvi_mean,positive,1.4832,1.0,13.0
cell_09_05,2026-05,2,3,0.6667,False,True,2,4,0.5,1,3,0.3333,True,ndwi_mean,positive,15.8832,1.0,13.0
cell_09_06,2026-05,0,3,0.0,False,True,0,4,0.0,1,3,0.3333,False,viirs_avg_rad_mean,positive,2.5799,1.0,13.0
cell_09_07,2026-05,1,3,0.3333,True,True,2,4,0.5,1,3,0.3333,True,ndvi_mean,positive,3.5004,1.0,13.0
cell_09_08,2026-05,0,3,0.0,True,True,1,4,0.25,1,3,0.3333,False,viirs_avg_rad_mean,positive,34.1338,1.0,13.0
cell_09_09,2026-05,0,3,0.0,False,True,0,4,0.0,1,3,0.3333,False,viirs_avg_rad_mean,positive,1.3753,1.0,13.0
cell_09_10,2026-05,0,3,0.0,False,True,0,4,0.0,1,3,0.3333,False,ndwi_mean,positive,0.4189,1.0,13.0
cell_09_11,2026-05,0,3,0.0,False,True,0,4,0.0,1,3,0.3333,False,ndbi_mean,positive,1.7756,1.0,13.0
cell_09_12,2026-05,0,3,0.0,False,True,0,4,0.0,1,3,0.3333,False,viirs_avg_rad_mean,positive,1.9251,1.0,13.0
cell_09_13,2026-05,0,3,0.0,False,True,0,4,0.0,1,3,0.3333,False,ndwi_mean,negative,0.8146,1.0,13.0
cell_09_14,2026-05,0,3,0.0,True,True,1,4,0.25,1,3,0.3333,False,viirs_avg_rad_mean,positive,18.6013,1.0,13.0
cell_09_15,2026-05,1,3,0.3333,False,True,1,4,0.25,1,3,0.3333,False,ndwi_mean,positive,7.0955,1.0,13.0
cell_09_16,2026-05,0,3,0.0,True,True,1,4,0.25,1,3,0.3333,False,viirs_avg_rad_mean,positive,5.1446,1.0,13.0
cell_09_17,2026-05,1,3,0.3333,True,True,2,4,0.5,1,3,0.3333,True,ndwi_mean,positive,28.1434,1.0,13.0
cell_09_18,2026-05,0,3,0.0,True,True,1,4,0.25,1,3,0.3333,False,viirs_avg_rad_mean,positive,4.5965,1.0,13.0
cell_09_19,2026-05,0,3,0.0,True,True,1,4,0.25,1,3,0.3333,False,viirs_avg_rad_mean,positive,12.5285,1.0,13.0
cell_10_00,2026-05,0,3,0.0,False,True,0,4,0.0,1,3,0.3333,False,ndvi_mean,positive,2.7679,1.0,13.0
cell_10_01,2026-05,0,3,0.0,False,True,0,4,0.0,1,3,0.3333,False,ndvi_mean,positive,1.8662,1.0,13.0
cell_10_02,2026-05,1,3,0.3333,False,True,1,4,0.25,1,3,0.3333,False,ndvi_mean,positive,15.8519,1.0,13.0
cell_10_03,2026-05,0,3,0.0,False,True,0,4,0.0,1,3,0.3333,False,viirs_avg_rad_mean,positive,0.7205,1.0,13.0
cell_10_04,2026-05,0,3,0.0,False,True,0,4,0.0,1,3,0.3333,False,ndvi_mean,positive,2.3052,1.0,13.0
cell_10_05,2026-05,1,3,0.3333,False,True,1,4,0.25,1,3,0.3333,False,ndwi_mean,positive,4.8095,1.0,13.0
cell_10_06,2026-05,0,3,0.0,True,True,1,4,0.25,1,3,0.3333,False,viirs_avg_rad_mean,positive,4.584,1.0,13.0
cell_10_07,2026-05,2,3,0.6667,False,True,2,4,0.5,1,3,0.3333,True,ndvi_mean,positive,28.2794,1.0,13.0
cell_10_08,2026-05,0,3,0.0,False,True,0,4,0.0,1,3,0.3333,False,ndvi_mean,positive,1.1805,1.0,13.0
cell_10_09,2026-05,0,3,0.0,False,True,0,4,0.0,1,3,0.3333,False,viirs_avg_rad_mean,positive,2.6159,1.0,13.0
cell_10_10,2026-05,1,3,0.3333,False,True,1,4,0.25,1,3,0.3333,False,ndvi_mean,positive,22.8782,1.0,13.0
cell_10_11,2026-05,0,3,0.0,False,True,0,4,0.0,1,3,0.3333,False,ndwi_mean,positive,1.2707,1.0,13.0
cell_10_12,2026-05,0,3,0.0,True,True,1,4,0.25,1,3,0.3333,False,viirs_avg_rad_mean,positive,4.7316,1.0,13.0
cell_10_13,2026-05,1,3,0.3333,False,True,1,4,0.25,1,3,0.3333,False,ndwi_mean,positive,3.3631,1.0,13.0
cell_10_14,2026-05,1,3,0.3333,False,True,1,4,0.25,1,3,0.3333,False,ndwi_mean,positive,25.2415,1.0,13.0
cell_10_15,2026-05,0,3,0.0,False,True,0,4,0.0,1,3,0.3333,False,viirs_avg_rad_mean,positive,2.975,1.0,13.0
cell_10_16,2026-05,1,3,0.3333,True,True,2,4,0.5,1,3,0.3333,True,ndwi_mean,positive,7.1057,1.0,13.0
cell_10_17,2026-05,0,3,0.0,False,True,0,4,0.0,1,3,0.3333,False,viirs_avg_rad_mean,positive,2.4677,1.0,13.0
cell_10_18,2026-05,0,3,0.0,False,True,0,4,0.0,1,3,0.3333,False,viirs_avg_rad_mean,positive,2.0863,1.0,13.0
cell_10_19,2026-05,1,3,0.3333,True,True,2,4,0.5,1,3,0.3333,True,ndwi_mean,positive,7.1291,1.0,13.0
cell_11_00,2026-05,1,3,0.3333,False,True,1,4,0.25,1,3,0.3333,False,ndvi_mean,positive,5.2964,1.0,13.0
cell_11_01,2026-05,0,3,0.0,False,True,0,4,0.0,1,3,0.3333,False,ndvi_mean,positive,1.2645,1.0,13.0
cell_11_02,2026-05,0,3,0.0,False,True,0,4,0.0,1,3,0.3333,False,ndvi_mean,positive,1.152,1.0,13.0
cell_11_03,2026-05,0,3,0.0,True,True,1,4,0.25,1,3,0.3333,False,viirs_avg_rad_mean,negative,3.7709,1.0,13.0
cell_11_04,2026-05,0,3,0.0,True,True,1,4,0.25,1,3,0.3333,False,viirs_avg_rad_mean,negative,5.9042,1.0,13.0
cell_11_05,2026-05,1,3,0.3333,False,True,1,4,0.25,1,3,0.3333,False,ndwi_mean,negative,26.0825,1.0,13.0
cell_11_06,2026-05,3,3,1.0,False,True,3,4,0.75,1,3,0.3333,True,ndvi_mean,positive,8.9708,1.0,13.0
cell_11_07,2026-05,0,3,0.0,False,True,0,4,0.0,1,3,0.3333,False,viirs_avg_rad_mean,positive,0.9535,1.0,13.0
cell_11_08,2026-05,0,3,0.0,False,True,0,4,0.0,1,3,0.3333,False,viirs_avg_rad_mean,positive,1.7712,1.0,13.0
cell_11_09,2026-05,0,3,0.0,False,True,0,4,0.0,1,3,0.3333,False,viirs_avg_rad_mean,positive,1.6238,1.0,13.0
cell_11_10,2026-05,2,3,0.6667,False,True,2,4,0.5,1,3,0.3333,True,ndbi_mean,negative,11.7506,1.0,13.0
cell_11_11,2026-05,0,3,0.0,False,True,0,4,0.0,1,3,0.3333,False,viirs_avg_rad_mean,negative,2.3413,0.9984,13.0
cell_11_12,2026-05,0,3,0.0,False,True,0,4,0.0,1,3,0.3333,False,viirs_avg_rad_mean,negative,2.7532,1.0,13.0
cell_11_13,2026-05,0,3,0.0,False,True,0,4,0.0,1,3,0.3333,False,ndbi_mean,positive,2.8925,1.0,13.0
cell_11_14,2026-05,1,3,0.3333,False,True,1,4,0.25,1,3,0.3333,False,ndwi_mean,negative,3.2724,1.0,13.0
cell_11_15,2026-05,1,3,0.3333,False,True,1,4,0.25,1,3,0.3333,False,ndwi_mean,positive,5.3452,1.0,13.0
cell_11_16,2026-05,0,3,0.0,False,True,0,4,0.0,1,3,0.3333,False,viirs_avg_rad_mean,positive,2.4506,1.0,13.0
cell_11_17,2026-05,1,3,0.3333,False,True,1,4,0.25,1,3,0.3333,False,ndwi_mean,positive,4.2146,1.0,13.0
cell_11_18,2026-05,0,3,0.0,True,True,1,4,0.25,1,3,0.3333,False,viirs_avg_rad_mean,positive,3.4407,1.0,13.0
cell_11_19,2026-05,1,3,0.3333,True,True,2,4,0.5,1,3,0.3333,True,ndwi_mean,positive,11.4967,1.0,13.0
cell_12_00,2026-05,0,3,0.0,False,True,0,4,0.0,1,3,0.3333,False,ndvi_mean,positive,1.4775,1.0,13.0
cell_12_01,2026-05,1,3,0.3333,False,True,1,4,0.25,1,3,0.3333,False,ndvi_mean,positive,27.1115,1.0,13.0
cell_12_02,2026-05,0,3,0.0,False,True,0,4,0.0,1,3,0.3333,False,ndvi_mean,positive,2.1926,1.0,13.0
cell_12_03,2026-05,0,3,0.0,False,True,0,4,0.0,1,3,0.3333,False,ndvi_mean,positive,1.373,1.0,13.0
cell_12_04,2026-05,0,3,0.0,False,True,0,4,0.0,1,3,0.3333,False,viirs_avg_rad_mean,positive,0.3406,1.0,13.0
cell_12_05,2026-05,1,3,0.3333,False,True,1,4,0.25,1,3,0.3333,False,ndwi_mean,positive,49.1573,1.0,13.0
cell_12_06,2026-05,0,3,0.0,False,True,0,4,0.0,1,3,0.3333,False,ndwi_mean,negative,2.3888,1.0,13.0
cell_12_07,2026-05,0,3,0.0,False,True,0,4,0.0,1,3,0.3333,False,ndvi_mean,negative,1.4739,1.0,13.0
cell_12_08,2026-05,2,3,0.6667,True,True,3,4,0.75,1,3,0.3333,True,viirs_avg_rad_mean,positive,57.3242,1.0,13.0
cell_12_09,2026-05,0,3,0.0,True,True,1,4,0.25,1,3,0.3333,False,viirs_avg_rad_mean,positive,6.9558,1.0,13.0
cell_12_10,2026-05,0,3,0.0,False,True,0,4,0.0,1,3,0.3333,False,viirs_avg_rad_mean,positive,2.8806,1.0,13.0
cell_12_11,2026-05,0,3,0.0,False,True,0,4,0.0,1,3,0.3333,False,viirs_avg_rad_mean,negative,1.2877,1.0,13.0
cell_12_12,2026-05,1,3,0.3333,False,True,1,4,0.25,1,3,0.3333,False,ndwi_mean,negative,5.5146,1.0,13.0
cell_12_13,2026-05,1,3,0.3333,False,True,1,4,0.25,1,3,0.3333,False,ndwi_mean,positive,6.5767,1.0,13.0
cell_12_14,2026-05,0,3,0.0,False,True,0,4,0.0,1,3,0.3333,False,ndvi_mean,positive,0.9044,1.0,13.0
cell_12_15,2026-05,0,3,0.0,False,True,0,4,0.0,1,3,0.3333,False,viirs_avg_rad_mean,positive,1.5568,1.0,13.0
cell_12_16,2026-05,0,3,0.0,False,True,0,4,0.0,1,3,0.3333,False,viirs_avg_rad_mean,positive,2.0335,1.0,13.0
cell_12_17,2026-05,1,3,0.3333,True,True,2,4,0.5,1,3,0.3333,True,ndwi_mean,positive,3.6511,1.0,13.0
cell_12_18,2026-05,1,3,0.3333,False,True,1,4,0.25,1,3,0.3333,False,ndwi_mean,positive,25.7376,1.0,13.0
cell_12_19,2026-05,1,3,0.3333,True,True,2,4,0.5,1,3,0.3333,True,ndwi_mean,positive,9.2175,1.0,13.0
cell_13_00,2026-05,2,3,0.6667,True,True,3,4,0.75,1,3,0.3333,True,ndvi_mean,positive,29.2495,1.0,13.0
cell_13_01,2026-05,2,3,0.6667,False,True,2,4,0.5,1,3,0.3333,True,ndwi_mean,positive,22.4307,1.0,13.0
cell_13_02,2026-05,0,3,0.0,False,True,0,4,0.0,1,3,0.3333,False,ndwi_mean,positive,0.8462,1.0,13.0
cell_13_03,2026-05,1,3,0.3333,False,True,1,4,0.25,1,3,0.3333,False,ndvi_mean,positive,4.7798,1.0,13.0
cell_13_04,2026-05,0,3,0.0,False,True,0,4,0.0,1,3,0.3333,False,ndvi_mean,positive,1.2707,1.0,13.0
cell_13_05,2026-05,0,3,0.0,True,True,1,4,0.25,1,3,0.3333,False,viirs_avg_rad_mean,positive,12.7088,1.0,13.0
cell_13_06,2026-05,0,3,0.0,True,True,1,4,0.25,1,3,0.3333,False,viirs_avg_rad_mean,positive,4.2701,1.0,13.0
cell_13_07,2026-05,0,3,0.0,False,True,0,4,0.0,1,3,0.3333,False,ndwi_mean,positive,2.7421,1.0,13.0
cell_13_08,2026-05,1,3,0.3333,False,True,1,4,0.25,1,3,0.3333,False,ndbi_mean,positive,8.4724,1.0,13.0
cell_13_09,2026-05,1,3,0.3333,False,True,1,4,0.25,1,3,0.3333,False,ndvi_mean,positive,4.2087,1.0,13.0
cell_13_10,2026-05,0,3,0.0,False,True,0,4,0.0,1,3,0.3333,False,ndwi_mean,positive,0.2779,1.0,13.0
cell_13_11,2026-05,0,3,0.0,False,True,0,4,0.0,1,3,0.3333,False,ndwi_mean,negative,1.7416,1.0,13.0
cell_13_12,2026-05,0,3,0.0,True,True,1,4,0.25,1,3,0.3333,False,viirs_avg_rad_mean,negative,7.213,1.0,13.0
cell_13_13,2026-05,0,3,0.0,False,True,0,4,0.0,1,3,0.3333,False,viirs_avg_rad_mean,positive,2.5457,1.0,13.0
cell_13_14,2026-05,0,3,0.0,False,True,0,4,0.0,1,3,0.3333,False,viirs_avg_rad_mean,positive,1.17,1.0,13.0
cell_13_15,2026-05,0,3,0.0,False,True,0,4,0.0,1,3,0.3333,False,ndwi_mean,positive,1.7144,1.0,13.0
cell_13_16,2026-05,0,3,0.0,False,True,0,4,0.0,1,3,0.3333,False,ndvi_mean,negative,2.66,1.0,13.0
cell_13_17,2026-05,0,3,0.0,True,True,1,4,0.25,1,3,0.3333,False,viirs_avg_rad_mean,positive,10.3166,1.0,13.0
cell_13_18,2026-05,0,3,0.0,True,True,1,4,0.25,1,3,0.3333,False,viirs_avg_rad_mean,positive,3.8561,1.0,13.0
cell_13_19,2026-05,0,3,0.0,False,True,0,4,0.0,1,3,0.3333,False,viirs_avg_rad_mean,positive,1.6934,1.0,13.0
cell_14_00,2026-05,1,3,0.3333,True,True,2,4,0.5,1,3,0.3333,True,ndvi_mean,positive,19.8842,1.0,13.0
cell_14_01,2026-05,1,3,0.3333,True,True,2,4,0.5,1,3,0.3333,True,ndwi_mean,positive,4.2259,0.9984,13.0
cell_14_02,2026-05,0,3,0.0,False,True,0,4,0.0,1,3,0.3333,False,viirs_avg_rad_mean,positive,1.2794,1.0,13.0
cell_14_03,2026-05,1,3,0.3333,False,True,1,4,0.25,1,3,0.3333,False,ndvi_mean,positive,12.9716,1.0,13.0
cell_14_04,2026-05,1,3,0.3333,False,True,1,4,0.25,1,3,0.3333,False,ndwi_mean,positive,4.4174,1.0,13.0
cell_14_05,2026-05,0,3,0.0,True,True,1,4,0.25,1,3,0.3333,False,viirs_avg_rad_mean,positive,3.3881,1.0,13.0
cell_14_06,2026-05,0,3,0.0,True,True,1,4,0.25,1,3,0.3333,False,viirs_avg_rad_mean,positive,4.2676,1.0,13.0
cell_14_07,2026-05,0,3,0.0,False,True,0,4,0.0,1,3,0.3333,False,viirs_avg_rad_mean,positive,1.5882,1.0,13.0
cell_14_08,2026-05,0,3,0.0,False,True,0,4,0.0,1,3,0.3333,False,ndbi_mean,positive,1.6889,1.0,13.0
cell_14_09,2026-05,1,3,0.3333,False,True,1,4,0.25,1,3,0.3333,False,ndvi_mean,positive,3.1619,1.0,13.0
cell_14_10,2026-05,1,3,0.3333,False,True,1,4,0.25,1,3,0.3333,False,ndwi_mean,positive,41.008,1.0,13.0
cell_14_11,2026-05,0,3,0.0,False,True,0,4,0.0,1,3,0.3333,False,ndwi_mean,positive,2.9173,1.0,13.0
cell_14_12,2026-05,0,3,0.0,False,True,0,4,0.0,1,3,0.3333,False,ndvi_mean,negative,2.2699,1.0,13.0
cell_14_13,2026-05,0,3,0.0,False,True,0,4,0.0,1,3,0.3333,False,ndvi_mean,positive,2.433,1.0,13.0
cell_14_14,2026-05,1,3,0.3333,False,True,1,4,0.25,1,3,0.3333,False,ndwi_mean,positive,84.2925,0.9984,13.0
cell_14_15,2026-05,1,3,0.3333,False,True,1,4,0.25,1,3,0.3333,False,ndwi_mean,positive,37.1509,1.0,13.0
cell_14_16,2026-05,2,3,0.6667,False,True,2,4,0.5,1,3,0.3333,True,ndwi_mean,positive,48.9571,1.0,13.0
cell_14_17,2026-05,0,3,0.0,True,True,1,4,0.25,1,3,0.3333,False,viirs_avg_rad_mean,positive,3.0674,1.0,13.0
cell_14_18,2026-05,0,3,0.0,False,True,0,4,0.0,1,3,0.3333,False,viirs_avg_rad_mean,positive,1.5601,1.0,13.0
cell_14_19,2026-05,0,3,0.0,False,True,0,4,0.0,1,3,0.3333,False,ndvi_mean,negative,2.0708,1.0,13.0
cell_15_00,2026-05,1,3,0.3333,False,True,1,4,0.25,1,3,0.3333,False,ndvi_mean,positive,59.6992,1.0,13.0
cell_15_01,2026-05,1,3,0.3333,False,True,1,4,0.25,1,3,0.3333,False,ndwi_mean,positive,17.6754,1.0,13.0
cell_15_02,2026-05,0,3,0.0,False,True,0,4,0.0,1,3,0.3333,False,viirs_avg_rad_mean,positive,1.5312,1.0,13.0
cell_15_03,2026-05,1,3,0.3333,False,True,1,4,0.25,1,3,0.3333,False,ndbi_mean,negative,3.9776,1.0,13.0
cell_15_04,2026-05,1,3,0.3333,False,True,1,4,0.25,1,3,0.3333,False,ndvi_mean,positive,6.3591,1.0,13.0
cell_15_05,2026-05,0,3,0.0,False,True,0,4,0.0,1,3,0.3333,False,viirs_avg_rad_mean,positive,1.9173,1.0,13.0
cell_15_06,2026-05,0,3,0.0,False,True,0,4,0.0,1,3,0.3333,False,viirs_avg_rad_mean,positive,2.347,1.0,13.0
cell_15_07,2026-05,0,3,0.0,False,True,0,4,0.0,1,3,0.3333,False,viirs_avg_rad_mean,positive,1.8567,1.0,13.0
cell_15_08,2026-05,0,3,0.0,False,True,0,4,0.0,1,3,0.3333,False,ndwi_mean,positive,2.634,1.0,13.0
cell_15_09,2026-05,2,3,0.6667,False,True,2,4,0.5,1,3,0.3333,True,ndvi_mean,negative,10.2796,1.0,13.0
cell_15_10,2026-05,1,3,0.3333,False,True,1,4,0.25,1,3,0.3333,False,ndwi_mean,positive,17.7685,1.0,13.0
cell_15_11,2026-05,0,3,0.0,False,True,0,4,0.0,1,3,0.3333,False,ndbi_mean,negative,0.8917,1.0,13.0
cell_15_12,2026-05,1,3,0.3333,False,True,1,4,0.25,1,3,0.3333,False,ndwi_mean,positive,5.0827,1.0,13.0
cell_15_13,2026-05,0,3,0.0,False,True,0,4,0.0,1,3,0.3333,False,ndwi_mean,positive,2.4149,1.0,13.0
cell_15_14,2026-05,2,3,0.6667,True,True,3,4,0.75,1,3,0.3333,True,ndvi_mean,positive,7.5979,1.0,13.0
cell_15_15,2026-05,0,3,0.0,False,True,0,4,0.0,1,3,0.3333,False,viirs_avg_rad_mean,positive,2.3287,1.0,13.0
cell_15_16,2026-05,0,3,0.0,True,True,1,4,0.25,1,3,0.3333,False,viirs_avg_rad_mean,positive,3.4836,1.0,13.0
cell_15_17,2026-05,0,3,0.0,False,True,0,4,0.0,1,3,0.3333,False,viirs_avg_rad_mean,positive,1.0176,1.0,13.0
cell_15_18,2026-05,0,3,0.0,False,True,0,4,0.0,1,3,0.3333,False,viirs_avg_rad_mean,positive,0.9133,1.0,13.0
cell_15_19,2026-05,0,3,0.0,False,True,0,4,0.0,1,3,0.3333,False,viirs_avg_rad_mean,positive,1.1746,1.0,13.0
cell_16_00,2026-05,0,3,0.0,False,True,0,4,0.0,1,3,0.3333,False,viirs_avg_rad_mean,positive,1.3433,1.0,13.0
cell_16_01,2026-05,0,3,0.0,False,True,0,4,0.0,1,3,0.3333,False,ndvi_mean,positive,1.0694,1.0,13.0
cell_16_02,2026-05,0,3,0.0,False,True,0,4,0.0,1,3,0.3333,False,viirs_avg_rad_mean,positive,2.9266,1.0,13.0
cell_16_03,2026-05,0,3,0.0,False,True,0,4,0.0,1,3,0.3333,False,ndbi_mean,negative,2.842,1.0,13.0
cell_16_04,2026-05,1,3,0.3333,False,True,1,4,0.25,1,3,0.3333,False,ndwi_mean,positive,3.5996,1.0,13.0
cell_16_05,2026-05,1,3,0.3333,False,True,1,4,0.25,1,3,0.3333,False,ndvi_mean,positive,10.0726,1.0,13.0
cell_16_06,2026-05,2,3,0.6667,False,True,2,4,0.5,1,3,0.3333,True,ndwi_mean,positive,15.4747,1.0,13.0
cell_16_07,2026-05,1,3,0.3333,False,True,1,4,0.25,1,3,0.3333,False,ndwi_mean,positive,3.0986,1.0,13.0
cell_16_08,2026-05,1,3,0.3333,True,True,2,4,0.5,1,3,0.3333,True,viirs_avg_rad_mean,positive,15.2097,1.0,13.0
cell_16_09,2026-05,1,3,0.3333,False,True,1,4,0.25,1,3,0.3333,False,ndvi_mean,positive,3.1241,1.0,13.0
cell_16_10,2026-05,3,3,1.0,True,True,4,4,1.0,1,3,0.3333,True,ndbi_mean,negative,39.6159,1.0,13.0
cell_16_11,2026-05,1,3,0.3333,False,True,1,4,0.25,1,3,0.3333,False,ndwi_mean,positive,5.7722,1.0,13.0
cell_16_12,2026-05,0,3,0.0,False,True,0,4,0.0,1,3,0.3333,False,viirs_avg_rad_mean,positive,1.5779,1.0,13.0
cell_16_13,2026-05,0,3,0.0,False,True,0,4,0.0,1,3,0.3333,False,ndwi_mean,positive,1.5421,1.0,13.0
cell_16_14,2026-05,1,3,0.3333,False,True,1,4,0.25,1,3,0.3333,False,ndvi_mean,positive,3.2378,1.0,13.0
cell_16_15,2026-05,0,3,0.0,False,True,0,4,0.0,1,3,0.3333,False,ndwi_mean,positive,2.9521,1.0,13.0
cell_16_16,2026-05,1,3,0.3333,False,True,1,4,0.25,1,3,0.3333,False,ndwi_mean,positive,3.4973,1.0,13.0
cell_16_17,2026-05,0,3,0.0,False,True,0,4,0.0,1,3,0.3333,False,ndvi_mean,positive,1.0245,1.0,13.0
cell_16_18,2026-05,0,3,0.0,False,True,0,4,0.0,1,3,0.3333,False,viirs_avg_rad_mean,positive,1.2204,1.0,13.0
cell_16_19,2026-05,0,3,0.0,False,True,0,4,0.0,1,3,0.3333,False,viirs_avg_rad_mean,positive,2.2875,1.0,13.0
cell_17_00,2026-05,1,3,0.3333,False,True,1,4,0.25,1,3,0.3333,False,ndvi_mean,negative,7.1164,1.0,13.0
cell_17_01,2026-05,0,3,0.0,True,True,1,4,0.25,1,3,0.3333,False,viirs_avg_rad_mean,positive,5.3659,1.0,13.0
cell_17_02,2026-05,1,3,0.3333,False,True,1,4,0.25,1,3,0.3333,False,ndbi_mean,negative,18.0118,1.0,13.0
cell_17_03,2026-05,1,3,0.3333,True,True,2,4,0.5,1,3,0.3333,True,viirs_avg_rad_mean,positive,77.5965,1.0,13.0
cell_17_04,2026-05,1,3,0.3333,False,True,1,4,0.25,1,3,0.3333,False,ndvi_mean,positive,3.6509,1.0,13.0
cell_17_05,2026-05,3,3,1.0,True,True,4,4,1.0,1,3,0.3333,True,viirs_avg_rad_mean,negative,90.8184,1.0,13.0
cell_17_06,2026-05,0,3,0.0,False,True,0,4,0.0,1,3,0.3333,False,ndbi_mean,positive,1.7215,1.0,13.0
cell_17_07,2026-05,0,3,0.0,True,True,1,4,0.25,1,3,0.3333,False,viirs_avg_rad_mean,negative,14.3732,1.0,13.0
cell_17_08,2026-05,0,3,0.0,False,True,0,4,0.0,1,3,0.3333,False,viirs_avg_rad_mean,negative,1.0881,1.0,13.0
cell_17_09,2026-05,1,3,0.3333,False,True,1,4,0.25,1,3,0.3333,False,ndwi_mean,negative,3.3309,1.0,13.0
cell_17_10,2026-05,0,3,0.0,False,True,0,4,0.0,1,3,0.3333,False,viirs_avg_rad_mean,positive,0.7605,1.0,13.0
cell_17_11,2026-05,0,3,0.0,False,True,0,4,0.0,1,3,0.3333,False,viirs_avg_rad_mean,positive,1.6154,1.0,13.0
cell_17_12,2026-05,0,3,0.0,False,True,0,4,0.0,1,3,0.3333,False,ndwi_mean,positive,1.8014,1.0,13.0
cell_17_13,2026-05,0,3,0.0,False,True,0,4,0.0,1,3,0.3333,False,ndbi_mean,negative,2.8087,1.0,13.0
cell_17_14,2026-05,0,3,0.0,False,True,0,4,0.0,1,3,0.3333,False,viirs_avg_rad_mean,positive,1.2057,1.0,13.0
cell_17_15,2026-05,0,3,0.0,False,True,0,4,0.0,1,3,0.3333,False,viirs_avg_rad_mean,positive,1.3608,1.0,13.0
cell_17_16,2026-05,0,3,0.0,False,True,0,4,0.0,1,3,0.3333,False,ndwi_mean,positive,2.8693,1.0,13.0
cell_17_17,2026-05,0,3,0.0,False,True,0,4,0.0,1,3,0.3333,False,ndvi_mean,negative,2.1566,1.0,13.0
cell_17_18,2026-05,0,3,0.0,False,True,0,4,0.0,1,3,0.3333,False,ndwi_mean,positive,1.1558,1.0,13.0
cell_17_19,2026-05,0,3,0.0,False,True,0,4,0.0,1,3,0.3333,False,viirs_avg_rad_mean,positive,1.2085,1.0,13.0
cell_18_00,2026-05,0,3,0.0,True,True,1,4,0.25,1,3,0.3333,False,viirs_avg_rad_mean,positive,5.8382,1.0,13.0
cell_18_01,2026-05,1,3,0.3333,True,True,2,4,0.5,1,3,0.3333,True,ndvi_mean,positive,5.9505,1.0,13.0
cell_18_02,2026-05,1,3,0.3333,False,True,1,4,0.25,1,3,0.3333,False,ndwi_mean,positive,3.491,1.0,13.0
cell_18_03,2026-05,1,3,0.3333,False,True,1,4,0.25,1,3,0.3333,False,ndwi_mean,positive,4.3121,1.0,13.0
cell_18_04,2026-05,0,3,0.0,False,True,0,4,0.0,1,3,0.3333,False,ndwi_mean,negative,2.6771,1.0,13.0
cell_18_05,2026-05,1,3,0.3333,True,True,2,4,0.5,1,3,0.3333,True,viirs_avg_rad_mean,negative,7.5356,1.0,13.0
cell_18_06,2026-05,3,3,1.0,True,True,4,4,1.0,1,3,0.3333,True,ndwi_mean,negative,7.1618,1.0,13.0
cell_18_07,2026-05,0,3,0.0,True,True,1,4,0.25,1,3,0.3333,False,viirs_avg_rad_mean,negative,9.05,1.0,13.0
cell_18_08,2026-05,0,3,0.0,True,True,1,4,0.25,1,3,0.3333,False,viirs_avg_rad_mean,negative,5.1868,1.0,13.0
cell_18_09,2026-05,2,3,0.6667,False,True,2,4,0.5,1,3,0.3333,True,ndbi_mean,negative,22.8069,1.0,13.0
cell_18_10,2026-05,0,3,0.0,True,True,1,4,0.25,1,3,0.3333,False,viirs_avg_rad_mean,positive,3.1377,1.0,13.0
cell_18_11,2026-05,0,3,0.0,False,True,0,4,0.0,1,3,0.3333,False,viirs_avg_rad_mean,positive,2.2957,1.0,13.0
cell_18_12,2026-05,0,3,0.0,True,True,1,4,0.25,1,3,0.3333,False,viirs_avg_rad_mean,positive,7.7219,1.0,13.0
cell_18_13,2026-05,1,3,0.3333,False,True,1,4,0.25,1,3,0.3333,False,ndwi_mean,positive,5.0767,1.0,13.0
cell_18_14,2026-05,0,3,0.0,False,True,0,4,0.0,1,3,0.3333,False,ndwi_mean,positive,2.4071,1.0,13.0
cell_18_15,2026-05,0,3,0.0,False,True,0,4,0.0,1,3,0.3333,False,viirs_avg_rad_mean,positive,1.2934,1.0,13.0
cell_18_16,2026-05,0,3,0.0,False,True,0,4,0.0,1,3,0.3333,False,ndwi_mean,positive,1.3085,1.0,13.0
cell_18_17,2026-05,1,3,0.3333,False,True,1,4,0.25,1,3,0.3333,False,ndvi_mean,negative,3.409,1.0,13.0
cell_18_18,2026-05,0,3,0.0,False,True,0,4,0.0,1,3,0.3333,False,ndbi_mean,negative,1.2306,1.0,13.0
cell_18_19,2026-05,1,3,0.3333,False,True,1,4,0.25,1,3,0.3333,False,ndwi_mean,positive,4.9407,1.0,13.0
cell_19_00,2026-05,1,3,0.3333,True,True,2,4,0.5,1,3,0.3333,True,ndbi_mean,negative,11.6875,1.0,13.0
cell_19_01,2026-05,0,3,0.0,True,True,1,4,0.25,1,3,0.3333,False,viirs_avg_rad_mean,positive,6.639,1.0,13.0
cell_19_02,2026-05,1,3,0.3333,False,True,1,4,0.25,1,3,0.3333,False,ndwi_mean,negative,3.7705,1.0,13.0
cell_19_03,2026-05,0,3,0.0,False,True,0,4,0.0,1,3,0.3333,False,ndwi_mean,negative,2.5493,1.0,13.0
cell_19_04,2026-05,0,3,0.0,True,True,1,4,0.25,1,3,0.3333,False,viirs_avg_rad_mean,negative,27.4686,1.0,13.0
cell_19_05,2026-05,2,3,0.6667,False,True,2,4,0.5,1,3,0.3333,True,ndwi_mean,negative,49.5217,1.0,13.0
cell_19_06,2026-05,1,3,0.3333,False,True,1,4,0.25,1,3,0.3333,False,ndwi_mean,positive,7.0951,1.0,13.0
cell_19_07,2026-05,1,3,0.3333,False,True,1,4,0.25,1,3,0.3333,False,ndvi_mean,negative,4.067,1.0,13.0
cell_19_08,2026-05,0,3,0.0,False,True,0,4,0.0,1,3,0.3333,False,viirs_avg_rad_mean,negative,2.4494,1.0,13.0
cell_19_09,2026-05,3,3,1.0,False,True,3,4,0.75,1,3,0.3333,True,ndwi_mean,negative,162.3849,1.0,13.0
cell_19_10,2026-05,0,3,0.0,False,True,0,4,0.0,1,3,0.3333,False,viirs_avg_rad_mean,positive,2.4665,1.0,13.0
cell_19_11,2026-05,1,3,0.3333,True,True,2,4,0.5,1,3,0.3333,True,viirs_avg_rad_mean,positive,8.2711,1.0,13.0
cell_19_12,2026-05,0,3,0.0,True,True,1,4,0.25,1,3,0.3333,False,viirs_avg_rad_mean,positive,8.7119,1.0,13.0
cell_19_13,2026-05,0,3,0.0,True,True,1,4,0.25,1,3,0.3333,False,viirs_avg_rad_mean,positive,4.1504,1.0,13.0
cell_19_14,2026-05,0,3,0.0,False,True,0,4,0.0,1,3,0.3333,False,ndvi_mean,negative,2.1257,1.0,13.0
cell_19_15,2026-05,0,3,0.0,False,True,0,4,0.0,1,3,0.3333,False,ndwi_mean,positive,1.7995,1.0,13.0
cell_19_16,2026-05,0,3,0.0,False,True,0,4,0.0,1,3,0.3333,False,viirs_avg_rad_mean,positive,0.7161,1.0,13.0
cell_19_17,2026-05,0,3,0.0,False,True,0,4,0.0,1,3,0.3333,False,ndvi_mean,negative,2.2382,1.0,13.0
cell_19_18,2026-05,0,3,0.0,True,True,1,4,0.25,1,3,0.3333,False,viirs_avg_rad_mean,negative,6.5167,1.0,13.0
cell_19_19,2026-05,0,3,0.0,False,True,0,4,0.0,1,3,0.3333,False,ndwi_mean,positive,0.9272,1.0,13.0
cell_20_00,2026-05,0,3,0.0,False,True,0,4,0.0,1,3,0.3333,False,ndvi_mean,positive,2.3752,1.0,13.0
cell_20_01,2026-05,0,3,0.0,False,True,0,4,0.0,1,3,0.3333,False,ndbi_mean,negative,2.429,1.0,13.0
cell_20_02,2026-05,1,3,0.3333,False,True,1,4,0.25,1,3,0.3333,False,ndwi_mean,positive,3.6247,1.0,13.0
cell_20_03,2026-05,0,3,0.0,False,True,0,4,0.0,1,3,0.3333,False,ndvi_mean,positive,1.7855,1.0,13.0
cell_20_04,2026-05,3,3,1.0,False,True,3,4,0.75,1,3,0.3333,True,ndbi_mean,positive,6.9884,1.0,13.0
cell_20_05,2026-05,1,3,0.3333,False,True,1,4,0.25,1,3,0.3333,False,ndvi_mean,negative,10.5314,1.0,13.0
cell_20_06,2026-05,1,3,0.3333,False,True,1,4,0.25,1,3,0.3333,False,ndwi_mean,positive,3.4851,1.0,13.0
cell_20_07,2026-05,1,3,0.3333,False,True,1,4,0.25,1,3,0.3333,False,ndwi_mean,positive,6.0713,0.9984,13.0
cell_20_08,2026-05,0,3,0.0,False,True,0,4,0.0,1,3,0.3333,False,viirs_avg_rad_mean,negative,1.0136,1.0,13.0
cell_20_09,2026-05,1,3,0.3333,True,True,2,4,0.5,1,3,0.3333,True,ndbi_mean,negative,79.7296,1.0,13.0
cell_20_10,2026-05,0,3,0.0,True,True,1,4,0.25,1,3,0.3333,False,viirs_avg_rad_mean,positive,12.4229,1.0,13.0
cell_20_11,2026-05,2,3,0.6667,True,True,3,4,0.75,1,3,0.3333,True,viirs_avg_rad_mean,positive,16.5166,1.0,13.0
cell_20_12,2026-05,0,3,0.0,True,True,1,4,0.25,1,3,0.3333,False,viirs_avg_rad_mean,positive,8.3537,1.0,13.0
cell_20_13,2026-05,0,3,0.0,True,True,1,4,0.25,1,3,0.3333,False,viirs_avg_rad_mean,positive,3.8429,1.0,13.0
cell_20_14,2026-05,2,3,0.6667,False,True,2,4,0.5,1,3,0.3333,True,ndbi_mean,positive,4.6343,1.0,13.0
cell_20_15,2026-05,1,3,0.3333,False,True,1,4,0.25,1,3,0.3333,False,ndvi_mean,negative,5.9782,1.0,13.0
cell_20_16,2026-05,1,3,0.3333,False,True,1,4,0.25,1,3,0.3333,False,viirs_avg_rad_mean,positive,0.4402,1.0,13.0
cell_20_17,2026-05,1,3,0.3333,False,True,1,4,0.25,1,3,0.3333,False,ndvi_mean,negative,7.3737,1.0,13.0
cell_20_18,2026-05,0,3,0.0,False,True,0,4,0.0,1,3,0.3333,False,ndvi_mean,positive,0.4532,1.0,13.0
cell_20_19,2026-05,0,3,0.0,False,True,0,4,0.0,1,3,0.3333,False,ndvi_mean,positive,1.0051,1.0,13.0
cell_21_00,2026-05,0,3,0.0,False,True,0,4,0.0,1,3,0.3333,False,ndwi_mean,positive,0.962,1.0,13.0
cell_21_01,2026-05,1,3,0.3333,True,True,2,4,0.5,1,3,0.3333,True,viirs_avg_rad_mean,positive,11.2017,1.0,13.0
cell_21_02,2026-05,1,3,0.3333,False,True,1,4,0.25,1,3,0.3333,False,ndwi_mean,negative,3.6978,1.0,13.0
cell_21_03,2026-05,0,3,0.0,False,True,0,4,0.0,1,3,0.3333,False,viirs_avg_rad_mean,negative,1.5298,1.0,13.0
cell_21_04,2026-05,1,3,0.3333,True,True,2,4,0.5,1,3,0.3333,True,viirs_avg_rad_mean,negative,10.4533,1.0,13.0
cell_21_05,2026-05,0,3,0.0,True,True,1,4,0.25,1,3,0.3333,False,viirs_avg_rad_mean,negative,27.1927,1.0,13.0
cell_21_06,2026-05,2,3,0.6667,True,True,3,4,0.75,1,3,0.3333,True,ndbi_mean,negative,11.7131,1.0,13.0
cell_21_07,2026-05,1,3,0.3333,False,True,1,4,0.25,1,3,0.3333,False,ndwi_mean,positive,30.7302,1.0,13.0
cell_21_08,2026-05,0,3,0.0,False,True,0,4,0.0,1,3,0.3333,False,ndwi_mean,positive,2.3748,1.0,13.0
cell_21_09,2026-05,1,3,0.3333,False,True,1,4,0.25,1,3,0.3333,False,ndvi_mean,positive,3.5768,1.0,13.0
cell_21_10,2026-05,2,3,0.6667,True,True,3,4,0.75,1,3,0.3333,True,viirs_avg_rad_mean,positive,12.5794,1.0,13.0
cell_21_11,2026-05,1,3,0.3333,True,True,2,4,0.5,1,3,0.3333,True,ndwi_mean,positive,27.134,1.0,13.0
cell_21_12,2026-05,1,3,0.3333,True,True,2,4,0.5,1,3,0.3333,True,viirs_avg_rad_mean,positive,3.2237,1.0,13.0
cell_21_13,2026-05,0,3,0.0,False,True,0,4,0.0,1,3,0.3333,False,viirs_avg_rad_mean,positive,2.4309,1.0,13.0
cell_21_14,2026-05,1,3,0.3333,False,True,1,4,0.25,1,3,0.3333,False,ndwi_mean,positive,5.2389,1.0,13.0
cell_21_15,2026-05,1,3,0.3333,False,True,1,4,0.25,1,3,0.3333,False,ndbi_mean,positive,4.4396,1.0,13.0
cell_21_16,2026-05,0,3,0.0,False,True,0,4,0.0,1,3,0.3333,False,ndvi_mean,positive,1.4295,1.0,13.0
cell_21_17,2026-05,0,3,0.0,False,True,0,4,0.0,1,3,0.3333,False,viirs_avg_rad_mean,positive,0.6609,1.0,13.0
cell_21_18,2026-05,0,3,0.0,False,True,0,4,0.0,1,3,0.3333,False,ndwi_mean,positive,0.8908,1.0,13.0
cell_21_19,2026-05,0,3,0.0,False,True,0,4,0.0,1,3,0.3333,False,ndwi_mean,positive,1.2249,1.0,13.0
cell_22_00,2026-05,1,3,0.3333,False,True,1,4,0.25,1,3,0.3333,False,ndwi_mean,positive,4.032,1.0,13.0
cell_22_01,2026-05,1,3,0.3333,False,True,1,4,0.25,1,3,0.3333,False,ndvi_mean,positive,7.1555,1.0,13.0
cell_22_02,2026-05,1,3,0.3333,False,True,1,4,0.25,1,3,0.3333,False,ndvi_mean,positive,13.8147,1.0,13.0
cell_22_03,2026-05,1,3,0.3333,False,True,1,4,0.25,1,3,0.3333,False,ndvi_mean,positive,11.1212,1.0,13.0
cell_22_04,2026-05,0,3,0.0,True,True,1,4,0.25,1,3,0.3333,False,viirs_avg_rad_mean,negative,15.5019,1.0,13.0
cell_22_05,2026-05,0,3,0.0,True,True,1,4,0.25,1,3,0.3333,False,viirs_avg_rad_mean,negative,30.637,1.0,13.0
cell_22_06,2026-05,1,3,0.3333,False,True,1,4,0.25,1,3,0.3333,False,ndvi_mean,positive,5.469,1.0,13.0
cell_22_07,2026-05,0,3,0.0,False,True,0,4,0.0,1,3,0.3333,False,ndbi_mean,positive,0.7662,1.0,13.0
cell_22_08,2026-05,0,3,0.0,False,True,0,4,0.0,1,3,0.3333,False,viirs_avg_rad_mean,negative,2.4216,1.0,13.0
cell_22_09,2026-05,0,3,0.0,False,True,0,4,0.0,1,3,0.3333,False,viirs_avg_rad_mean,positive,1.7686,1.0,13.0
cell_22_10,2026-05,0,3,0.0,True,True,1,4,0.25,1,3,0.3333,False,viirs_avg_rad_mean,positive,7.2622,1.0,13.0
cell_22_11,2026-05,1,3,0.3333,False,True,1,4,0.25,1,3,0.3333,False,ndwi_mean,positive,6.9487,1.0,13.0
cell_22_12,2026-05,0,3,0.0,False,True,0,4,0.0,1,3,0.3333,False,viirs_avg_rad_mean,positive,1.702,1.0,13.0
cell_22_13,2026-05,0,3,0.0,False,True,0,4,0.0,1,3,0.3333,False,ndvi_mean,negative,1.5296,1.0,13.0
cell_22_14,2026-05,0,3,0.0,False,True,0,4,0.0,1,3,0.3333,False,viirs_avg_rad_mean,positive,1.8762,1.0,13.0
cell_22_15,2026-05,0,3,0.0,False,True,0,4,0.0,1,3,0.3333,False,viirs_avg_rad_mean,positive,2.0046,1.0,13.0
cell_22_16,2026-05,1,3,0.3333,False,True,1,4,0.25,1,3,0.3333,False,ndwi_mean,positive,4.731,1.0,13.0
cell_22_17,2026-05,1,3,0.3333,False,True,1,4,0.25,1,3,0.3333,False,ndvi_mean,negative,30.0625,1.0,13.0
cell_22_18,2026-05,0,3,0.0,False,True,0,4,0.0,1,3,0.3333,False,ndvi_mean,negative,2.9869,1.0,13.0
cell_22_19,2026-05,0,3,0.0,False,True,0,4,0.0,1,3,0.3333,False,ndbi_mean,negative,1.4346,1.0,13.0
cell_00_00,2026-06,2,3,0.6667,True,True,3,4,0.75,1,3,0.3333,True,ndvi_mean,negative,23.4149,1.0,9.85
cell_00_01,2026-06,1,3,0.3333,False,True,1,4,0.25,1,3,0.3333,False,ndbi_mean,positive,4.7076,1.0,10.84
cell_00_02,2026-06,0,3,0.0,False,True,0,4,0.0,1,3,0.3333,False,ndbi_mean,positive,2.663,1.0,11.0
cell_00_03,2026-06,1,3,0.3333,False,True,1,4,0.25,1,3,0.3333,False,ndbi_mean,positive,3.8033,1.0,10.06
cell_00_04,2026-06,0,3,0.0,True,True,1,4,0.25,1,3,0.3333,False,viirs_avg_rad_mean,positive,3.5444,1.0,10.05
cell_00_05,2026-06,1,3,0.3333,True,True,2,4,0.5,1,3,0.3333,True,viirs_avg_rad_mean,positive,12.3413,1.0,11.0
cell_00_06,2026-06,2,3,0.6667,True,True,3,4,0.75,1,3,0.3333,True,ndwi_mean,positive,21.6231,1.0,11.0
cell_00_07,2026-06,0,3,0.0,False,True,0,4,0.0,1,3,0.3333,False,viirs_avg_rad_mean,positive,1.9037,1.0,10.9
cell_00_08,2026-06,1,3,0.3333,True,True,2,4,0.5,1,3,0.3333,True,ndvi_mean,negative,7.7478,1.0,10.63
cell_00_09,2026-06,1,3,0.3333,True,True,2,4,0.5,1,3,0.3333,True,viirs_avg_rad_mean,positive,9.3878,1.0,11.3
cell_00_10,2026-06,1,3,0.3333,True,True,2,4,0.5,0,3,0.0,True,viirs_avg_rad_mean,positive,10.8327,1.0,11.82
cell_00_11,2026-06,1,3,0.3333,True,True,2,4,0.5,0,3,0.0,True,viirs_avg_rad_mean,positive,5.2867,1.0,11.14
cell_00_12,2026-06,0,3,0.0,True,True,1,4,0.25,0,3,0.0,False,viirs_avg_rad_mean,positive,26.0312,1.0,10.56
cell_00_13,2026-06,1,3,0.3333,True,True,2,4,0.5,0,3,0.0,True,viirs_avg_rad_mean,positive,52.6875,1.0,10.63
cell_00_14,2026-06,1,3,0.3333,True,True,2,4,0.5,0,3,0.0,True,viirs_avg_rad_mean,positive,4.4728,1.0,10.84
cell_00_15,2026-06,0,3,0.0,False,True,0,4,0.0,0,3,0.0,False,viirs_avg_rad_mean,positive,1.702,1.0,11.0
cell_00_16,2026-06,0,3,0.0,True,True,1,4,0.25,0,3,0.0,False,viirs_avg_rad_mean,positive,3.4354,1.0,9.65
cell_00_17,2026-06,0,3,0.0,True,True,1,4,0.25,0,3,0.0,False,viirs_avg_rad_mean,positive,3.6975,1.0,9.0
cell_00_18,2026-06,0,3,0.0,True,True,1,4,0.25,0,3,0.0,False,viirs_avg_rad_mean,positive,21.0338,1.0,9.0
cell_00_19,2026-06,0,3,0.0,True,True,1,4,0.25,0,3,0.0,False,viirs_avg_rad_mean,positive,10.6361,1.0,9.0
cell_01_00,2026-06,2,3,0.6667,True,True,3,4,0.75,1,3,0.3333,True,ndwi_mean,positive,44.6878,1.0,10.09
cell_01_01,2026-06,2,3,0.6667,False,True,2,4,0.5,1,3,0.3333,True,ndvi_mean,negative,16.3128,1.0,10.82
cell_01_02,2026-06,0,3,0.0,True,True,1,4,0.25,1,3,0.3333,False,viirs_avg_rad_mean,negative,5.539,1.0,11.0
cell_01_03,2026-06,0,3,0.0,True,True,1,4,0.25,1,3,0.3333,False,viirs_avg_rad_mean,negative,4.8585,1.0,10.49
cell_01_04,2026-06,1,3,0.3333,False,True,1,4,0.25,1,3,0.3333,False,ndbi_mean,positive,3.241,1.0,10.9
cell_01_05,2026-06,3,3,1.0,False,True,3,4,0.75,1,3,0.3333,True,ndbi_mean,positive,7.5622,1.0,11.47
cell_01_06,2026-06,2,3,0.6667,False,True,2,4,0.5,1,3,0.3333,True,ndbi_mean,positive,8.4221,1.0,11.0
cell_01_07,2026-06,2,3,0.6667,False,True,2,4,0.5,1,3,0.3333,True,ndvi_mean,negative,4.7927,1.0,11.0
cell_01_08,2026-06,1,3,0.3333,False,True,1,4,0.25,1,3,0.3333,False,ndwi_mean,positive,10.5685,1.0,11.0
cell_01_09,2026-06,1,3,0.3333,False,True,1,4,0.25,1,3,0.3333,False,ndwi_mean,positive,3.3941,1.0,11.29
cell_01_10,2026-06,1,3,0.3333,False,True,1,4,0.25,0,3,0.0,False,ndbi_mean,positive,3.9615,1.0,12.0
cell_01_11,2026-06,2,3,0.6667,False,True,2,4,0.5,0,3,0.0,True,ndwi_mean,negative,40.9997,1.0,11.61
cell_01_12,2026-06,0,3,0.0,True,True,1,4,0.25,0,3,0.0,False,viirs_avg_rad_mean,positive,15.8526,1.0,11.0
cell_01_13,2026-06,2,3,0.6667,True,True,3,4,0.75,0,3,0.0,True,ndvi_mean,negative,8.3099,1.0,11.0
cell_01_14,2026-06,0,3,0.0,False,True,0,4,0.0,0,3,0.0,False,viirs_avg_rad_mean,positive,1.9774,1.0,10.66
cell_01_15,2026-06,0,3,0.0,False,True,0,4,0.0,0,3,0.0,False,viirs_avg_rad_mean,positive,1.079,1.0,10.76
cell_01_16,2026-06,0,3,0.0,True,True,1,4,0.25,0,3,0.0,False,viirs_avg_rad_mean,positive,3.1656,1.0,10.56
cell_01_17,2026-06,2,3,0.6667,True,True,3,4,0.75,0,3,0.0,True,ndwi_mean,positive,190.3262,1.0,9.95
cell_01_18,2026-06,2,3,0.6667,True,True,3,4,0.75,0,3,0.0,True,viirs_avg_rad_mean,positive,8.0866,1.0,9.18
cell_01_19,2026-06,1,3,0.3333,True,True,2,4,0.5,0,3,0.0,True,ndbi_mean,positive,136.4292,1.0,9.0
cell_02_00,2026-06,0,3,0.0,False,True,0,4,0.0,1,3,0.3333,False,ndvi_mean,negative,0.6675,1.0,10.25
cell_02_01,2026-06,1,3,0.3333,False,True,1,4,0.25,1,3,0.3333,False,ndvi_mean,negative,4.748,1.0,10.45
cell_02_02,2026-06,2,3,0.6667,False,True,2,4,0.5,1,3,0.3333,True,ndbi_mean,positive,22.0213,1.0,11.31
cell_02_03,2026-06,1,3,0.3333,False,True,1,4,0.25,1,3,0.3333,False,ndwi_mean,positive,5.653,1.0,11.5
cell_02_04,2026-06,1,3,0.3333,False,True,1,4,0.25,1,3,0.3333,False,ndbi_mean,positive,3.3727,1.0,11.98
cell_02_05,2026-06,1,3,0.3333,False,True,1,4,0.25,1,3,0.3333,False,ndbi_mean,positive,3.0987,1.0,11.94
cell_02_06,2026-06,0,3,0.0,False,True,0,4,0.0,1,3,0.3333,False,ndwi_mean,positive,2.9603,1.0,11.0
cell_02_07,2026-06,0,3,0.0,False,True,0,4,0.0,1,3,0.3333,False,ndbi_mean,negative,1.4521,1.0,11.0
cell_02_08,2026-06,1,3,0.3333,False,True,1,4,0.25,1,3,0.3333,False,ndbi_mean,positive,5.9315,1.0,11.12
cell_02_09,2026-06,0,3,0.0,False,True,0,4,0.0,1,3,0.3333,False,ndvi_mean,negative,2.4992,1.0,11.71
cell_02_10,2026-06,2,3,0.6667,False,True,2,4,0.5,0,3,0.0,True,ndwi_mean,positive,6.368,1.0,12.0
cell_02_11,2026-06,1,3,0.3333,False,True,1,4,0.25,0,3,0.0,False,ndbi_mean,positive,13.1574,1.0,11.4
cell_02_12,2026-06,1,3,0.3333,True,True,2,4,0.5,0,3,0.0,True,viirs_avg_rad_mean,positive,9.1286,1.0,10.37
cell_02_13,2026-06,2,3,0.6667,False,True,2,4,0.5,0,3,0.0,True,ndwi_mean,positive,8.4889,1.0,10.35
cell_02_14,2026-06,0,3,0.0,False,True,0,4,0.0,0,3,0.0,False,ndbi_mean,positive,1.187,1.0,10.15
cell_02_15,2026-06,0,3,0.0,False,True,0,4,0.0,0,3,0.0,False,ndwi_mean,negative,1.352,1.0,10.56
cell_02_16,2026-06,0,3,0.0,False,True,0,4,0.0,0,3,0.0,False,ndvi_mean,positive,2.5514,1.0,11.0
cell_02_17,2026-06,0,3,0.0,False,True,0,4,0.0,0,3,0.0,False,ndvi_mean,negative,1.1509,1.0,10.31
cell_02_18,2026-06,0,3,0.0,True,True,1,4,0.25,0,3,0.0,False,viirs_avg_rad_mean,positive,32.4868,1.0,9.26
cell_02_19,2026-06,1,3,0.3333,False,True,1,4,0.25,0,3,0.0,False,ndbi_mean,positive,3.6633,0.9984,9.62
cell_03_00,2026-06,1,3,0.3333,False,True,1,4,0.25,1,3,0.3333,False,ndbi_mean,positive,9.7963,1.0,10.27
cell_03_01,2026-06,0,3,0.0,False,True,0,4,0.0,1,3,0.3333,False,ndbi_mean,positive,2.7166,0.9984,10.0
cell_03_02,2026-06,3,3,1.0,False,True,3,4,0.75,1,3,0.3333,True,ndbi_mean,positive,6.76,1.0,11.66
cell_03_03,2026-06,2,3,0.6667,False,True,2,4,0.5,1,3,0.3333,True,ndwi_mean,positive,17.7947,1.0,12.0
cell_03_04,2026-06,1,3,0.3333,True,True,2,4,0.5,1,3,0.3333,True,ndbi_mean,positive,18.2308,1.0,12.0
cell_03_05,2026-06,0,3,0.0,False,True,0,4,0.0,1,3,0.3333,False,ndbi_mean,positive,1.9951,1.0,11.98
cell_03_06,2026-06,1,3,0.3333,False,True,1,4,0.25,1,3,0.3333,False,ndbi_mean,positive,52.4934,1.0,11.56
cell_03_07,2026-06,1,3,0.3333,False,True,1,4,0.25,1,3,0.3333,False,ndbi_mean,positive,6.4664,1.0,11.61
cell_03_08,2026-06,0,3,0.0,False,True,0,4,0.0,1,3,0.3333,False,ndbi_mean,positive,2.2975,1.0,11.7
cell_03_09,2026-06,1,3,0.3333,False,True,1,4,0.25,1,3,0.3333,False,ndbi_mean,positive,35.0232,1.0,12.0
cell_03_10,2026-06,0,3,0.0,False,True,0,4,0.0,0,3,0.0,False,ndbi_mean,positive,0.753,1.0,12.0
cell_03_11,2026-06,1,3,0.3333,True,True,2,4,0.5,0,3,0.0,True,viirs_avg_rad_mean,positive,3.8824,1.0,11.26
cell_03_12,2026-06,1,3,0.3333,True,True,2,4,0.5,0,3,0.0,True,viirs_avg_rad_mean,positive,4.4625,1.0,10.0
cell_03_13,2026-06,1,3,0.3333,False,True,1,4,0.25,0,3,0.0,False,ndwi_mean,negative,8.846,1.0,10.0
cell_03_14,2026-06,0,3,0.0,False,True,0,4,0.0,0,3,0.0,False,ndbi_mean,positive,2.8719,1.0,10.0
cell_03_15,2026-06,1,3,0.3333,False,True,1,4,0.25,0,3,0.0,False,ndwi_mean,negative,3.9048,1.0,10.14
cell_03_16,2026-06,1,3,0.3333,False,True,1,4,0.25,0,3,0.0,False,ndwi_mean,negative,3.2202,1.0,10.25
cell_03_17,2026-06,2,3,0.6667,True,True,3,4,0.75,0,3,0.0,True,ndvi_mean,negative,17.7592,1.0,10.08
cell_03_18,2026-06,1,3,0.3333,True,True,2,4,0.5,0,3,0.0,True,viirs_avg_rad_mean,positive,8.0986,1.0,9.84
cell_03_19,2026-06,0,3,0.0,True,True,1,4,0.25,0,3,0.0,False,viirs_avg_rad_mean,positive,5.7656,1.0,9.95
cell_04_00,2026-06,0,3,0.0,False,True,0,4,0.0,1,3,0.3333,False,ndbi_mean,positive,1.4851,1.0,10.29
cell_04_01,2026-06,3,3,1.0,False,True,3,4,0.75,1,3,0.3333,True,ndbi_mean,positive,5.0316,1.0,10.38
cell_04_02,2026-06,1,3,0.3333,False,True,1,4,0.25,1,3,0.3333,False,ndbi_mean,positive,495.7997,1.0,11.32
cell_04_03,2026-06,1,3,0.3333,False,True,1,4,0.25,1,3,0.3333,False,ndbi_mean,positive,28.9151,1.0,11.93
cell_04_04,2026-06,0,3,0.0,False,True,0,4,0.0,1,3,0.3333,False,viirs_avg_rad_mean,positive,2.0928,1.0,12.0
cell_04_05,2026-06,1,3,0.3333,True,True,2,4,0.5,1,3,0.3333,True,viirs_avg_rad_mean,positive,176.3844,1.0,11.43
cell_04_06,2026-06,0,3,0.0,False,True,0,4,0.0,1,3,0.3333,False,viirs_avg_rad_mean,positive,2.1159,1.0,11.96
cell_04_07,2026-06,1,3,0.3333,False,True,1,4,0.25,1,3,0.3333,False,ndbi_mean,positive,18.5677,1.0,11.37
cell_04_08,2026-06,1,3,0.3333,False,True,1,4,0.25,1,3,0.3333,False,ndbi_mean,positive,4.083,1.0,11.37
cell_04_09,2026-06,2,3,0.6667,False,True,2,4,0.5,1,3,0.3333,True,ndvi_mean,negative,4.3805,1.0,11.36
cell_04_10,2026-06,1,3,0.3333,False,True,1,4,0.25,0,3,0.0,False,ndvi_mean,negative,9.9197,1.0,11.33
cell_04_11,2026-06,1,3,0.3333,True,True,2,4,0.5,0,3,0.0,True,ndwi_mean,positive,14.0172,1.0,10.89
cell_04_12,2026-06,0,3,0.0,True,True,1,4,0.25,0,3,0.0,False,viirs_avg_rad_mean,positive,18.8126,1.0,10.0
cell_04_13,2026-06,0,3,0.0,False,True,0,4,0.0,0,3,0.0,False,ndbi_mean,positive,2.4145,1.0,10.0
cell_04_14,2026-06,0,3,0.0,False,True,0,4,0.0,0,3,0.0,False,ndvi_mean,negative,2.2417,1.0,10.0
cell_04_15,2026-06,1,3,0.3333,True,True,2,4,0.5,0,3,0.0,True,ndvi_mean,negative,34.4641,1.0,10.0
cell_04_16,2026-06,0,3,0.0,False,True,0,4,0.0,0,3,0.0,False,viirs_avg_rad_mean,positive,1.0968,1.0,10.0
cell_04_17,2026-06,2,3,0.6667,True,True,3,4,0.75,0,3,0.0,True,ndwi_mean,positive,12.3064,1.0,10.0
cell_04_18,2026-06,1,3,0.3333,True,True,2,4,0.5,0,3,0.0,True,ndbi_mean,positive,5.3963,1.0,10.0
cell_04_19,2026-06,0,3,0.0,True,True,1,4,0.25,0,3,0.0,False,viirs_avg_rad_mean,positive,3.4236,1.0,10.0
cell_05_00,2026-06,0,3,0.0,True,True,1,4,0.25,1,3,0.3333,False,viirs_avg_rad_mean,positive,4.1936,1.0,10.65
cell_05_01,2026-06,0,3,0.0,False,True,0,4,0.0,1,3,0.3333,False,ndwi_mean,positive,1.2612,1.0,11.3
cell_05_02,2026-06,1,3,0.3333,False,True,1,4,0.25,1,3,0.3333,False,ndbi_mean,positive,4.0845,1.0,11.55
cell_05_03,2026-06,0,3,0.0,False,True,0,4,0.0,1,3,0.3333,False,viirs_avg_rad_mean,positive,1.9395,0.9984,11.93
cell_05_04,2026-06,0,3,0.0,False,True,0,4,0.0,1,3,0.3333,False,viirs_avg_rad_mean,negative,1.6738,1.0,12.0
cell_05_05,2026-06,0,3,0.0,True,True,1,4,0.25,1,3,0.3333,False,viirs_avg_rad_mean,positive,35.5991,1.0,11.05
cell_05_06,2026-06,0,3,0.0,True,True,1,4,0.25,1,3,0.3333,False,viirs_avg_rad_mean,positive,16.9576,1.0,11.35
cell_05_07,2026-06,1,3,0.3333,True,True,2,4,0.5,1,3,0.3333,True,viirs_avg_rad_mean,positive,194.5361,1.0,11.0
cell_05_08,2026-06,0,3,0.0,False,True,0,4,0.0,1,3,0.3333,False,ndbi_mean,positive,1.8785,1.0,11.0
cell_05_09,2026-06,0,3,0.0,True,True,1,4,0.25,1,3,0.3333,False,viirs_avg_rad_mean,positive,7.2263,1.0,11.0
cell_05_10,2026-06,2,3,0.6667,False,True,2,4,0.5,0,3,0.0,True,ndvi_mean,negative,15.7929,1.0,11.0
cell_05_11,2026-06,2,3,0.6667,True,True,3,4,0.75,0,3,0.0,True,ndbi_mean,positive,11.3105,1.0,10.68
cell_05_12,2026-06,1,3,0.3333,True,True,2,4,0.5,0,3,0.0,True,viirs_avg_rad_mean,positive,11.479,1.0,10.0
cell_05_13,2026-06,1,3,0.3333,False,True,1,4,0.25,0,3,0.0,False,ndbi_mean,positive,3.1279,1.0,10.0
cell_05_14,2026-06,3,3,1.0,False,True,3,4,0.75,0,3,0.0,True,ndvi_mean,negative,455.1925,1.0,10.0
cell_05_15,2026-06,0,3,0.0,True,True,1,4,0.25,0,3,0.0,False,viirs_avg_rad_mean,positive,24.0643,1.0,10.0
cell_05_16,2026-06,0,3,0.0,True,True,1,4,0.25,0,3,0.0,False,viirs_avg_rad_mean,positive,3.3662,1.0,10.0
cell_05_17,2026-06,0,3,0.0,False,True,0,4,0.0,0,3,0.0,False,viirs_avg_rad_mean,positive,2.9151,1.0,10.0
cell_05_18,2026-06,1,3,0.3333,False,True,1,4,0.25,0,3,0.0,False,ndwi_mean,positive,4.3216,1.0,10.0
cell_05_19,2026-06,1,3,0.3333,True,True,2,4,0.5,0,3,0.0,True,ndwi_mean,negative,10.0181,1.0,10.0
cell_06_00,2026-06,1,3,0.3333,True,True,2,4,0.5,1,3,0.3333,True,ndbi_mean,positive,5.7493,1.0,11.0
cell_06_01,2026-06,0,3,0.0,True,True,1,4,0.25,1,3,0.3333,False,viirs_avg_rad_mean,positive,18.5325,1.0,11.7
cell_06_02,2026-06,0,3,0.0,True,True,1,4,0.25,1,3,0.3333,False,viirs_avg_rad_mean,positive,3.9814,1.0,12.0
cell_06_03,2026-06,1,3,0.3333,False,True,1,4,0.25,1,3,0.3333,False,ndbi_mean,positive,12.2508,1.0,12.0
cell_06_04,2026-06,0,3,0.0,False,True,0,4,0.0,1,3,0.3333,False,ndbi_mean,positive,0.7815,1.0,11.45
cell_06_05,2026-06,0,3,0.0,True,True,1,4,0.25,1,3,0.3333,False,viirs_avg_rad_mean,positive,4.3057,1.0,11.02
cell_06_06,2026-06,0,3,0.0,True,True,1,4,0.25,1,3,0.3333,False,viirs_avg_rad_mean,positive,14.0858,1.0,11.0
cell_06_07,2026-06,1,3,0.3333,False,True,1,4,0.25,1,3,0.3333,False,ndbi_mean,positive,10.499,1.0,11.0
cell_06_08,2026-06,1,3,0.3333,False,True,1,4,0.25,1,3,0.3333,False,ndbi_mean,positive,6.1435,1.0,11.1
cell_06_09,2026-06,1,3,0.3333,False,True,1,4,0.25,1,3,0.3333,False,ndbi_mean,positive,8.6998,1.0,11.75
cell_06_10,2026-06,0,3,0.0,False,True,0,4,0.0,0,3,0.0,False,viirs_avg_rad_mean,positive,1.6868,1.0,11.57
cell_06_11,2026-06,0,3,0.0,True,True,1,4,0.25,0,3,0.0,False,viirs_avg_rad_mean,positive,43.0556,1.0,10.69
cell_06_12,2026-06,0,3,0.0,True,True,1,4,0.25,0,3,0.0,False,viirs_avg_rad_mean,positive,60.7921,1.0,10.0
cell_06_13,2026-06,2,3,0.6667,True,True,3,4,0.75,0,3,0.0,True,viirs_avg_rad_mean,positive,20.4613,1.0,10.0
cell_06_14,2026-06,2,3,0.6667,True,True,3,4,0.75,0,3,0.0,True,ndvi_mean,negative,9.0714,1.0,10.0
cell_06_15,2026-06,1,3,0.3333,True,True,2,4,0.5,0,3,0.0,True,ndvi_mean,negative,5.7753,1.0,10.0
cell_06_16,2026-06,1,3,0.3333,True,True,2,4,0.5,0,3,0.0,True,ndbi_mean,positive,40.0924,1.0,10.0
cell_06_17,2026-06,0,3,0.0,False,True,0,4,0.0,0,3,0.0,False,viirs_avg_rad_mean,positive,2.296,1.0,10.0
cell_06_18,2026-06,1,3,0.3333,False,True,1,4,0.25,0,3,0.0,False,ndwi_mean,negative,6.5984,1.0,10.0
cell_06_19,2026-06,2,3,0.6667,True,True,3,4,0.75,0,3,0.0,True,viirs_avg_rad_mean,positive,16.5015,1.0,10.0
cell_07_00,2026-06,1,3,0.3333,False,True,1,4,0.25,1,3,0.3333,False,ndbi_mean,positive,12.4597,1.0,11.0
cell_07_01,2026-06,0,3,0.0,False,True,0,4,0.0,1,3,0.3333,False,viirs_avg_rad_mean,positive,1.7419,1.0,11.26
cell_07_02,2026-06,0,3,0.0,False,True,0,4,0.0,1,3,0.3333,False,viirs_avg_rad_mean,positive,2.3693,1.0,11.38
cell_07_03,2026-06,0,3,0.0,True,True,1,4,0.25,1,3,0.3333,False,viirs_avg_rad_mean,positive,3.5677,1.0,11.36
cell_07_04,2026-06,0,3,0.0,False,True,0,4,0.0,1,3,0.3333,False,ndbi_mean,positive,0.3205,1.0,11.04
cell_07_05,2026-06,0,3,0.0,False,True,0,4,0.0,1,3,0.3333,False,ndvi_mean,negative,0.9858,1.0,11.0
cell_07_06,2026-06,1,3,0.3333,False,True,1,4,0.25,1,3,0.3333,False,ndbi_mean,positive,12.333,1.0,11.71
cell_07_07,2026-06,0,3,0.0,False,True,0,4,0.0,1,3,0.3333,False,ndbi_mean,positive,2.4263,1.0,11.0
cell_07_08,2026-06,0,3,0.0,False,True,0,4,0.0,1,3,0.3333,False,viirs_avg_rad_mean,negative,2.1369,1.0,11.12
cell_07_09,2026-06,0,3,0.0,False,True,0,4,0.0,1,3,0.3333,False,ndbi_mean,positive,0.8708,1.0,11.87
cell_07_10,2026-06,1,3,0.3333,False,True,1,4,0.25,0,3,0.0,False,ndvi_mean,negative,3.2513,1.0,11.0
cell_07_11,2026-06,2,3,0.6667,True,True,3,4,0.75,0,3,0.0,True,ndvi_mean,negative,35.2744,1.0,10.16
cell_07_12,2026-06,2,3,0.6667,False,True,2,4,0.5,0,3,0.0,True,ndvi_mean,negative,152.941,1.0,10.0
cell_07_13,2026-06,0,3,0.0,True,True,1,4,0.25,0,3,0.0,False,viirs_avg_rad_mean,positive,3.0742,1.0,10.0
cell_07_14,2026-06,0,3,0.0,False,True,0,4,0.0,0,3,0.0,False,viirs_avg_rad_mean,positive,1.211,1.0,10.0
cell_07_15,2026-06,1,3,0.3333,True,True,2,4,0.5,0,3,0.0,True,ndvi_mean,negative,6.2918,1.0,10.0
cell_07_16,2026-06,0,3,0.0,True,True,1,4,0.25,0,3,0.0,False,viirs_avg_rad_mean,positive,9.0972,1.0,10.0
cell_07_17,2026-06,1,3,0.3333,True,True,2,4,0.5,0,3,0.0,True,ndbi_mean,negative,5.2345,1.0,10.0
cell_07_18,2026-06,0,3,0.0,True,True,1,4,0.25,0,3,0.0,False,viirs_avg_rad_mean,positive,5.196,1.0,10.0
cell_07_19,2026-06,2,3,0.6667,True,True,3,4,0.75,0,3,0.0,True,ndwi_mean,positive,53.0392,1.0,10.0
cell_08_00,2026-06,0,3,0.0,False,True,0,4,0.0,1,3,0.3333,False,ndbi_mean,positive,0.7789,1.0,11.0
cell_08_01,2026-06,0,3,0.0,True,True,1,4,0.25,1,3,0.3333,False,viirs_avg_rad_mean,negative,8.3012,1.0,11.0
cell_08_02,2026-06,2,3,0.6667,False,True,2,4,0.5,1,3,0.3333,True,ndvi_mean,negative,4.5105,1.0,11.0
cell_08_03,2026-06,1,3,0.3333,False,True,1,4,0.25,1,3,0.3333,False,ndwi_mean,positive,4.586,1.0,11.54
cell_08_04,2026-06,0,3,0.0,False,True,0,4,0.0,1,3,0.3333,False,viirs_avg_rad_mean,positive,2.4969,1.0,10.49
cell_08_05,2026-06,0,3,0.0,True,True,1,4,0.25,1,3,0.3333,False,viirs_avg_rad_mean,positive,3.2298,1.0,10.25
cell_08_06,2026-06,0,3,0.0,False,True,0,4,0.0,1,3,0.3333,False,ndbi_mean,positive,2.4725,1.0,10.49
cell_08_07,2026-06,1,3,0.3333,False,True,1,4,0.25,1,3,0.3333,False,ndbi_mean,positive,4.1535,1.0,10.25
cell_08_08,2026-06,0,3,0.0,False,True,0,4,0.0,1,3,0.3333,False,ndbi_mean,positive,2.4158,1.0,10.25
cell_08_09,2026-06,0,3,0.0,False,True,0,4,0.0,1,3,0.3333,False,ndbi_mean,positive,0.4788,1.0,10.41
cell_08_10,2026-06,0,3,0.0,False,True,0,4,0.0,0,3,0.0,False,viirs_avg_rad_mean,positive,1.6298,1.0,10.1
cell_08_11,2026-06,2,3,0.6667,False,True,2,4,0.5,0,3,0.0,True,ndwi_mean,positive,187.7793,1.0,10.0
cell_08_12,2026-06,2,3,0.6667,False,True,2,4,0.5,0,3,0.0,True,ndvi_mean,negative,13.3793,1.0,10.0
cell_08_13,2026-06,0,3,0.0,True,True,1,4,0.25,0,3,0.0,False,viirs_avg_rad_mean,positive,49.8332,1.0,10.0
cell_08_14,2026-06,0,3,0.0,True,True,1,4,0.25,0,3,0.0,False,viirs_avg_rad_mean,positive,5.7064,1.0,10.0
cell_08_15,2026-06,0,3,0.0,True,True,1,4,0.25,0,3,0.0,False,viirs_avg_rad_mean,positive,6.7697,1.0,10.0
cell_08_16,2026-06,0,3,0.0,True,True,1,4,0.25,0,3,0.0,False,viirs_avg_rad_mean,positive,6.4841,1.0,10.0
cell_08_17,2026-06,0,3,0.0,True,True,1,4,0.25,0,3,0.0,False,viirs_avg_rad_mean,positive,25.9011,1.0,10.0
cell_08_18,2026-06,0,3,0.0,True,True,1,4,0.25,0,3,0.0,False,viirs_avg_rad_mean,positive,6.8391,1.0,10.0
cell_08_19,2026-06,2,3,0.6667,True,True,3,4,0.75,0,3,0.0,True,ndvi_mean,negative,33.8646,1.0,10.0
cell_09_00,2026-06,0,3,0.0,True,True,1,4,0.25,1,3,0.3333,False,viirs_avg_rad_mean,positive,5.2642,1.0,11.0
cell_09_01,2026-06,0,3,0.0,False,True,0,4,0.0,1,3,0.3333,False,viirs_avg_rad_mean,positive,1.5365,1.0,11.0
cell_09_02,2026-06,0,3,0.0,False,True,0,4,0.0,1,3,0.3333,False,viirs_avg_rad_mean,positive,1.7525,1.0,11.0
cell_09_03,2026-06,1,3,0.3333,False,True,1,4,0.25,1,3,0.3333,False,ndbi_mean,positive,4.4345,1.0,10.62
cell_09_04,2026-06,0,3,0.0,True,True,1,4,0.25,1,3,0.3333,False,viirs_avg_rad_mean,positive,5.4938,1.0,10.08
cell_09_05,2026-06,0,3,0.0,True,True,1,4,0.25,1,3,0.3333,False,viirs_avg_rad_mean,positive,4.064,1.0,10.0
cell_09_06,2026-06,1,3,0.3333,True,True,2,4,0.5,1,3,0.3333,True,viirs_avg_rad_mean,positive,7.5955,1.0,10.0
cell_09_07,2026-06,0,3,0.0,False,True,0,4,0.0,1,3,0.3333,False,viirs_avg_rad_mean,positive,2.4878,1.0,10.0
cell_09_08,2026-06,0,3,0.0,True,True,1,4,0.25,1,3,0.3333,False,viirs_avg_rad_mean,positive,3.4774,1.0,10.07
cell_09_09,2026-06,1,3,0.3333,True,True,2,4,0.5,1,3,0.3333,True,ndwi_mean,positive,14.2152,1.0,10.87
cell_09_10,2026-06,0,3,0.0,False,True,0,4,0.0,0,3,0.0,False,ndwi_mean,positive,1.0977,1.0,10.88
cell_09_11,2026-06,0,3,0.0,True,True,1,4,0.25,0,3,0.0,False,viirs_avg_rad_mean,positive,43.0701,1.0,10.67
cell_09_12,2026-06,1,3,0.3333,False,True,1,4,0.25,0,3,0.0,False,ndbi_mean,positive,321.3964,1.0,10.0
cell_09_13,2026-06,0,3,0.0,False,True,0,4,0.0,0,3,0.0,False,ndwi_mean,negative,1.0831,1.0,10.0
cell_09_14,2026-06,0,3,0.0,False,True,0,4,0.0,0,3,0.0,False,ndbi_mean,positive,2.3924,1.0,10.39
cell_09_15,2026-06,0,3,0.0,False,True,0,4,0.0,0,3,0.0,False,viirs_avg_rad_mean,positive,2.719,1.0,11.0
cell_09_16,2026-06,2,3,0.6667,True,True,3,4,0.75,0,3,0.0,True,ndwi_mean,positive,7.1699,1.0,10.5
cell_09_17,2026-06,0,3,0.0,True,True,1,4,0.25,0,3,0.0,False,viirs_avg_rad_mean,positive,5.0563,1.0,10.0
cell_09_18,2026-06,0,3,0.0,True,True,1,4,0.25,0,3,0.0,False,viirs_avg_rad_mean,positive,33.4085,1.0,10.0
cell_09_19,2026-06,0,3,0.0,True,True,1,4,0.25,0,3,0.0,False,viirs_avg_rad_mean,positive,16.1776,1.0,9.93
cell_10_00,2026-06,1,3,0.3333,True,True,2,4,0.5,1,3,0.3333,True,viirs_avg_rad_mean,positive,23.9532,1.0,10.25
cell_10_01,2026-06,0,3,0.0,False,True,0,4,0.0,1,3,0.3333,False,ndbi_mean,positive,1.16,1.0,10.25
cell_10_02,2026-06,0,3,0.0,False,True,0,4,0.0,1,3,0.3333,False,ndbi_mean,positive,2.875,1.0,10.25
cell_10_03,2026-06,1,3,0.3333,False,True,1,4,0.25,1,3,0.3333,False,ndbi_mean,positive,4.607,1.0,10.06
cell_10_04,2026-06,1,3,0.3333,False,True,1,4,0.25,1,3,0.3333,False,ndbi_mean,positive,4.9009,1.0,10.0
cell_10_05,2026-06,1,3,0.3333,False,True,1,4,0.25,1,3,0.3333,False,ndbi_mean,positive,5.0538,1.0,10.0
cell_10_06,2026-06,1,3,0.3333,False,True,1,4,0.25,1,3,0.3333,False,ndbi_mean,positive,8.6267,1.0,10.0
cell_10_07,2026-06,2,3,0.6667,False,True,2,4,0.5,1,3,0.3333,True,ndbi_mean,positive,3.3067,1.0,10.0
cell_10_08,2026-06,0,3,0.0,False,True,0,4,0.0,1,3,0.3333,False,viirs_avg_rad_mean,positive,2.0961,1.0,10.06
cell_10_09,2026-06,0,3,0.0,True,True,1,4,0.25,1,3,0.3333,False,viirs_avg_rad_mean,positive,3.5749,1.0,11.0
cell_10_10,2026-06,1,3,0.3333,True,True,2,4,0.5,0,3,0.0,True,ndvi_mean,negative,13.1299,1.0,11.16
cell_10_11,2026-06,0,3,0.0,True,True,1,4,0.25,0,3,0.0,False,viirs_avg_rad_mean,positive,90.1687,1.0,11.48
cell_10_12,2026-06,3,3,1.0,True,True,4,4,1.0,0,3,0.0,True,ndbi_mean,positive,18.5985,1.0,10.0
cell_10_13,2026-06,1,3,0.3333,False,True,1,4,0.25,0,3,0.0,False,ndvi_mean,negative,3.9203,1.0,10.0
cell_10_14,2026-06,0,3,0.0,True,True,1,4,0.25,0,3,0.0,False,viirs_avg_rad_mean,positive,4.2804,1.0,10.38
cell_10_15,2026-06,2,3,0.6667,True,True,3,4,0.75,0,3,0.0,True,viirs_avg_rad_mean,positive,9.062,1.0,11.0
cell_10_16,2026-06,2,3,0.6667,True,True,3,4,0.75,0,3,0.0,True,ndvi_mean,negative,80.9881,1.0,10.43
cell_10_17,2026-06,0,3,0.0,True,True,1,4,0.25,0,3,0.0,False,viirs_avg_rad_mean,positive,14.5305,1.0,9.89
cell_10_18,2026-06,0,3,0.0,True,True,1,4,0.25,0,3,0.0,False,viirs_avg_rad_mean,positive,5.2928,1.0,9.88
cell_10_19,2026-06,1,3,0.3333,True,True,2,4,0.5,0,3,0.0,True,viirs_avg_rad_mean,positive,83.2777,1.0,9.32
cell_11_00,2026-06,1,3,0.3333,True,True,2,4,0.5,1,3,0.3333,True,viirs_avg_rad_mean,positive,5.5729,1.0,10.0
cell_11_01,2026-06,0,3,0.0,True,True,1,4,0.25,1,3,0.3333,False,viirs_avg_rad_mean,positive,7.1198,1.0,10.0
cell_11_02,2026-06,0,3,0.0,True,True,1,4,0.25,1,3,0.3333,False,viirs_avg_rad_mean,positive,3.7061,1.0,10.0
cell_11_03,2026-06,0,3,0.0,False,True,0,4,0.0,1,3,0.3333,False,viirs_avg_rad_mean,positive,1.9889,1.0,10.0
cell_11_04,2026-06,1,3,0.3333,True,True,2,4,0.5,1,3,0.3333,True,viirs_avg_rad_mean,positive,28.1166,1.0,10.0
cell_11_05,2026-06,0,3,0.0,False,True,0,4,0.0,1,3,0.3333,False,ndbi_mean,negative,1.2467,1.0,10.0
cell_11_06,2026-06,2,3,0.6667,False,True,2,4,0.5,1,3,0.3333,True,ndwi_mean,negative,4.4867,1.0,10.0
cell_11_07,2026-06,0,3,0.0,True,True,1,4,0.25,1,3,0.3333,False,viirs_avg_rad_mean,positive,4.5582,1.0,10.0
cell_11_08,2026-06,0,3,0.0,True,True,1,4,0.25,1,3,0.3333,False,viirs_avg_rad_mean,positive,121.5913,1.0,10.05
cell_11_09,2026-06,0,3,0.0,False,True,0,4,0.0,1,3,0.3333,False,viirs_avg_rad_mean,positive,2.3102,1.0,11.0
cell_11_10,2026-06,0,3,0.0,False,True,0,4,0.0,0,3,0.0,False,ndvi_mean,positive,1.2357,1.0,11.14
cell_11_11,2026-06,0,3,0.0,False,True,0,4,0.0,0,3,0.0,False,ndbi_mean,negative,1.6239,0.9984,11.6
cell_11_12,2026-06,1,3,0.3333,False,True,1,4,0.25,0,3,0.0,False,ndbi_mean,positive,5.196,1.0,10.0
cell_11_13,2026-06,0,3,0.0,False,True,0,4,0.0,0,3,0.0,False,ndwi_mean,positive,2.3395,1.0,10.31
cell_11_14,2026-06,2,3,0.6667,False,True,2,4,0.5,0,3,0.0,True,ndwi_mean,negative,4.9847,1.0,10.96
cell_11_15,2026-06,0,3,0.0,False,True,0,4,0.0,0,3,0.0,False,ndvi_mean,negative,2.5205,1.0,10.52
cell_11_16,2026-06,0,3,0.0,True,True,1,4,0.25,0,3,0.0,False,viirs_avg_rad_mean,positive,8.9527,1.0,9.56
cell_11_17,2026-06,0,3,0.0,True,True,1,4,0.25,0,3,0.0,False,viirs_avg_rad_mean,positive,8.9369,1.0,9.0
cell_11_18,2026-06,2,3,0.6667,True,True,3,4,0.75,0,3,0.0,True,viirs_avg_rad_mean,positive,8.1935,1.0,8.93
cell_11_19,2026-06,0,3,0.0,True,True,1,4,0.25,0,3,0.0,False,viirs_avg_rad_mean,positive,4.7674,1.0,8.88
cell_12_00,2026-06,1,3,0.3333,True,True,2,4,0.5,1,3,0.3333,True,viirs_avg_rad_mean,positive,4.9614,1.0,10.0
cell_12_01,2026-06,0,3,0.0,True,True,1,4,0.25,1,3,0.3333,False,viirs_avg_rad_mean,positive,5.7667,1.0,10.0
cell_12_02,2026-06,0,3,0.0,False,True,0,4,0.0,1,3,0.3333,False,viirs_avg_rad_mean,positive,2.8422,1.0,10.0
cell_12_03,2026-06,0,3,0.0,False,True,0,4,0.0,1,3,0.3333,False,viirs_avg_rad_mean,positive,2.3526,1.0,10.0
cell_12_04,2026-06,1,3,0.3333,True,True,2,4,0.5,1,3,0.3333,True,ndbi_mean,positive,4.3444,1.0,10.0
cell_12_05,2026-06,0,3,0.0,True,True,1,4,0.25,1,3,0.3333,False,viirs_avg_rad_mean,positive,3.432,1.0,10.0
cell_12_06,2026-06,0,3,0.0,False,True,0,4,0.0,1,3,0.3333,False,ndwi_mean,negative,1.5313,1.0,10.0
cell_12_07,2026-06,0,3,0.0,True,True,1,4,0.25,1,3,0.3333,False,viirs_avg_rad_mean,positive,4.8795,1.0,10.82
cell_12_08,2026-06,0,3,0.0,False,True,0,4,0.0,1,3,0.3333,False,viirs_avg_rad_mean,positive,2.3508,1.0,11.88
cell_12_09,2026-06,0,3,0.0,True,True,1,4,0.25,1,3,0.3333,False,viirs_avg_rad_mean,positive,5.7943,1.0,12.0
cell_12_10,2026-06,3,3,1.0,False,True,3,4,0.75,0,3,0.0,True,ndwi_mean,positive,12.4871,1.0,11.74
cell_12_11,2026-06,2,3,0.6667,True,True,3,4,0.75,0,3,0.0,True,ndbi_mean,negative,10.1361,1.0,10.18
cell_12_12,2026-06,0,3,0.0,False,True,0,4,0.0,0,3,0.0,False,ndbi_mean,negative,2.6874,1.0,11.25
cell_12_13,2026-06,2,3,0.6667,False,True,2,4,0.5,0,3,0.0,True,ndvi_mean,negative,3.8665,1.0,11.71
cell_12_14,2026-06,0,3,0.0,False,True,0,4,0.0,0,3,0.0,False,ndvi_mean,negative,0.6675,1.0,10.68
cell_12_15,2026-06,1,3,0.3333,True,True,2,4,0.5,0,3,0.0,True,viirs_avg_rad_mean,positive,18.5664,1.0,10.0
cell_12_16,2026-06,0,3,0.0,True,True,1,4,0.25,0,3,0.0,False,viirs_avg_rad_mean,positive,13.8644,1.0,9.61
cell_12_17,2026-06,1,3,0.3333,True,True,2,4,0.5,0,3,0.0,True,viirs_avg_rad_mean,positive,27.7875,1.0,9.12
cell_12_18,2026-06,2,3,0.6667,True,True,3,4,0.75,0,3,0.0,True,ndwi_mean,positive,20.6008,1.0,8.49
cell_12_19,2026-06,2,3,0.6667,True,True,3,4,0.75,0,3,0.0,True,ndvi_mean,negative,44.1687,1.0,8.0
cell_13_00,2026-06,0,3,0.0,True,True,1,4,0.25,1,3,0.3333,False,viirs_avg_rad_mean,positive,3.5405,1.0,10.0
cell_13_01,2026-06,0,3,0.0,True,True,1,4,0.25,1,3,0.3333,False,viirs_avg_rad_mean,positive,16.8414,1.0,10.0
cell_13_02,2026-06,1,3,0.3333,False,True,1,4,0.25,1,3,0.3333,False,ndbi_mean,positive,3.325,1.0,10.0
cell_13_03,2026-06,1,3,0.3333,True,True,2,4,0.5,1,3,0.3333,True,viirs_avg_rad_mean,positive,96.0215,1.0,10.0
cell_13_04,2026-06,0,3,0.0,False,True,0,4,0.0,1,3,0.3333,False,viirs_avg_rad_mean,positive,2.4295,1.0,10.0
cell_13_05,2026-06,0,3,0.0,True,True,1,4,0.25,1,3,0.3333,False,viirs_avg_rad_mean,positive,3.9065,1.0,10.0
cell_13_06,2026-06,0,3,0.0,True,True,1,4,0.25,1,3,0.3333,False,viirs_avg_rad_mean,positive,3.8092,1.0,10.0
cell_13_07,2026-06,0,3,0.0,True,True,1,4,0.25,1,3,0.3333,False,viirs_avg_rad_mean,positive,17.5154,1.0,11.81
cell_13_08,2026-06,2,3,0.6667,True,True,3,4,0.75,1,3,0.3333,True,ndwi_mean,positive,7.3168,1.0,12.0
cell_13_09,2026-06,0,3,0.0,False,True,0,4,0.0,1,3,0.3333,False,ndwi_mean,negative,2.5825,1.0,12.0
cell_13_10,2026-06,0,3,0.0,False,True,0,4,0.0,0,3,0.0,False,ndwi_mean,positive,1.7594,1.0,11.76
cell_13_11,2026-06,2,3,0.6667,False,True,2,4,0.5,0,3,0.0,True,ndvi_mean,positive,7.2667,1.0,10.11
cell_13_12,2026-06,0,3,0.0,False,True,0,4,0.0,0,3,0.0,False,ndvi_mean,positive,2.1935,1.0,10.49
cell_13_13,2026-06,0,3,0.0,False,True,0,4,0.0,0,3,0.0,False,viirs_avg_rad_mean,positive,1.1281,1.0,11.74
cell_13_14,2026-06,0,3,0.0,False,True,0,4,0.0,0,3,0.0,False,ndvi_mean,negative,2.7821,1.0,10.68
cell_13_15,2026-06,2,3,0.6667,False,True,2,4,0.5,0,3,0.0,True,ndvi_mean,negative,3.2277,1.0,10.0
cell_13_16,2026-06,2,3,0.6667,True,True,3,4,0.75,0,3,0.0,True,viirs_avg_rad_mean,positive,30.8969,1.0,10.0
cell_13_17,2026-06,2,3,0.6667,True,True,3,4,0.75,0,3,0.0,True,viirs_avg_rad_mean,positive,12.3417,1.0,10.0
cell_13_18,2026-06,0,3,0.0,True,True,1,4,0.25,0,3,0.0,False,viirs_avg_rad_mean,positive,5.6586,1.0,8.96
cell_13_19,2026-06,0,3,0.0,False,True,0,4,0.0,0,3,0.0,False,ndwi_mean,positive,1.0501,1.0,8.0
cell_14_00,2026-06,2,3,0.6667,False,True,2,4,0.5,1,3,0.3333,True,ndwi_mean,negative,75.2097,1.0,10.0
cell_14_01,2026-06,1,3,0.3333,True,True,2,4,0.5,1,3,0.3333,True,viirs_avg_rad_mean,positive,21.0523,0.9984,10.0
cell_14_02,2026-06,0,3,0.0,True,True,1,4,0.25,1,3,0.3333,False,viirs_avg_rad_mean,positive,13.2546,1.0,10.0
cell_14_03,2026-06,1,3,0.3333,True,True,2,4,0.5,1,3,0.3333,True,ndwi_mean,negative,16.5927,1.0,10.0
cell_14_04,2026-06,0,3,0.0,False,True,0,4,0.0,1,3,0.3333,False,viirs_avg_rad_mean,positive,2.9809,1.0,10.0
cell_14_05,2026-06,1,3,0.3333,True,True,2,4,0.5,1,3,0.3333,True,viirs_avg_rad_mean,positive,53.2477,1.0,10.0
cell_14_06,2026-06,0,3,0.0,True,True,1,4,0.25,1,3,0.3333,False,viirs_avg_rad_mean,positive,9.5348,1.0,10.0
cell_14_07,2026-06,0,3,0.0,False,True,0,4,0.0,1,3,0.3333,False,ndwi_mean,negative,1.8092,1.0,10.88
cell_14_08,2026-06,2,3,0.6667,True,True,3,4,0.75,1,3,0.3333,True,ndvi_mean,negative,24.0428,1.0,10.99
cell_14_09,2026-06,1,3,0.3333,False,True,1,4,0.25,1,3,0.3333,False,ndbi_mean,positive,8.8002,1.0,11.74
cell_14_10,2026-06,1,3,0.3333,True,True,2,4,0.5,0,3,0.0,True,viirs_avg_rad_mean,positive,4.9622,1.0,11.0
cell_14_11,2026-06,0,3,0.0,False,True,0,4,0.0,0,3,0.0,False,ndbi_mean,positive,1.0322,1.0,11.01
cell_14_12,2026-06,1,3,0.3333,False,True,1,4,0.25,0,3,0.0,False,ndbi_mean,positive,4.2294,1.0,11.27
cell_14_13,2026-06,0,3,0.0,False,True,0,4,0.0,0,3,0.0,False,viirs_avg_rad_mean,positive,2.1632,1.0,11.63
cell_14_14,2026-06,1,3,0.3333,False,True,1,4,0.25,0,3,0.0,False,ndbi_mean,positive,3.4138,0.9984,10.61
cell_14_15,2026-06,1,3,0.3333,False,True,1,4,0.25,0,3,0.0,False,ndbi_mean,positive,24.0943,1.0,10.0
cell_14_16,2026-06,1,3,0.3333,True,True,2,4,0.5,0,3,0.0,True,viirs_avg_rad_mean,positive,80.5111,1.0,10.09
cell_14_17,2026-06,2,3,0.6667,True,True,3,4,0.75,0,3,0.0,True,viirs_avg_rad_mean,positive,6.3837,1.0,10.14
cell_14_18,2026-06,0,3,0.0,False,True,0,4,0.0,0,3,0.0,False,ndbi_mean,positive,2.9214,1.0,9.1
cell_14_19,2026-06,0,3,0.0,False,True,0,4,0.0,0,3,0.0,False,ndbi_mean,positive,1.5454,1.0,8.25
cell_15_00,2026-06,0,3,0.0,False,True,0,4,0.0,1,3,0.3333,False,ndbi_mean,positive,2.3754,1.0,10.0
cell_15_01,2026-06,1,3,0.3333,True,True,2,4,0.5,1,3,0.3333,True,viirs_avg_rad_mean,positive,9.3546,1.0,10.0
cell_15_02,2026-06,0,3,0.0,True,True,1,4,0.25,1,3,0.3333,False,viirs_avg_rad_mean,positive,9.0787,1.0,10.0
cell_15_03,2026-06,0,3,0.0,True,True,1,4,0.25,1,3,0.3333,False,viirs_avg_rad_mean,positive,294.8882,1.0,10.0
cell_15_04,2026-06,0,3,0.0,True,True,1,4,0.25,1,3,0.3333,False,viirs_avg_rad_mean,positive,7.5685,1.0,10.0
cell_15_05,2026-06,0,3,0.0,True,True,1,4,0.25,1,3,0.3333,False,viirs_avg_rad_mean,positive,3.9968,1.0,10.0
cell_15_06,2026-06,1,3,0.3333,True,True,2,4,0.5,1,3,0.3333,True,viirs_avg_rad_mean,positive,26.3332,1.0,9.99
cell_15_07,2026-06,1,3,0.3333,True,True,2,4,0.5,1,3,0.3333,True,viirs_avg_rad_mean,negative,42.174,1.0,10.76
cell_15_08,2026-06,1,3,0.3333,True,True,2,4,0.5,1,3,0.3333,True,ndvi_mean,negative,13.1534,1.0,10.07
cell_15_09,2026-06,0,3,0.0,False,True,0,4,0.0,1,3,0.3333,False,ndwi_mean,positive,0.3597,1.0,10.02
cell_15_10,2026-06,0,3,0.0,False,True,0,4,0.0,0,3,0.0,False,ndbi_mean,positive,1.8828,1.0,10.88
cell_15_11,2026-06,0,3,0.0,True,True,1,4,0.25,0,3,0.0,False,viirs_avg_rad_mean,negative,4.2466,1.0,11.11
cell_15_12,2026-06,0,3,0.0,False,True,0,4,0.0,0,3,0.0,False,viirs_avg_rad_mean,positive,1.7477,1.0,11.7
cell_15_13,2026-06,1,3,0.3333,True,True,2,4,0.5,0,3,0.0,True,viirs_avg_rad_mean,positive,12.6252,1.0,10.6
cell_15_14,2026-06,1,3,0.3333,False,True,1,4,0.25,0,3,0.0,False,ndwi_mean,negative,3.2198,1.0,10.0
cell_15_15,2026-06,0,3,0.0,False,True,0,4,0.0,0,3,0.0,False,viirs_avg_rad_mean,positive,2.9522,1.0,10.08
cell_15_16,2026-06,0,3,0.0,False,True,0,4,0.0,0,3,0.0,False,ndbi_mean,positive,2.4651,1.0,10.45
cell_15_17,2026-06,0,3,0.0,False,True,0,4,0.0,0,3,0.0,False,viirs_avg_rad_mean,positive,2.5992,1.0,10.42
cell_15_18,2026-06,0,3,0.0,False,True,0,4,0.0,0,3,0.0,False,viirs_avg_rad_mean,positive,2.4975,1.0,9.63
cell_15_19,2026-06,0,3,0.0,False,True,0,4,0.0,0,3,0.0,False,ndbi_mean,positive,1.859,1.0,9.32
cell_16_00,2026-06,0,3,0.0,False,True,0,4,0.0,1,3,0.3333,False,ndbi_mean,positive,2.567,1.0,10.0
cell_16_01,2026-06,0,3,0.0,True,True,1,4,0.25,1,3,0.3333,False,viirs_avg_rad_mean,positive,18.1044,1.0,10.0
cell_16_02,2026-06,0,3,0.0,True,True,1,4,0.25,1,3,0.3333,False,viirs_avg_rad_mean,positive,3.4217,1.0,10.0
cell_16_03,2026-06,0,3,0.0,False,True,0,4,0.0,1,3,0.3333,False,viirs_avg_rad_mean,positive,1.5024,1.0,10.64
cell_16_04,2026-06,1,3,0.3333,False,True,1,4,0.25,1,3,0.3333,False,ndwi_mean,positive,37.5149,1.0,11.0
cell_16_05,2026-06,1,3,0.3333,True,True,2,4,0.5,1,3,0.3333,True,ndvi_mean,negative,18.1756,1.0,9.59
cell_16_06,2026-06,3,3,1.0,False,True,3,4,0.75,1,3,0.3333,True,ndbi_mean,positive,6.9192,1.0,9.02
cell_16_07,2026-06,0,3,0.0,False,True,0,4,0.0,1,3,0.3333,False,ndvi_mean,negative,1.9561,1.0,9.85
cell_16_08,2026-06,0,3,0.0,True,True,1,4,0.25,1,3,0.3333,False,viirs_avg_rad_mean,negative,4.5643,1.0,10.0
cell_16_09,2026-06,1,3,0.3333,True,True,2,4,0.5,1,3,0.3333,True,viirs_avg_rad_mean,negative,3.692,1.0,10.0
cell_16_10,2026-06,0,3,0.0,False,True,0,4,0.0,0,3,0.0,False,ndbi_mean,negative,0.3578,1.0,10.05
cell_16_11,2026-06,0,3,0.0,True,True,1,4,0.25,0,3,0.0,False,viirs_avg_rad_mean,positive,6.9871,1.0,10.98
cell_16_12,2026-06,1,3,0.3333,True,True,2,4,0.5,0,3,0.0,True,ndwi_mean,positive,127.917,1.0,10.69
cell_16_13,2026-06,1,3,0.3333,False,True,1,4,0.25,0,3,0.0,False,ndbi_mean,positive,3.1036,1.0,10.2
cell_16_14,2026-06,0,3,0.0,False,True,0,4,0.0,0,3,0.0,False,viirs_avg_rad_mean,positive,1.3439,1.0,10.06
cell_16_15,2026-06,0,3,0.0,True,True,1,4,0.25,0,3,0.0,False,viirs_avg_rad_mean,positive,11.3733,1.0,10.49
cell_16_16,2026-06,2,3,0.6667,False,True,2,4,0.5,0,3,0.0,True,ndvi_mean,negative,5.8134,1.0,10.72
cell_16_17,2026-06,0,3,0.0,False,True,0,4,0.0,0,3,0.0,False,viirs_avg_rad_mean,positive,1.2707,1.0,10.31
cell_16_18,2026-06,0,3,0.0,False,True,0,4,0.0,0,3,0.0,False,viirs_avg_rad_mean,positive,1.2943,1.0,10.33
cell_16_19,2026-06,2,3,0.6667,True,True,3,4,0.75,0,3,0.0,True,ndvi_mean,negative,4.2558,1.0,10.37
cell_17_00,2026-06,0,3,0.0,True,True,1,4,0.25,1,3,0.3333,False,viirs_avg_rad_mean,positive,3.2539,1.0,9.0
cell_17_01,2026-06,0,3,0.0,True,True,1,4,0.25,1,3,0.3333,False,viirs_avg_rad_mean,positive,4.0096,1.0,9.52
cell_17_02,2026-06,0,3,0.0,True,True,1,4,0.25,1,3,0.3333,False,viirs_avg_rad_mean,positive,7.2169,1.0,10.0
cell_17_03,2026-06,2,3,0.6667,False,True,2,4,0.5,1,3,0.3333,True,ndvi_mean,positive,12.128,1.0,10.66
cell_17_04,2026-06,1,3,0.3333,True,True,2,4,0.5,1,3,0.3333,True,viirs_avg_rad_mean,negative,19.4864,1.0,11.0
cell_17_05,2026-06,2,3,0.6667,False,True,2,4,0.5,1,3,0.3333,True,ndbi_mean,positive,10.1515,1.0,10.27
cell_17_06,2026-06,1,3,0.3333,True,True,2,4,0.5,1,3,0.3333,True,ndbi_mean,positive,16.3075,1.0,9.32
cell_17_07,2026-06,1,3,0.3333,False,True,1,4,0.25,1,3,0.3333,False,ndbi_mean,positive,6.8696,1.0,9.85
cell_17_08,2026-06,1,3,0.3333,False,True,1,4,0.25,1,3,0.3333,False,ndvi_mean,negative,5.0711,1.0,10.0
cell_17_09,2026-06,0,3,0.0,False,True,0,4,0.0,1,3,0.3333,False,ndbi_mean,positive,2.4161,1.0,10.0
cell_17_10,2026-06,0,3,0.0,False,True,0,4,0.0,0,3,0.0,False,ndbi_mean,positive,0.4119,1.0,10.03
cell_17_11,2026-06,3,3,1.0,False,True,3,4,0.75,0,3,0.0,True,ndwi_mean,positive,5.5155,1.0,10.69
cell_17_12,2026-06,3,3,1.0,False,True,3,4,0.75,0,3,0.0,True,ndwi_mean,positive,6.6457,1.0,10.11
cell_17_13,2026-06,1,3,0.3333,True,True,2,4,0.5,0,3,0.0,True,ndwi_mean,positive,3.9325,1.0,10.56
cell_17_14,2026-06,2,3,0.6667,True,True,3,4,0.75,0,3,0.0,True,ndwi_mean,positive,6.7419,1.0,10.06
cell_17_15,2026-06,0,3,0.0,False,True,0,4,0.0,0,3,0.0,False,viirs_avg_rad_mean,positive,2.1989,1.0,11.0
cell_17_16,2026-06,1,3,0.3333,False,True,1,4,0.25,0,3,0.0,False,ndvi_mean,negative,4.0556,1.0,11.0
cell_17_17,2026-06,1,3,0.3333,False,True,1,4,0.25,0,3,0.0,False,ndvi_mean,negative,8.4305,1.0,10.86
cell_17_18,2026-06,2,3,0.6667,False,True,2,4,0.5,0,3,0.0,True,ndvi_mean,negative,85.4012,1.0,10.79
cell_17_19,2026-06,2,3,0.6667,False,True,2,4,0.5,0,3,0.0,True,ndvi_mean,negative,16.8594,1.0,11.0
cell_18_00,2026-06,2,3,0.6667,True,True,3,4,0.75,1,3,0.3333,True,viirs_avg_rad_mean,positive,8.7285,1.0,9.0
cell_18_01,2026-06,0,3,0.0,True,True,1,4,0.25,1,3,0.3333,False,viirs_avg_rad_mean,positive,3.2441,1.0,9.5
cell_18_02,2026-06,0,3,0.0,False,True,0,4,0.0,1,3,0.3333,False,viirs_avg_rad_mean,positive,1.8831,1.0,10.55
cell_18_03,2026-06,0,3,0.0,False,True,0,4,0.0,1,3,0.3333,False,ndbi_mean,positive,0.9303,1.0,10.93
cell_18_04,2026-06,0,3,0.0,False,True,0,4,0.0,1,3,0.3333,False,viirs_avg_rad_mean,negative,2.1314,1.0,10.87
cell_18_05,2026-06,2,3,0.6667,True,True,3,4,0.75,1,3,0.3333,True,viirs_avg_rad_mean,negative,795.0349,1.0,10.25
cell_18_06,2026-06,3,3,1.0,True,True,4,4,1.0,1,3,0.3333,True,ndwi_mean,negative,12.0255,1.0,10.0
cell_18_07,2026-06,0,3,0.0,True,True,1,4,0.25,1,3,0.3333,False,viirs_avg_rad_mean,negative,8.2336,1.0,10.0
cell_18_08,2026-06,0,3,0.0,False,True,0,4,0.0,1,3,0.3333,False,viirs_avg_rad_mean,negative,2.0153,1.0,10.0
cell_18_09,2026-06,0,3,0.0,True,True,1,4,0.25,1,3,0.3333,False,viirs_avg_rad_mean,positive,4.8391,1.0,10.0
cell_18_10,2026-06,2,3,0.6667,True,True,3,4,0.75,0,3,0.0,True,viirs_avg_rad_mean,positive,196.5991,1.0,10.0
cell_18_11,2026-06,0,3,0.0,True,True,1,4,0.25,0,3,0.0,False,viirs_avg_rad_mean,positive,146.4761,1.0,9.76
cell_18_12,2026-06,2,3,0.6667,False,True,2,4,0.5,0,3,0.0,True,ndwi_mean,positive,29.0344,1.0,10.0
cell_18_13,2026-06,2,3,0.6667,True,True,3,4,0.75,0,3,0.0,True,viirs_avg_rad_mean,positive,179.7938,1.0,9.88
cell_18_14,2026-06,2,3,0.6667,True,True,3,4,0.75,0,3,0.0,True,ndvi_mean,negative,19.3145,1.0,9.71
cell_18_15,2026-06,0,3,0.0,False,True,0,4,0.0,0,3,0.0,False,viirs_avg_rad_mean,positive,1.9692,1.0,11.0
cell_18_16,2026-06,0,3,0.0,False,True,0,4,0.0,0,3,0.0,False,viirs_avg_rad_mean,positive,0.6458,1.0,11.0
cell_18_17,2026-06,1,3,0.3333,False,True,1,4,0.25,0,3,0.0,False,ndvi_mean,negative,3.8441,1.0,10.76
cell_18_18,2026-06,2,3,0.6667,False,True,2,4,0.5,0,3,0.0,True,ndwi_mean,positive,12.059,1.0,10.65
cell_18_19,2026-06,0,3,0.0,True,True,1,4,0.25,0,3,0.0,False,viirs_avg_rad_mean,positive,3.9175,1.0,11.0
cell_19_00,2026-06,1,3,0.3333,True,True,2,4,0.5,1,3,0.3333,True,ndbi_mean,positive,8.0873,1.0,9.0
cell_19_01,2026-06,1,3,0.3333,True,True,2,4,0.5,1,3,0.3333,True,ndwi_mean,positive,4.1445,1.0,9.48
cell_19_02,2026-06,2,3,0.6667,True,True,3,4,0.75,1,3,0.3333,True,viirs_avg_rad_mean,positive,192.6923,1.0,10.47
cell_19_03,2026-06,0,3,0.0,False,True,0,4,0.0,1,3,0.3333,False,viirs_avg_rad_mean,negative,0.9684,1.0,10.36
cell_19_04,2026-06,0,3,0.0,False,True,0,4,0.0,1,3,0.3333,False,ndvi_mean,positive,1.7353,1.0,10.08
cell_19_05,2026-06,2,3,0.6667,False,True,2,4,0.5,1,3,0.3333,True,ndvi_mean,positive,18.7206,1.0,10.18
cell_19_06,2026-06,1,3,0.3333,False,True,1,4,0.25,1,3,0.3333,False,ndbi_mean,positive,4.5449,1.0,10.06
cell_19_07,2026-06,2,3,0.6667,False,True,2,4,0.5,1,3,0.3333,True,ndwi_mean,positive,8.9264,1.0,10.0
cell_19_08,2026-06,0,3,0.0,False,True,0,4,0.0,1,3,0.3333,False,viirs_avg_rad_mean,negative,0.9886,1.0,10.0
cell_19_09,2026-06,0,3,0.0,False,True,0,4,0.0,1,3,0.3333,False,ndvi_mean,positive,2.1844,1.0,9.78
cell_19_10,2026-06,2,3,0.6667,True,True,3,4,0.75,0,3,0.0,True,viirs_avg_rad_mean,positive,35.508,1.0,9.75
cell_19_11,2026-06,1,3,0.3333,False,True,1,4,0.25,0,3,0.0,False,ndvi_mean,negative,4.4022,1.0,9.34
cell_19_12,2026-06,0,3,0.0,True,True,1,4,0.25,0,3,0.0,False,viirs_avg_rad_mean,positive,12.3663,1.0,10.33
cell_19_13,2026-06,0,3,0.0,True,True,1,4,0.25,0,3,0.0,False,viirs_avg_rad_mean,positive,9.9437,1.0,10.35
cell_19_14,2026-06,1,3,0.3333,True,True,2,4,0.5,0,3,0.0,True,viirs_avg_rad_mean,positive,103.6468,1.0,10.51
cell_19_15,2026-06,2,3,0.6667,True,True,3,4,0.75,0,3,0.0,True,ndvi_mean,negative,5.5385,1.0,11.0
cell_19_16,2026-06,1,3,0.3333,False,True,1,4,0.25,0,3,0.0,False,ndbi_mean,positive,3.5727,1.0,11.0
cell_19_17,2026-06,0,3,0.0,False,True,0,4,0.0,0,3,0.0,False,ndbi_mean,positive,0.9486,1.0,11.0
cell_19_18,2026-06,2,3,0.6667,False,True,2,4,0.5,0,3,0.0,True,ndvi_mean,negative,5.8785,1.0,10.82
cell_19_19,2026-06,0,3,0.0,False,True,0,4,0.0,0,3,0.0,False,ndwi_mean,positive,2.1547,1.0,10.53
cell_20_00,2026-06,0,3,0.0,False,True,0,4,0.0,1,3,0.3333,False,viirs_avg_rad_mean,positive,2.3149,1.0,9.0
cell_20_01,2026-06,0,3,0.0,False,True,0,4,0.0,1,3,0.3333,False,viirs_avg_rad_mean,positive,1.3415,1.0,9.41
cell_20_02,2026-06,0,3,0.0,False,True,0,4,0.0,1,3,0.3333,False,viirs_avg_rad_mean,positive,1.7933,1.0,9.88
cell_20_03,2026-06,0,3,0.0,True,True,1,4,0.25,1,3,0.3333,False,viirs_avg_rad_mean,negative,4.188,1.0,9.82
cell_20_04,2026-06,1,3,0.3333,False,True,1,4,0.25,1,3,0.3333,False,ndvi_mean,negative,3.0579,1.0,10.4
cell_20_05,2026-06,0,3,0.0,True,True,1,4,0.25,1,3,0.3333,False,viirs_avg_rad_mean,negative,21.524,1.0,10.76
cell_20_06,2026-06,1,3,0.3333,False,True,1,4,0.25,1,3,0.3333,False,ndvi_mean,negative,5.374,1.0,10.03
cell_20_07,2026-06,0,3,0.0,False,True,0,4,0.0,1,3,0.3333,False,ndwi_mean,positive,1.0958,0.9984,9.75
cell_20_08,2026-06,0,3,0.0,False,True,0,4,0.0,1,3,0.3333,False,ndbi_mean,positive,1.7376,1.0,9.75
cell_20_09,2026-06,1,3,0.3333,False,True,1,4,0.25,1,3,0.3333,False,ndbi_mean,positive,3.9557,1.0,9.09
cell_20_10,2026-06,1,3,0.3333,True,True,2,4,0.5,0,3,0.0,True,ndbi_mean,positive,30.4178,1.0,9.31
cell_20_11,2026-06,1,3,0.3333,True,True,2,4,0.5,0,3,0.0,True,viirs_avg_rad_mean,positive,12.364,1.0,10.35
cell_20_12,2026-06,2,3,0.6667,False,True,2,4,0.5,0,3,0.0,True,ndwi_mean,positive,16.4904,1.0,11.0
cell_20_13,2026-06,0,3,0.0,True,True,1,4,0.25,0,3,0.0,False,viirs_avg_rad_mean,positive,4.8564,1.0,11.0
cell_20_14,2026-06,0,3,0.0,False,True,0,4,0.0,0,3,0.0,False,viirs_avg_rad_mean,positive,2.3003,1.0,11.0
cell_20_15,2026-06,1,3,0.3333,False,True,1,4,0.25,0,3,0.0,False,ndwi_mean,positive,4.0078,1.0,10.89
cell_20_16,2026-06,0,3,0.0,False,True,0,4,0.0,0,3,0.0,False,viirs_avg_rad_mean,positive,0.946,1.0,10.55
cell_20_17,2026-06,1,3,0.3333,False,True,1,4,0.25,0,3,0.0,False,ndvi_mean,negative,3.7431,1.0,10.54
cell_20_18,2026-06,2,3,0.6667,False,True,2,4,0.5,0,3,0.0,True,ndwi_mean,positive,14.5592,1.0,10.3
cell_20_19,2026-06,0,3,0.0,False,True,0,4,0.0,0,3,0.0,False,ndvi_mean,negative,1.8115,1.0,10.0
cell_21_00,2026-06,0,3,0.0,False,True,0,4,0.0,1,3,0.3333,False,ndbi_mean,positive,1.1064,1.0,9.0
cell_21_01,2026-06,0,3,0.0,False,True,0,4,0.0,1,3,0.3333,False,ndbi_mean,positive,1.6027,1.0,9.0
cell_21_02,2026-06,0,3,0.0,True,True,1,4,0.25,1,3,0.3333,False,viirs_avg_rad_mean,negative,3.9938,1.0,8.89
cell_21_03,2026-06,1,3,0.3333,False,True,1,4,0.25,1,3,0.3333,False,ndvi_mean,negative,4.9698,1.0,8.89
cell_21_04,2026-06,0,3,0.0,True,True,1,4,0.25,1,3,0.3333,False,viirs_avg_rad_mean,negative,5.5447,1.0,9.45
cell_21_05,2026-06,0,3,0.0,True,True,1,4,0.25,1,3,0.3333,False,viirs_avg_rad_mean,negative,5.425,1.0,9.75
cell_21_06,2026-06,0,3,0.0,True,True,1,4,0.25,1,3,0.3333,False,viirs_avg_rad_mean,negative,9.2479,1.0,9.22
cell_21_07,2026-06,1,3,0.3333,True,True,2,4,0.5,1,3,0.3333,True,viirs_avg_rad_mean,positive,6.9395,1.0,9.0
cell_21_08,2026-06,0,3,0.0,False,True,0,4,0.0,1,3,0.3333,False,viirs_avg_rad_mean,positive,1.8878,1.0,9.0
cell_21_09,2026-06,0,3,0.0,False,True,0,4,0.0,1,3,0.3333,False,viirs_avg_rad_mean,positive,2.562,1.0,9.0
cell_21_10,2026-06,1,3,0.3333,True,True,2,4,0.5,0,3,0.0,True,ndbi_mean,positive,30.0553,1.0,9.91
cell_21_11,2026-06,2,3,0.6667,False,True,2,4,0.5,0,3,0.0,True,ndvi_mean,negative,4.4855,1.0,10.96
cell_21_12,2026-06,0,3,0.0,False,True,0,4,0.0,0,3,0.0,False,viirs_avg_rad_mean,positive,1.5031,1.0,11.0
cell_21_13,2026-06,0,3,0.0,True,True,1,4,0.25,0,3,0.0,False,viirs_avg_rad_mean,positive,8.7557,1.0,11.05
cell_21_14,2026-06,0,3,0.0,True,True,1,4,0.25,0,3,0.0,False,viirs_avg_rad_mean,positive,7.7931,1.0,11.44
cell_21_15,2026-06,2,3,0.6667,False,True,2,4,0.5,0,3,0.0,True,ndwi_mean,positive,20.9246,1.0,11.15
cell_21_16,2026-06,0,3,0.0,False,True,0,4,0.0,0,3,0.0,False,ndwi_mean,positive,0.6684,1.0,10.0
cell_21_17,2026-06,2,3,0.6667,False,True,2,4,0.5,0,3,0.0,True,ndwi_mean,negative,8.7658,1.0,10.0
cell_21_18,2026-06,2,3,0.6667,False,True,2,4,0.5,0,3,0.0,True,ndvi_mean,negative,33.8923,1.0,10.0
cell_21_19,2026-06,0,3,0.0,False,True,0,4,0.0,0,3,0.0,False,ndwi_mean,positive,0.833,1.0,10.0
cell_22_00,2026-06,1,3,0.3333,True,True,2,4,0.5,1,3,0.3333,True,viirs_avg_rad_mean,positive,128.9135,1.0,9.0
cell_22_01,2026-06,1,3,0.3333,False,True,1,4,0.25,1,3,0.3333,False,ndwi_mean,negative,117.8462,1.0,8.9
cell_22_02,2026-06,1,3,0.3333,False,True,1,4,0.25,1,3,0.3333,False,ndbi_mean,positive,3.3855,1.0,8.39
cell_22_03,2026-06,0,3,0.0,True,True,1,4,0.25,1,3,0.3333,False,viirs_avg_rad_mean,negative,3.4372,1.0,8.4
cell_22_04,2026-06,1,3,0.3333,True,True,2,4,0.5,1,3,0.3333,True,ndwi_mean,positive,5.0796,1.0,8.75
cell_22_05,2026-06,2,3,0.6667,False,True,2,4,0.5,1,3,0.3333,True,ndwi_mean,negative,34.3552,1.0,8.73
cell_22_06,2026-06,2,3,0.6667,False,True,2,4,0.5,1,3,0.3333,True,ndvi_mean,positive,4.891,1.0,8.67
cell_22_07,2026-06,1,3,0.3333,False,True,1,4,0.25,1,3,0.3333,False,ndbi_mean,positive,4.2117,1.0,8.66
cell_22_08,2026-06,1,3,0.3333,True,True,2,4,0.5,1,3,0.3333,True,ndbi_mean,positive,6.462,1.0,8.63
cell_22_09,2026-06,0,3,0.0,True,True,1,4,0.25,1,3,0.3333,False,viirs_avg_rad_mean,positive,10.7011,1.0,8.94
cell_22_10,2026-06,1,3,0.3333,False,True,1,4,0.25,0,3,0.0,False,ndbi_mean,positive,3.4781,1.0,9.56
cell_22_11,2026-06,1,3,0.3333,False,True,1,4,0.25,0,3,0.0,False,ndvi_mean,negative,4.7014,1.0,10.92
cell_22_12,2026-06,0,3,0.0,False,True,0,4,0.0,0,3,0.0,False,ndbi_mean,positive,1.1955,1.0,11.0
cell_22_13,2026-06,1,3,0.3333,False,True,1,4,0.25,0,3,0.0,False,ndbi_mean,positive,18.9032,1.0,11.09
cell_22_14,2026-06,0,3,0.0,True,True,1,4,0.25,0,3,0.0,False,viirs_avg_rad_mean,positive,4.3878,1.0,11.93
cell_22_15,2026-06,0,3,0.0,False,True,0,4,0.0,0,3,0.0,False,viirs_avg_rad_mean,positive,1.8022,1.0,11.2
cell_22_16,2026-06,2,3,0.6667,False,True,2,4,0.5,0,3,0.0,True,ndvi_mean,negative,6.2684,1.0,10.0
cell_22_17,2026-06,0,3,0.0,False,True,0,4,0.0,0,3,0.0,False,ndbi_mean,positive,1.9695,1.0,10.0
cell_22_18,2026-06,0,3,0.0,False,True,0,4,0.0,0,3,0.0,False,ndbi_mean,positive,2.741,1.0,10.0
cell_22_19,2026-06,2,3,0.6667,False,True,2,4,0.5,0,3,0.0,True,ndwi_mean,positive,7.7624,1.0,10.0
